[18:33:22.403] [20304] [I] SkyrimNet_SexLab v0-0-1-0
[18:33:22.403] [20304] [I] [`anonymous-namespace'::SKSEPlugin_Load] SkyrimNet_SexLab: Trying to load WebUI plugin...
[18:33:22.403] [20304] [I] [`anonymous-namespace'::SKSEPlugin_Load] WebUI Papyrus functions registered
[18:33:48.004] [23376] [I] [PapyrusBindings_WebUI::Register_WebUI_Functions] Successfully registered Papyrus functions for SkyrimNet_SexLab_WebUI
[18:34:20.545] [9000 ] [I] [] PrismaUI API acquired successfully.
[18:34:20.545] [9000 ] [I] [ActionCatalog::Load] ActionCatalog loading from C:\Games\Modlists\NEFARAM\Game Root\data\SKSE\Plugins\SkyrimNet_SexLab\webui
[18:34:20.552] [9000 ] [I] [ActionCatalog::Load] ActionCatalog loaded 34 actions
[18:34:20.553] [9000 ] [I] [KeyHandler::RegisterSink] KeyHandler sink registered.
[18:34:35.197] [20304] [I] [WebUI_SetGameReady] Game ready — WebUI input enabled.
[18:34:35.876] [11964] [I] [skyrimnet_sexlab_main.Setup] 
[18:34:35.877] [16432] [I] [SkyrimNet_SexLab_Handler_UDNG_PlayerRef.OnPlayerLoadGame] Initializing UDNG handler for player reference
[18:34:35.984] [20304] [I] [SkyrimNet_SexLab_Handler_UDNG.Setup] SkyrimNetUDNG.esp found registering for SkyrimNet_SexLab_UDNG_MenuOpen
[18:34:36.239] [20304] [I] [skyrimnet_sexlab_mcm.Setup] complete
[18:34:36.239] [20304] [I] [SkyrimNet_SexLab_Scene_Manager.Setup] 
[18:34:36.239] [20304] [I] [SkyrimNet_SexLab_Scene_Manager.RebuildScenePool] rebuilding sl_scenes from GetFormFromFile
[18:34:36.239] [20304] [I] [SkyrimNet_SexLab_Scene_Manager.RebuildScenePool] rebuilding sl_scene_generic from GetFormFromFile
[18:34:36.239] [20304] [I] [SkyrimNet_SexLab_Scene_Manager.Initialize] empty == cancel: False
[18:34:36.239] [20304] [I] [SkyrimNet_SexLab_Scene.Initialize] sid:-1 --- enter sid:-1 is_generic:TRUE
[18:34:36.239] [20304] [I] [SkyrimNet_SexLab_Scene.EnsureActorArraysLargeEnough] sid:-1 --- enter size:2
[18:34:36.239] [20304] [I] [SkyrimNet_SexLab_Scene.EnsureActorArraysLargeEnough] sid:-1 --- return Void
[18:34:36.257] [20304] [I] [SkyrimNet_SexLab_Scene.Initialize] sid:-1 --- end
[18:34:36.257] [20304] [I] [SkyrimNet_SexLab_Scene.Initialize] sid:9 --- enter sid:9 is_generic:False
[18:34:36.257] [20304] [I] [SkyrimNet_SexLab_Scene.EnsureActorArraysLargeEnough] sid:9 --- enter size:2
[18:34:36.257] [20304] [I] [SkyrimNet_SexLab_Scene.EnsureActorArraysLargeEnough] sid:9 --- return Void
[18:34:36.288] [20304] [I] [SkyrimNet_SexLab_Scene.Initialize] sid:9 --- end
[18:34:36.288] [20304] [I] [SkyrimNet_SexLab_Scene.Initialize] sid:8 --- enter sid:8 is_generic:False
[18:34:36.288] [20304] [I] [SkyrimNet_SexLab_Scene.EnsureActorArraysLargeEnough] sid:8 --- enter size:2
[18:34:36.289] [20304] [I] [SkyrimNet_SexLab_Scene.EnsureActorArraysLargeEnough] sid:8 --- return Void
[18:34:36.309] [20304] [I] [SkyrimNet_SexLab_Scene.Initialize] sid:8 --- end
[18:34:36.309] [20304] [I] [SkyrimNet_SexLab_Scene.Initialize] sid:7 --- enter sid:7 is_generic:False
[18:34:36.309] [20304] [I] [SkyrimNet_SexLab_Scene.EnsureActorArraysLargeEnough] sid:7 --- enter size:2
[18:34:36.309] [20304] [I] [SkyrimNet_SexLab_Scene.EnsureActorArraysLargeEnough] sid:7 --- return Void
[18:34:36.339] [20304] [I] [SkyrimNet_SexLab_Scene.Initialize] sid:7 --- end
[18:34:36.339] [20304] [I] [SkyrimNet_SexLab_Scene.Initialize] sid:6 --- enter sid:6 is_generic:False
[18:34:36.339] [20304] [I] [SkyrimNet_SexLab_Scene.EnsureActorArraysLargeEnough] sid:6 --- enter size:2
[18:34:36.339] [20304] [I] [SkyrimNet_SexLab_Scene.EnsureActorArraysLargeEnough] sid:6 --- return Void
[18:34:36.755] [20304] [I] [SkyrimNet_SexLab_Scene.Initialize] sid:6 --- end
[18:34:36.755] [20304] [I] [SkyrimNet_SexLab_Scene.Initialize] sid:5 --- enter sid:5 is_generic:False
[18:34:36.755] [20304] [I] [SkyrimNet_SexLab_Scene.EnsureActorArraysLargeEnough] sid:5 --- enter size:2
[18:34:36.755] [20304] [I] [SkyrimNet_SexLab_Scene.EnsureActorArraysLargeEnough] sid:5 --- return Void
[18:34:37.038] [20304] [I] [SkyrimNet_SexLab_Scene.Initialize] sid:5 --- end
[18:34:37.038] [20304] [I] [SkyrimNet_SexLab_Scene.Initialize] sid:4 --- enter sid:4 is_generic:False
[18:34:37.038] [20304] [I] [SkyrimNet_SexLab_Scene.EnsureActorArraysLargeEnough] sid:4 --- enter size:2
[18:34:37.038] [20304] [I] [SkyrimNet_SexLab_Scene.EnsureActorArraysLargeEnough] sid:4 --- return Void
[18:34:37.056] [20304] [I] [SkyrimNet_SexLab_Scene.Initialize] sid:4 --- end
[18:34:37.056] [20304] [I] [SkyrimNet_SexLab_Scene.Initialize] sid:3 --- enter sid:3 is_generic:False
[18:34:37.056] [20304] [I] [SkyrimNet_SexLab_Scene.EnsureActorArraysLargeEnough] sid:3 --- enter size:2
[18:34:37.056] [20304] [I] [SkyrimNet_SexLab_Scene.EnsureActorArraysLargeEnough] sid:3 --- return Void
[18:34:37.088] [20304] [I] [SkyrimNet_SexLab_Scene.Initialize] sid:3 --- end
[18:34:37.088] [20304] [I] [SkyrimNet_SexLab_Scene.Initialize] sid:2 --- enter sid:2 is_generic:False
[18:34:37.088] [20304] [I] [SkyrimNet_SexLab_Scene.EnsureActorArraysLargeEnough] sid:2 --- enter size:2
[18:34:37.088] [20304] [I] [SkyrimNet_SexLab_Scene.EnsureActorArraysLargeEnough] sid:2 --- return Void
[18:34:37.122] [20304] [I] [SkyrimNet_SexLab_Scene.Initialize] sid:2 --- end
[18:34:37.122] [20304] [I] [SkyrimNet_SexLab_Scene.Initialize] sid:1 --- enter sid:1 is_generic:False
[18:34:37.122] [20304] [I] [SkyrimNet_SexLab_Scene.EnsureActorArraysLargeEnough] sid:1 --- enter size:2
[18:34:37.122] [20304] [I] [SkyrimNet_SexLab_Scene.EnsureActorArraysLargeEnough] sid:1 --- return Void
[18:34:37.140] [20304] [I] [SkyrimNet_SexLab_Scene.Initialize] sid:1 --- end
[18:34:37.140] [20304] [I] [SkyrimNet_SexLab_Scene.Initialize] sid:0 --- enter sid:0 is_generic:False
[18:34:37.140] [20304] [I] [SkyrimNet_SexLab_Scene.EnsureActorArraysLargeEnough] sid:0 --- enter size:2
[18:34:37.140] [20304] [I] [SkyrimNet_SexLab_Scene.EnsureActorArraysLargeEnough] sid:0 --- return Void
[18:34:37.155] [20304] [I] [SkyrimNet_SexLab_Scene.Initialize] sid:0 --- end
[18:34:37.158] [20304] [I] [SkyrimNet_SexLab_Scene_Manager.RegisterEventsActions] 
[18:34:37.188] [20304] [I] [SkyrimNet_SexLab_Scene_Manager.RegisterSexlabEvents] 
[18:34:37.274] [20304] [I] [skyrimnet_sexlab_handler_dom.Setup] success
[18:35:07.724] [12528] [I] [InitWebUI::<lambda_1>::] Escape key pressed.
[18:35:17.074] [20304] [I] [skyrimnet_sexlab_mcm.SexEditKeySet] keyCode: 13 conflictControl:  conflictName: 
[18:35:21.168] [20304] [I] [skyrimnet_sexlab_mcm.PublicSexAcceptedToggle] sexlab_public: 1.000000
[18:35:25.399] [20304] [I] [InitWebUI::<lambda_1>::] Escape key pressed.
[18:35:32.085] [20304] [I] [skyrimnet_sexlab_mcm.SexEditKeySet] keyCode: 184 conflictControl:  conflictName: 
[18:35:32.870] [20304] [I] [InitWebUI::<lambda_1>::] Escape key pressed.
[18:35:33.152] [20304] [I] [InitWebUI::<lambda_1>::] Escape key pressed.
[18:35:33.409] [20304] [I] [InitWebUI::<lambda_1>::] Escape key pressed.
[18:35:34.058] [20304] [I] [InitWebUI::<lambda_1>::] Escape key pressed.
[18:35:35.612] [16432] [I] [skyrimnet_sexlab_mcm.OnKeyDown] key_code: 184
[18:35:35.612] [16432] [I] [skyrimnet_sexlab_menu.ProcessHotkey] target_not_none: TRUE
[18:35:35.612] [16432] [I] [skyrimnet_sexlab_actions.BodyAnimation_Tag] Orgnar is eligible for sex
[18:35:36.931] [16432] [I] [skyrimnet_sexlab_menu.Target_Menu_Selection] button:sex
[18:35:36.931] [16432] [I] [skyrimnet_sexlab_actions.StartScene_Consensual_Two] intent:sexual activities speaker:Sofia + Orgnar style:  direction:  intent: sexual activities method: setting_name:
[18:35:36.932] [16432] [I] [skyrimnet_sexlab_actions.StartScene_Event] event_name:SkyrimNet_SexLab_Action_Start intent:sexual activities speaker:Sofia target:Orgnar victim:None style: speaker_position:0 method: event_hook: setting_name: participate_3_name:None
[18:35:36.940] [12528] [I] [SkyrimNet_SexLab_Scene_Manager.Action_Start] intent:sexual activities
[18:35:36.940] [12528] [I] [SkyrimNet_SexLab_Scene_Manager.Action_Start] intent:sexual activities speaker:Sofia target:Orgnar victim:None style: method: speaker_position:0 event_hook: setting_name: participate_3:None
[18:35:36.940] [12528] [I] [SkyrimNet_SexLab_Scene_Manager.CreateCreator] intent: sexual activities actors: ["Sofia", "Orgnar"] speaker: Sofia target: Orgnar method:  setting_name: 
[18:35:36.941] [12528] [I] [SkyrimNet_SexLab_Scene_Creator.LoadSetting] sid:0 loading default
[18:35:36.941] [12528] [I] [SkyrimNet_SexLab_Scene_Creator.LoadSetting] sid:0 defaults: no_strip:0 no_orgasm:0 speaking_modifier:_pleasure_
[18:35:36.941] [12528] [I] [SkyrimNet_SexLab_Scene_Creator.Setup] sid:0 intent: sexual activities actors: [Sofia and Orgnar] victims: [] assailants: [Sofia and Orgnar] no_orgasm: [] no_stripping: [] tags: suppress_tags: style:normally event_hook: speaking_modifiers: ["_pleasure_", "_pleasure_"]
[18:35:36.941] [12528] [I] [SkyrimNet_SexLab_Scene_Creator.LockActorLock] sid:0 Sofia is eligible for sex
[18:35:36.941] [12528] [I] [SkyrimNet_SexLab_Scene_Creator.LockActorLock] sid:0 Orgnar is eligible for sex
[18:35:36.941] [12528] [I] [SkyrimNet_SexLab_Scene_Creator.StartScene] sid:0 manager.empty == manager.cancel: False
[18:35:36.943] [25776] [I] [SkyrimNet_SexLab_Scene_Creator.StartScene] sid:0 intent: sexual activities actors: [Sofia and Orgnar] victims: [] assailants: [Sofia and Orgnar] no_orgasm: [] no_stripping: [] tags: suppress_tags: style:normally event_hook: speaking_modifiers: ["_pleasure_", "_pleasure_"]
[18:35:36.957] [25776] [I] [SkyrimNet_SexLab_Scene_Creator.SelectAnimations] sid:0  Actors:Sofia and Orgnar
[18:35:36.957] [25776] [I] [SkyrimNet_SexLab_Scene_Creator.YesNoDialog] sid:0 intent:sexual activities num_victims:0
[18:35:40.544] [25776] [I] [SkyrimNet_SexLab_Scene_Creator.StartScene] sid:0 intent:sexual activities actors: [Sofia and Orgnar] victims: [] assailants: [Sofia and Orgnar] no_orgasm: [] no_stripping: [] tag: suppressed: style:normally event_hook:
[18:35:41.797] [17664] [I] [SkyrimNet_SexLab_Scene.GetThreadActive] sid:0 --- enter
[18:35:41.797] [17664] [I] [SkyrimNet_SexLab_Scene.GetThreadActive] sid:0 --- return False
[18:35:41.797] [17664] [I] [SkyrimNet_SexLab_Scene.SetThread] sid:0 --- enter tid:0
[18:35:41.797] [17664] [I] [SkyrimNet_SexLab_Scene.SetThread] sid:0 --- end
[18:35:41.797] [17664] [I] [SkyrimNet_SexLab_Scene.Setup] sid:0 --- enter creator present
[18:35:41.797] [17664] [I] [SkyrimNet_SexLab_Scene.Setup] sid:0 --- thread.positions count=2
[18:35:41.797] [17664] [I] [SkyrimNet_SexLab_Scene.EnsureActorArraysLargeEnough] sid:0 --- enter size:2
[18:35:41.797] [17664] [I] [SkyrimNet_SexLab_Scene.EnsureActorArraysLargeEnough] sid:0 --- return Void
[18:35:41.797] [17664] [I] [SkyrimNet_SexLab_Scene.ReconcileVictimFactions] sid:0 --- enter
[18:35:41.797] [17664] [I] [SkyrimNet_SexLab_Scene.ReconcileVictimFactions] sid:0 --- thread.IsVictim Sofia
[18:35:41.797] [17664] [I] [SkyrimNet_SexLab_Scene.ReconcileVictimFactions] sid:0 --- thread.IsVictim Orgnar
[18:35:41.797] [17664] [I] [SkyrimNet_SexLab_Scene.ReconcileVictimFactions] sid:0 --- end
[18:35:41.797] [17664] [I] [SkyrimNet_SexLab_Scene.Setup] sid:0 initiator:Sofia sender:Sofia receiver:Orgnar
[18:35:41.797] [17664] [I] [SkyrimNet_SexLab_Scene.SetPosition] sid:0 --- enter start index:0 akActor:Sofia no_orgasm:0 speaking_modifiers:_pleasure_
[18:35:41.797] [17664] [I] [SkyrimNet_SexLab_Scene.EnsureActorArraysLargeEnough] sid:0 --- enter size:1
[18:35:41.797] [17664] [I] [SkyrimNet_SexLab_Scene.EnsureActorArraysLargeEnough] sid:0 --- return Void
[18:35:41.797] [17664] [I] [SkyrimNet_SexLab_Scene.SetActor] sid:0 --- enter i:0 Sofia
[18:35:41.797] [17664] [I] [SkyrimNet_SexLab_Scene.GetUUID] sid:0 --- enter akActor:Sofia
[18:35:41.805] [12528] [I] [SkyrimNet_SexLab_Scene.GetUUID] sid:0 --- return 3944757940392895572
[18:35:41.805] [12528] [I] [SkyrimNet_SexLab_Scene.SetActor] sid:0 --- sexlab.GetGender Sofia
[18:35:41.805] [12528] [I] [SkyrimNet_SexLab_Scene.SetActor] sid:0 --- sexlab.GetGender returned 1
[18:35:41.805] [12528] [I] [SkyrimNet_SexLab_Scene.GetCreatureDescriptions] sid:0 --- enter akActor:Sofia
[18:35:41.805] [12528] [I] [SkyrimNet_SexLab_Scene.GetCreatureDescriptions] sid:0 --- return desc:
[18:35:41.805] [12528] [I] [SkyrimNet_SexLab_Scene.SetActor] sid:0 --- thread.IsVictim Sofia
[18:35:41.805] [12528] [I] [SkyrimNet_SexLab_Scene.SetActor] sid:0 --- thread.ActorAlias Sofia
[18:35:41.805] [12528] [I] [SkyrimNet_SexLab_Scene.SetActor] sid:0 --- return TRUE
[18:35:41.806] [12528] [I] [SkyrimNet_SexLab_Scene.SetPosition] sid:0 end index:0 name: Sofia no_orgasm: 0 speaking_modifiers: ["_pleasure_"]
[18:35:41.806] [12528] [I] [SkyrimNet_SexLab_Scene.SetPosition] sid:0 --- enter start index:1 akActor:Orgnar no_orgasm:0 speaking_modifiers:_pleasure_
[18:35:41.806] [12528] [I] [SkyrimNet_SexLab_Scene.EnsureActorArraysLargeEnough] sid:0 --- enter size:2
[18:35:41.806] [12528] [I] [SkyrimNet_SexLab_Scene.EnsureActorArraysLargeEnough] sid:0 --- return Void
[18:35:41.806] [12528] [I] [SkyrimNet_SexLab_Scene.SetActor] sid:0 --- enter i:1 Orgnar
[18:35:41.806] [12528] [I] [SkyrimNet_SexLab_Scene.GetUUID] sid:0 --- enter akActor:Orgnar
[18:35:41.809] [25776] [I] [SkyrimNet_SexLab_Scene.GetUUID] sid:0 --- return 6576269950174216257
[18:35:41.810] [25776] [I] [SkyrimNet_SexLab_Scene.SetActor] sid:0 --- sexlab.GetGender Orgnar
[18:35:41.814] [25776] [I] [SkyrimNet_SexLab_Scene.SetActor] sid:0 --- sexlab.GetGender returned 0
[18:35:41.831] [34276] [I] [SkyrimNet_SexLab_Scene.GetCreatureDescriptions] sid:0 --- enter akActor:Orgnar
[18:35:41.839] [11964] [I] [SkyrimNet_SexLab_Scene.GetCreatureDescriptions] sid:0 --- return desc:
[18:35:41.848] [11964] [I] [SkyrimNet_SexLab_Scene.SetActor] sid:0 --- thread.IsVictim Orgnar
[18:35:41.857] [34276] [I] [SkyrimNet_SexLab_Scene.SetActor] sid:0 --- thread.ActorAlias Orgnar
[18:35:41.857] [34276] [I] [SkyrimNet_SexLab_Scene.SetActor] sid:0 --- return TRUE
[18:35:41.857] [34276] [I] [SkyrimNet_SexLab_Scene.SetPosition] sid:0 end index:1 name: Orgnar no_orgasm: 0 speaking_modifiers: ["_pleasure_"]
[18:35:41.857] [34276] [I] [SkyrimNet_SexLab_Scene.SetNames] sid:0 --- enter
[18:35:41.857] [34276] [I] [SkyrimNet_SexLab_Scene.SetNames] sid:0 --- thread.positions
[18:35:41.865] [12528] [I] [SkyrimNet_SexLab_Scene.GetNames] sid:0 --- enter key_:_victim
[18:35:41.865] [12528] [I] [SkyrimNet_SexLab_Scene.GetNames] sid:0 --- return Names
[18:35:41.865] [12528] [I] [SkyrimNet_SexLab_Scene.GetNames] sid:0 --- enter key_:_assailant
[18:35:41.865] [12528] [I] [SkyrimNet_SexLab_Scene.GetNames] sid:0 --- return Names
[18:35:41.865] [12528] [I] [SkyrimNet_SexLab_Scene.GetNames] sid:0 --- enter key_:_is_hermaphrodiate
[18:35:41.865] [12528] [I] [SkyrimNet_SexLab_Scene.GetNames] sid:0 --- return Names
[18:35:41.865] [12528] [I] [SkyrimNet_SexLab_Scene.GetNames] sid:0 --- enter key_:_wearing_strapon
[18:35:41.865] [12528] [I] [SkyrimNet_SexLab_Scene.GetNames] sid:0 --- return Names
[18:35:41.865] [12528] [I] [SkyrimNet_SexLab_Scene.SetNames] sid:0 --- end
[18:35:41.865] [12528] [I] [SkyrimNet_SexLab_Scene.Setup] sid:0 --- end
[18:35:42.331] [16432] [I] [SkyrimNet_SexLab_Scene.GetThread] sid:0 --- enter
[18:35:42.331] [16432] [I] [SkyrimNet_SexLab_Scene.GetThread] sid:0 --- return Thread
[18:35:42.332] [16432] [I] [SkyrimNet_SexLab_Scene.AnimationStart] sid:0 --- enter
[18:35:42.332] [16432] [I] [SkyrimNet_SexLab_Scene.AlignActors] sid:0 --- enter
[18:35:42.332] [16432] [I] [SkyrimNet_SexLab_Scene.AlignActors] sid:0 --- thread.positions.length
[18:35:42.332] [16432] [I] [SkyrimNet_SexLab_Scene.EnsureActorArraysLargeEnough] sid:0 --- enter size:2
[18:35:42.332] [16432] [I] [SkyrimNet_SexLab_Scene.EnsureActorArraysLargeEnough] sid:0 --- return Void
[18:35:42.332] [16432] [I] [SkyrimNet_SexLab_Scene.UpdateActor] sid:0 --- enter i:0 akActor:Sofia
[18:35:42.332] [16432] [I] [SkyrimNet_SexLab_Scene.GetObjFromActor] sid:0 --- enter akActor:Sofia
[18:35:42.332] [16432] [I] [SkyrimNet_SexLab_Scene.GetObjFromActor] sid:0 --- return StorageUtil.GetIntValue(akActor, storage_obj_key, 0)
[18:35:42.332] [16432] [I] [SkyrimNet_SexLab_Scene.UpdateActor] sid:0 --- return Changed
[18:35:42.332] [16432] [I] [SkyrimNet_SexLab_Scene.UpdateActor] sid:0 --- enter i:1 akActor:Orgnar
[18:35:42.332] [16432] [I] [SkyrimNet_SexLab_Scene.GetObjFromActor] sid:0 --- enter akActor:Orgnar
[18:35:42.333] [16432] [I] [SkyrimNet_SexLab_Scene.GetObjFromActor] sid:0 --- return StorageUtil.GetIntValue(akActor, storage_obj_key, 0)
[18:35:42.333] [16432] [I] [SkyrimNet_SexLab_Scene.UpdateActor] sid:0 --- return Changed
[18:35:42.333] [16432] [I] [SkyrimNet_SexLab_Scene.ReconcileVictimFactions] sid:0 --- enter
[18:35:42.333] [16432] [I] [SkyrimNet_SexLab_Scene.ReconcileVictimFactions] sid:0 --- thread.IsVictim Sofia
[18:35:42.333] [16432] [I] [SkyrimNet_SexLab_Scene.ReconcileVictimFactions] sid:0 --- thread.IsVictim Orgnar
[18:35:42.333] [16432] [I] [SkyrimNet_SexLab_Scene.ReconcileVictimFactions] sid:0 --- end
[18:35:42.333] [16432] [I] [SkyrimNet_SexLab_Scene.AlignActors] sid:0 --- end
[18:35:42.333] [16432] [I] [SkyrimNet_SexLab_Scene.GetThread] sid:0 --- enter
[18:35:42.333] [16432] [I] [SkyrimNet_SexLab_Scene.GetThread] sid:0 --- return Thread
[18:35:42.333] [16432] [I] [SkyrimNet_SexLab_Scene.GetThreadActive] sid:0 --- enter
[18:35:42.333] [16432] [I] [SkyrimNet_SexLab_Scene.GetThreadActive] sid:0 --- thread.GetState()
[18:35:42.333] [16432] [I] [SkyrimNet_SexLab_Scene.GetThreadActive] sid:0 --- thread.GetState() returned Prepare
[18:35:42.333] [16432] [I] [SkyrimNet_SexLab_Scene.GetThreadActive] sid:0 --- return TRUE
[18:35:42.340] [16432] [I] [SkyrimNet_SexLab_Scene.GetThreadObj] sid:0 --- enter speaker:Sofia
[18:35:42.340] [16432] [I] [SkyrimNet_SexLab_Scene.AlignActors] sid:0 --- enter
[18:35:42.340] [16432] [I] [SkyrimNet_SexLab_Scene.AlignActors] sid:0 --- thread.positions.length
[18:35:42.341] [16432] [I] [SkyrimNet_SexLab_Scene.EnsureActorArraysLargeEnough] sid:0 --- enter size:2
[18:35:42.341] [16432] [I] [SkyrimNet_SexLab_Scene.EnsureActorArraysLargeEnough] sid:0 --- return Void
[18:35:42.349] [34276] [I] [SkyrimNet_SexLab_Scene.UpdateActor] sid:0 --- enter i:0 akActor:Sofia
[18:35:42.357] [34276] [I] [SkyrimNet_SexLab_Scene.GetObjFromActor] sid:0 --- enter akActor:Sofia
[18:35:42.357] [34276] [I] [SkyrimNet_SexLab_Scene.GetObjFromActor] sid:0 --- return StorageUtil.GetIntValue(akActor, storage_obj_key, 0)
[18:35:42.400] [11964] [I] [SkyrimNet_SexLab_Scene.UpdateActor] sid:0 --- return Changed
[18:35:42.408] [16432] [I] [SkyrimNet_SexLab_Scene.UpdateActor] sid:0 --- enter i:1 akActor:Orgnar
[18:35:42.408] [16432] [I] [SkyrimNet_SexLab_Scene.GetObjFromActor] sid:0 --- enter akActor:Orgnar
[18:35:42.408] [16432] [I] [SkyrimNet_SexLab_Scene.GetObjFromActor] sid:0 --- return StorageUtil.GetIntValue(akActor, storage_obj_key, 0)
[18:35:42.426] [17664] [I] [SkyrimNet_SexLab_Scene.UpdateActor] sid:0 --- return Changed
[18:35:42.426] [17664] [I] [SkyrimNet_SexLab_Scene.ReconcileVictimFactions] sid:0 --- enter
[18:35:42.426] [17664] [I] [SkyrimNet_SexLab_Scene.ReconcileVictimFactions] sid:0 --- thread.IsVictim Sofia
[18:35:42.426] [17664] [I] [SkyrimNet_SexLab_Scene.ReconcileVictimFactions] sid:0 --- thread.IsVictim Orgnar
[18:35:42.426] [17664] [I] [SkyrimNet_SexLab_Scene.ReconcileVictimFactions] sid:0 --- end
[18:35:42.426] [17664] [I] [SkyrimNet_SexLab_Scene.AlignActors] sid:0 --- end
[18:35:42.427] [17664] [I] [SkyrimNet_SexLab_Scene.UpdateActor] sid:0 --- enter i:0 akActor:Sofia
[18:35:42.427] [17664] [I] [SkyrimNet_SexLab_Scene.GetObjFromActor] sid:0 --- enter akActor:Sofia
[18:35:42.427] [17664] [I] [SkyrimNet_SexLab_Scene.GetObjFromActor] sid:0 --- return StorageUtil.GetIntValue(akActor, storage_obj_key, 0)
[18:35:42.427] [17664] [I] [SkyrimNet_SexLab_Scene.UpdateActor] sid:0 --- return Changed
[18:35:42.427] [17664] [I] [SkyrimNet_SexLab_Scene.UpdateActor] sid:0 --- enter i:1 akActor:Orgnar
[18:35:42.427] [17664] [I] [SkyrimNet_SexLab_Scene.GetObjFromActor] sid:0 --- enter akActor:Orgnar
[18:35:42.427] [17664] [I] [SkyrimNet_SexLab_Scene.GetObjFromActor] sid:0 --- return StorageUtil.GetIntValue(akActor, storage_obj_key, 0)
[18:35:42.427] [17664] [I] [SkyrimNet_SexLab_Scene.UpdateActor] sid:0 --- return Changed
[18:35:42.427] [17664] [I] [SkyrimNet_SexLab_Scene.GetThreadActive] sid:0 --- enter
[18:35:42.427] [17664] [I] [SkyrimNet_SexLab_Scene.GetThreadActive] sid:0 --- thread.GetState()
[18:35:42.427] [17664] [I] [SkyrimNet_SexLab_Scene.GetThreadActive] sid:0 --- thread.GetState() returned Prepare
[18:35:42.427] [17664] [I] [SkyrimNet_SexLab_Scene.GetThreadActive] sid:0 --- return TRUE
[18:35:42.427] [17664] [I] [SkyrimNet_SexLab_Scene.GetDescription] sid:0 --- enter
[18:35:42.428] [17664] [I] [SkyrimNet_SexLab_Scene.GetThreadObj] sid:0 --- thread.IsVictim Sofia
[18:35:42.428] [17664] [I] [SkyrimNet_SexLab_Scene.GetThreadObj] sid:0 --- thread.IsVictim Orgnar
[18:35:42.428] [17664] [I] [SkyrimNet_SexLab_Scene.GetLocation] sid:0 --- enter
[18:35:42.428] [17664] [I] [SkyrimNet_SexLab_Scene.GetLocation] sid:0 --- thread.BedTypeId
[18:35:42.429] [17664] [I] [SkyrimNet_SexLab_Scene.GetLocation] sid:0 --- thread.Animation
[18:35:42.429] [17664] [I] [SkyrimNet_SexLab_Scene.GetLocation] sid:0 --- return Loc
[18:35:42.429] [17664] [I] [SkyrimNet_SexLab_Scene.GetThreadObj] sid:0 --- return thread_obj
[18:35:42.430] [34276] [I] [SkyrimNet_SexLab_Scene_Manager.GetThreadsJson] {
  "_counter": "0",
  "_threads": [
    {
      "_active": 1,
      "_Actors": [
        {
          "_arousal": -1,
          "_assailant": 0,
          "_creature_description": "",
          "_dom_slave": 0,
          "_enjoyment": 0,
          "_formid": "20",
          "_has_penis": 0,
          "_has_pussy": 1,
          "_is_hermaphrodiate": 0,
          "_name": "Sofia",
          "_no_orgasm": 0,
          "_notice_level": "Nothing",
          "_speaking_modifiers": [
            "_pleasure_"
          ],
          "_total_orgasm": 0,
          "_uuid": "3944757940392895572",
          "_victim": 0,
          "_wearing_strapon": 0
        },
        {
          "_arousal": -1,
          "_assailant": 0,
          "_creature_description": "",
          "_dom_slave": 0,
          "_enjoyment": 0,
          "_formid": "78982",
          "_has_penis": 1,
          "_has_pussy": 0,
          "_is_hermaphrodiate": 0,
          "_name": "Orgnar",
          "_no_orgasm": 0,
          "_notice_level": "Nothing",
          "_speaking_modifiers": [
            "_pleasure_"
          ],
          "_total_orgasm": 0,
          "_uuid": "6576269950174216257",
          "_victim": 0,
          "_wearing_strapon": 0
        }
      ],
      "_description": "Sofia is, kneeling position, having vaginal sex with Orgnar.\n\n",
      "_location": "the floor ",
      "_names": [
        "Sofia",
        "Orgnar"
      ],
      "_speaker_distance": 0.0,
      "_speaker_los": 1,
      "_speaker_name": "Sofia",
      "_status": "Setup",
      "_style": "normally",
      "_victims": []
    }
  ]
}
[18:35:42.431] [34276] [I] [SkyrimNet_SexLab_Scene.GetIntentMessage] sid:0 --- enter intent_stage:0
[18:35:42.431] [34276] [I] [SkyrimNet_SexLab_Scene.GetIntentMessage] sid:0 --- return actors only
[18:35:42.431] [34276] [I] [SkyrimNet_SexLab_Scene.GetDescription] sid:0 --- enter
[18:35:42.437] [11964] [I] [skyrimnet_sexlab_utilities.RegisterEvent] event_name:sexlab update msg:Sofia and Orgnar Start sexual activities.Sofia is, kneeling position, having vaginal sex with Orgnar.

 source:Sofia target:Orgnar
[18:35:42.443] [25776] [I] [SkyrimNet_SexLab_Scene.AnimationStart] sid:0 --- end msg:Sofia and Orgnar Start sexual activities.Sofia is, kneeling position, having vaginal sex with Orgnar.

 sender:Sofia receiver:Orgnar
[18:35:43.036] [11964] [I] [SkyrimNet_SexLab_Scene.GetThread] sid:0 --- enter
[18:35:43.036] [11964] [I] [SkyrimNet_SexLab_Scene.GetThread] sid:0 --- return Thread
[18:35:43.036] [11964] [I] [SkyrimNet_SexLab_Scene.StageStart] sid:0 --- enter
[18:35:43.037] [11964] [I] [SkyrimNet_SexLab_Scene.AlignActors] sid:0 --- enter
[18:35:43.037] [11964] [I] [SkyrimNet_SexLab_Scene.AlignActors] sid:0 --- thread.positions.length
[18:35:43.037] [11964] [I] [SkyrimNet_SexLab_Scene.EnsureActorArraysLargeEnough] sid:0 --- enter size:2
[18:35:43.037] [11964] [I] [SkyrimNet_SexLab_Scene.EnsureActorArraysLargeEnough] sid:0 --- return Void
[18:35:43.037] [11964] [I] [SkyrimNet_SexLab_Scene.UpdateActor] sid:0 --- enter i:0 akActor:Sofia
[18:35:43.037] [11964] [I] [SkyrimNet_SexLab_Scene.GetObjFromActor] sid:0 --- enter akActor:Sofia
[18:35:43.037] [11964] [I] [SkyrimNet_SexLab_Scene.GetObjFromActor] sid:0 --- return StorageUtil.GetIntValue(akActor, storage_obj_key, 0)
[18:35:43.037] [11964] [I] [SkyrimNet_SexLab_Scene.UpdateActor] sid:0 --- return Changed
[18:35:43.037] [11964] [I] [SkyrimNet_SexLab_Scene.UpdateActor] sid:0 --- enter i:1 akActor:Orgnar
[18:35:43.037] [11964] [I] [SkyrimNet_SexLab_Scene.GetObjFromActor] sid:0 --- enter akActor:Orgnar
[18:35:43.037] [11964] [I] [SkyrimNet_SexLab_Scene.GetObjFromActor] sid:0 --- return StorageUtil.GetIntValue(akActor, storage_obj_key, 0)
[18:35:43.037] [11964] [I] [SkyrimNet_SexLab_Scene.UpdateActor] sid:0 --- return Changed
[18:35:43.037] [11964] [I] [SkyrimNet_SexLab_Scene.ReconcileVictimFactions] sid:0 --- enter
[18:35:43.037] [11964] [I] [SkyrimNet_SexLab_Scene.ReconcileVictimFactions] sid:0 --- thread.IsVictim Sofia
[18:35:43.037] [11964] [I] [SkyrimNet_SexLab_Scene.ReconcileVictimFactions] sid:0 --- thread.IsVictim Orgnar
[18:35:43.037] [11964] [I] [SkyrimNet_SexLab_Scene.ReconcileVictimFactions] sid:0 --- end
[18:35:43.037] [11964] [I] [SkyrimNet_SexLab_Scene.AlignActors] sid:0 --- end
[18:35:43.037] [11964] [I] [SkyrimNet_SexLab_Scene.GetThread] sid:0 --- enter
[18:35:43.037] [11964] [I] [SkyrimNet_SexLab_Scene.GetThread] sid:0 --- return Thread
[18:35:43.037] [11964] [I] [SkyrimNet_SexLab_Scene.GetThreadActive] sid:0 --- enter
[18:35:43.037] [11964] [I] [SkyrimNet_SexLab_Scene.GetThreadActive] sid:0 --- thread.GetState()
[18:35:43.037] [11964] [I] [SkyrimNet_SexLab_Scene.GetThreadActive] sid:0 --- thread.GetState() returned Animating
[18:35:43.037] [11964] [I] [SkyrimNet_SexLab_Scene.GetThreadActive] sid:0 --- return TRUE
[18:35:43.037] [11964] [I] [SkyrimNet_SexLab_Scene.GetThreadObj] sid:0 --- enter speaker:Sofia
[18:35:43.037] [11964] [I] [SkyrimNet_SexLab_Scene.AlignActors] sid:0 --- enter
[18:35:43.037] [11964] [I] [SkyrimNet_SexLab_Scene.AlignActors] sid:0 --- thread.positions.length
[18:35:43.038] [11964] [I] [SkyrimNet_SexLab_Scene.EnsureActorArraysLargeEnough] sid:0 --- enter size:2
[18:35:43.038] [11964] [I] [SkyrimNet_SexLab_Scene.EnsureActorArraysLargeEnough] sid:0 --- return Void
[18:35:43.038] [11964] [I] [SkyrimNet_SexLab_Scene.UpdateActor] sid:0 --- enter i:0 akActor:Sofia
[18:35:43.038] [11964] [I] [SkyrimNet_SexLab_Scene.GetObjFromActor] sid:0 --- enter akActor:Sofia
[18:35:43.038] [11964] [I] [SkyrimNet_SexLab_Scene.GetObjFromActor] sid:0 --- return StorageUtil.GetIntValue(akActor, storage_obj_key, 0)
[18:35:43.038] [11964] [I] [SkyrimNet_SexLab_Scene.UpdateActor] sid:0 --- return Changed
[18:35:43.038] [11964] [I] [SkyrimNet_SexLab_Scene.UpdateActor] sid:0 --- enter i:1 akActor:Orgnar
[18:35:43.038] [11964] [I] [SkyrimNet_SexLab_Scene.GetObjFromActor] sid:0 --- enter akActor:Orgnar
[18:35:43.038] [11964] [I] [SkyrimNet_SexLab_Scene.GetObjFromActor] sid:0 --- return StorageUtil.GetIntValue(akActor, storage_obj_key, 0)
[18:35:43.038] [11964] [I] [SkyrimNet_SexLab_Scene.UpdateActor] sid:0 --- return Changed
[18:35:43.038] [11964] [I] [SkyrimNet_SexLab_Scene.ReconcileVictimFactions] sid:0 --- enter
[18:35:43.038] [11964] [I] [SkyrimNet_SexLab_Scene.ReconcileVictimFactions] sid:0 --- thread.IsVictim Sofia
[18:35:43.038] [11964] [I] [SkyrimNet_SexLab_Scene.ReconcileVictimFactions] sid:0 --- thread.IsVictim Orgnar
[18:35:43.038] [11964] [I] [SkyrimNet_SexLab_Scene.ReconcileVictimFactions] sid:0 --- end
[18:35:43.038] [11964] [I] [SkyrimNet_SexLab_Scene.AlignActors] sid:0 --- end
[18:35:43.038] [11964] [I] [SkyrimNet_SexLab_Scene.UpdateActor] sid:0 --- enter i:0 akActor:Sofia
[18:35:43.038] [11964] [I] [SkyrimNet_SexLab_Scene.GetObjFromActor] sid:0 --- enter akActor:Sofia
[18:35:43.038] [11964] [I] [SkyrimNet_SexLab_Scene.GetObjFromActor] sid:0 --- return StorageUtil.GetIntValue(akActor, storage_obj_key, 0)
[18:35:43.038] [11964] [I] [SkyrimNet_SexLab_Scene.UpdateActor] sid:0 --- return Changed
[18:35:43.038] [11964] [I] [SkyrimNet_SexLab_Scene.UpdateActor] sid:0 --- enter i:1 akActor:Orgnar
[18:35:43.038] [11964] [I] [SkyrimNet_SexLab_Scene.GetObjFromActor] sid:0 --- enter akActor:Orgnar
[18:35:43.038] [11964] [I] [SkyrimNet_SexLab_Scene.GetObjFromActor] sid:0 --- return StorageUtil.GetIntValue(akActor, storage_obj_key, 0)
[18:35:43.038] [11964] [I] [SkyrimNet_SexLab_Scene.UpdateActor] sid:0 --- return Changed
[18:35:43.038] [11964] [I] [SkyrimNet_SexLab_Scene.GetThreadActive] sid:0 --- enter
[18:35:43.038] [11964] [I] [SkyrimNet_SexLab_Scene.GetThreadActive] sid:0 --- thread.GetState()
[18:35:43.038] [11964] [I] [SkyrimNet_SexLab_Scene.GetThreadActive] sid:0 --- thread.GetState() returned Animating
[18:35:43.038] [11964] [I] [SkyrimNet_SexLab_Scene.GetThreadActive] sid:0 --- return TRUE
[18:35:43.038] [11964] [I] [SkyrimNet_SexLab_Scene.GetDescription] sid:0 --- enter
[18:35:43.041] [11964] [I] [SkyrimNet_SexLab_Scene.GetThreadObj] sid:0 --- thread.IsVictim Sofia
[18:35:43.041] [11964] [I] [SkyrimNet_SexLab_Scene.GetThreadObj] sid:0 --- thread.IsVictim Orgnar
[18:35:43.041] [11964] [I] [SkyrimNet_SexLab_Scene.GetLocation] sid:0 --- enter
[18:35:43.041] [11964] [I] [SkyrimNet_SexLab_Scene.GetLocation] sid:0 --- thread.BedTypeId
[18:35:43.041] [11964] [I] [SkyrimNet_SexLab_Scene.GetLocation] sid:0 --- thread.Animation
[18:35:43.041] [11964] [I] [SkyrimNet_SexLab_Scene.GetLocation] sid:0 --- return Loc
[18:35:43.041] [11964] [I] [SkyrimNet_SexLab_Scene.GetThreadObj] sid:0 --- return thread_obj
[18:35:43.041] [11964] [I] [SkyrimNet_SexLab_Scene_Manager.GetThreadsJson] {
  "_counter": "1",
  "_threads": [
    {
      "_active": 1,
      "_Actors": [
        {
          "_arousal": -1,
          "_assailant": 0,
          "_creature_description": "",
          "_dom_slave": 0,
          "_enjoyment": 0,
          "_formid": "20",
          "_has_penis": 0,
          "_has_pussy": 1,
          "_is_hermaphrodiate": 0,
          "_name": "Sofia",
          "_no_orgasm": 0,
          "_notice_level": "Nothing",
          "_speaking_modifiers": [
            "_pleasure_"
          ],
          "_total_orgasm": 0,
          "_uuid": "3944757940392895572",
          "_victim": 0,
          "_wearing_strapon": 0
        },
        {
          "_arousal": -1,
          "_assailant": 0,
          "_creature_description": "",
          "_dom_slave": 0,
          "_enjoyment": 0,
          "_formid": "78982",
          "_has_penis": 1,
          "_has_pussy": 0,
          "_is_hermaphrodiate": 0,
          "_name": "Orgnar",
          "_no_orgasm": 0,
          "_notice_level": "Nothing",
          "_speaking_modifiers": [
            "_pleasure_"
          ],
          "_total_orgasm": 0,
          "_uuid": "6576269950174216257",
          "_victim": 0,
          "_wearing_strapon": 0
        }
      ],
      "_description": "Sofia is, kneeling position, having vaginal sex with Orgnar.\n\n",
      "_location": "the floor ",
      "_names": [
        "Sofia",
        "Orgnar"
      ],
      "_speaker_distance": 0.0,
      "_speaker_los": 1,
      "_speaker_name": "Sofia",
      "_status": "Setup",
      "_style": "normally",
      "_victims": []
    }
  ]
}
[18:35:43.042] [11964] [I] [SkyrimNet_SexLab_Scene.GetDescription] sid:0 --- enter
[18:35:43.053] [17664] [I] [skyrimnet_sexlab_utilities.DirectNarration] Sofia initiates: Sofia is, kneeling position, having vaginal sex with Orgnar.

 source:Sofia target:Orgnar
[18:35:43.053] [17664] [I] [SkyrimNet_SexLab_Scene.StageStart] sid:0 --- end
[18:35:43.875] [25776] [I] [SkyrimNet_SexLab_Scene.GetThread] sid:0 --- enter
[18:35:43.875] [25776] [I] [SkyrimNet_SexLab_Scene.GetThread] sid:0 --- return Thread
[18:35:43.875] [25776] [I] [SkyrimNet_SexLab_Scene.GetThreadActive] sid:0 --- enter
[18:35:43.875] [25776] [I] [SkyrimNet_SexLab_Scene.GetThreadActive] sid:0 --- thread.GetState()
[18:35:43.876] [25776] [I] [SkyrimNet_SexLab_Scene.GetThreadActive] sid:0 --- thread.GetState() returned Animating
[18:35:43.876] [25776] [I] [SkyrimNet_SexLab_Scene.GetThreadActive] sid:0 --- return TRUE
[18:35:43.876] [25776] [I] [SkyrimNet_SexLab_Scene.GetThreadObj] sid:0 --- enter speaker:Orgnar
[18:35:43.876] [25776] [I] [SkyrimNet_SexLab_Scene.AlignActors] sid:0 --- enter
[18:35:43.876] [25776] [I] [SkyrimNet_SexLab_Scene.AlignActors] sid:0 --- thread.positions.length
[18:35:43.876] [25776] [I] [SkyrimNet_SexLab_Scene.EnsureActorArraysLargeEnough] sid:0 --- enter size:2
[18:35:43.876] [25776] [I] [SkyrimNet_SexLab_Scene.EnsureActorArraysLargeEnough] sid:0 --- return Void
[18:35:43.876] [25776] [I] [SkyrimNet_SexLab_Scene.UpdateActor] sid:0 --- enter i:0 akActor:Sofia
[18:35:43.876] [25776] [I] [SkyrimNet_SexLab_Scene.GetObjFromActor] sid:0 --- enter akActor:Sofia
[18:35:43.876] [25776] [I] [SkyrimNet_SexLab_Scene.GetObjFromActor] sid:0 --- return StorageUtil.GetIntValue(akActor, storage_obj_key, 0)
[18:35:43.876] [25776] [I] [SkyrimNet_SexLab_Scene.UpdateActor] sid:0 --- return Changed
[18:35:43.876] [25776] [I] [SkyrimNet_SexLab_Scene.UpdateActor] sid:0 --- enter i:1 akActor:Orgnar
[18:35:43.876] [25776] [I] [SkyrimNet_SexLab_Scene.GetObjFromActor] sid:0 --- enter akActor:Orgnar
[18:35:43.876] [25776] [I] [SkyrimNet_SexLab_Scene.GetObjFromActor] sid:0 --- return StorageUtil.GetIntValue(akActor, storage_obj_key, 0)
[18:35:43.876] [25776] [I] [SkyrimNet_SexLab_Scene.UpdateActor] sid:0 --- return Changed
[18:35:43.876] [25776] [I] [SkyrimNet_SexLab_Scene.ReconcileVictimFactions] sid:0 --- enter
[18:35:43.876] [25776] [I] [SkyrimNet_SexLab_Scene.ReconcileVictimFactions] sid:0 --- thread.IsVictim Sofia
[18:35:43.876] [25776] [I] [SkyrimNet_SexLab_Scene.ReconcileVictimFactions] sid:0 --- thread.IsVictim Orgnar
[18:35:43.876] [25776] [I] [SkyrimNet_SexLab_Scene.ReconcileVictimFactions] sid:0 --- end
[18:35:43.876] [25776] [I] [SkyrimNet_SexLab_Scene.AlignActors] sid:0 --- end
[18:35:43.876] [25776] [I] [SkyrimNet_SexLab_Scene.UpdateActor] sid:0 --- enter i:0 akActor:Sofia
[18:35:43.876] [25776] [I] [SkyrimNet_SexLab_Scene.GetObjFromActor] sid:0 --- enter akActor:Sofia
[18:35:43.876] [25776] [I] [SkyrimNet_SexLab_Scene.GetObjFromActor] sid:0 --- return StorageUtil.GetIntValue(akActor, storage_obj_key, 0)
[18:35:43.877] [25776] [I] [SkyrimNet_SexLab_Scene.UpdateActor] sid:0 --- return Changed
[18:35:43.877] [25776] [I] [SkyrimNet_SexLab_Scene.UpdateActor] sid:0 --- enter i:1 akActor:Orgnar
[18:35:43.877] [25776] [I] [SkyrimNet_SexLab_Scene.GetObjFromActor] sid:0 --- enter akActor:Orgnar
[18:35:43.877] [25776] [I] [SkyrimNet_SexLab_Scene.GetObjFromActor] sid:0 --- return StorageUtil.GetIntValue(akActor, storage_obj_key, 0)
[18:35:43.877] [25776] [I] [SkyrimNet_SexLab_Scene.UpdateActor] sid:0 --- return Changed
[18:35:43.877] [25776] [I] [SkyrimNet_SexLab_Scene.GetThreadActive] sid:0 --- enter
[18:35:43.877] [25776] [I] [SkyrimNet_SexLab_Scene.GetThreadActive] sid:0 --- thread.GetState()
[18:35:43.877] [25776] [I] [SkyrimNet_SexLab_Scene.GetThreadActive] sid:0 --- thread.GetState() returned Animating
[18:35:43.877] [25776] [I] [SkyrimNet_SexLab_Scene.GetThreadActive] sid:0 --- return TRUE
[18:35:43.877] [25776] [I] [SkyrimNet_SexLab_Scene.GetDescription] sid:0 --- enter
[18:35:43.879] [25776] [I] [SkyrimNet_SexLab_Scene.GetThreadObj] sid:0 --- thread.IsVictim Sofia
[18:35:43.879] [25776] [I] [SkyrimNet_SexLab_Scene.GetThreadObj] sid:0 --- thread.IsVictim Orgnar
[18:35:43.879] [25776] [I] [SkyrimNet_SexLab_Scene.GetLocation] sid:0 --- enter
[18:35:43.879] [25776] [I] [SkyrimNet_SexLab_Scene.GetLocation] sid:0 --- thread.BedTypeId
[18:35:43.879] [25776] [I] [SkyrimNet_SexLab_Scene.GetLocation] sid:0 --- thread.Animation
[18:35:43.880] [16432] [I] [SkyrimNet_SexLab_Scene.GetLocation] sid:0 --- return Loc
[18:35:43.880] [16432] [I] [SkyrimNet_SexLab_Scene.GetThreadObj] sid:0 --- return thread_obj
[18:35:43.881] [16432] [I] [SkyrimNet_SexLab_Scene_Manager.GetThreadsJson] {
  "_counter": "2",
  "_threads": [
    {
      "_active": 1,
      "_Actors": [
        {
          "_arousal": -1,
          "_assailant": 0,
          "_creature_description": "",
          "_dom_slave": 0,
          "_enjoyment": 0,
          "_formid": "20",
          "_has_penis": 0,
          "_has_pussy": 1,
          "_is_hermaphrodiate": 0,
          "_name": "Sofia",
          "_no_orgasm": 0,
          "_notice_level": "Nothing",
          "_speaking_modifiers": [
            "_pleasure_"
          ],
          "_total_orgasm": 0,
          "_uuid": "3944757940392895572",
          "_victim": 0,
          "_wearing_strapon": 0
        },
        {
          "_arousal": -1,
          "_assailant": 0,
          "_creature_description": "",
          "_dom_slave": 0,
          "_enjoyment": 0,
          "_formid": "78982",
          "_has_penis": 1,
          "_has_pussy": 0,
          "_is_hermaphrodiate": 0,
          "_name": "Orgnar",
          "_no_orgasm": 0,
          "_notice_level": "Nothing",
          "_speaking_modifiers": [
            "_pleasure_"
          ],
          "_total_orgasm": 0,
          "_uuid": "6576269950174216257",
          "_victim": 0,
          "_wearing_strapon": 0
        }
      ],
      "_description": "Sofia is, kneeling position, having vaginal sex with Orgnar.\n\n",
      "_location": "the floor ",
      "_names": [
        "Sofia",
        "Orgnar"
      ],
      "_speaker_distance": 0.0,
      "_speaker_los": 1,
      "_speaker_name": "Orgnar",
      "_status": "active",
      "_style": "normally",
      "_victims": []
    }
  ]
}
[18:35:43.884] [17664] [I] [SkyrimNet_SexLab_Scene.GetThread] sid:0 --- enter
[18:35:43.884] [17664] [I] [SkyrimNet_SexLab_Scene.GetThread] sid:0 --- return Thread
[18:35:43.884] [17664] [I] [SkyrimNet_SexLab_Scene.GetThreadActive] sid:0 --- enter
[18:35:43.884] [17664] [I] [SkyrimNet_SexLab_Scene.GetThreadActive] sid:0 --- thread.GetState()
[18:35:43.884] [17664] [I] [SkyrimNet_SexLab_Scene.GetThreadActive] sid:0 --- thread.GetState() returned Animating
[18:35:43.884] [17664] [I] [SkyrimNet_SexLab_Scene.GetThreadActive] sid:0 --- return TRUE
[18:35:43.884] [17664] [I] [SkyrimNet_SexLab_Scene.GetThreadObj] sid:0 --- enter speaker:Sofia
[18:35:43.884] [17664] [I] [SkyrimNet_SexLab_Scene.AlignActors] sid:0 --- enter
[18:35:43.884] [17664] [I] [SkyrimNet_SexLab_Scene.AlignActors] sid:0 --- thread.positions.length
[18:35:43.884] [17664] [I] [SkyrimNet_SexLab_Scene.EnsureActorArraysLargeEnough] sid:0 --- enter size:2
[18:35:43.884] [17664] [I] [SkyrimNet_SexLab_Scene.EnsureActorArraysLargeEnough] sid:0 --- return Void
[18:35:43.884] [17664] [I] [SkyrimNet_SexLab_Scene.UpdateActor] sid:0 --- enter i:0 akActor:Sofia
[18:35:43.884] [17664] [I] [SkyrimNet_SexLab_Scene.GetObjFromActor] sid:0 --- enter akActor:Sofia
[18:35:43.884] [17664] [I] [SkyrimNet_SexLab_Scene.GetObjFromActor] sid:0 --- return StorageUtil.GetIntValue(akActor, storage_obj_key, 0)
[18:35:43.884] [17664] [I] [SkyrimNet_SexLab_Scene.UpdateActor] sid:0 --- return Changed
[18:35:43.884] [17664] [I] [SkyrimNet_SexLab_Scene.UpdateActor] sid:0 --- enter i:1 akActor:Orgnar
[18:35:43.884] [17664] [I] [SkyrimNet_SexLab_Scene.GetObjFromActor] sid:0 --- enter akActor:Orgnar
[18:35:43.884] [17664] [I] [SkyrimNet_SexLab_Scene.GetObjFromActor] sid:0 --- return StorageUtil.GetIntValue(akActor, storage_obj_key, 0)
[18:35:43.884] [17664] [I] [SkyrimNet_SexLab_Scene.UpdateActor] sid:0 --- return Changed
[18:35:43.885] [17664] [I] [SkyrimNet_SexLab_Scene.ReconcileVictimFactions] sid:0 --- enter
[18:35:43.885] [17664] [I] [SkyrimNet_SexLab_Scene.ReconcileVictimFactions] sid:0 --- thread.IsVictim Sofia
[18:35:43.885] [17664] [I] [SkyrimNet_SexLab_Scene.ReconcileVictimFactions] sid:0 --- thread.IsVictim Orgnar
[18:35:43.885] [17664] [I] [SkyrimNet_SexLab_Scene.ReconcileVictimFactions] sid:0 --- end
[18:35:43.885] [17664] [I] [SkyrimNet_SexLab_Scene.AlignActors] sid:0 --- end
[18:35:43.885] [17664] [I] [SkyrimNet_SexLab_Scene.UpdateActor] sid:0 --- enter i:0 akActor:Sofia
[18:35:43.885] [17664] [I] [SkyrimNet_SexLab_Scene.GetObjFromActor] sid:0 --- enter akActor:Sofia
[18:35:43.885] [17664] [I] [SkyrimNet_SexLab_Scene.GetObjFromActor] sid:0 --- return StorageUtil.GetIntValue(akActor, storage_obj_key, 0)
[18:35:43.885] [17664] [I] [SkyrimNet_SexLab_Scene.UpdateActor] sid:0 --- return Changed
[18:35:43.885] [17664] [I] [SkyrimNet_SexLab_Scene.UpdateActor] sid:0 --- enter i:1 akActor:Orgnar
[18:35:43.885] [17664] [I] [SkyrimNet_SexLab_Scene.GetObjFromActor] sid:0 --- enter akActor:Orgnar
[18:35:43.885] [17664] [I] [SkyrimNet_SexLab_Scene.GetObjFromActor] sid:0 --- return StorageUtil.GetIntValue(akActor, storage_obj_key, 0)
[18:35:43.885] [17664] [I] [SkyrimNet_SexLab_Scene.UpdateActor] sid:0 --- return Changed
[18:35:43.885] [17664] [I] [SkyrimNet_SexLab_Scene.GetThreadActive] sid:0 --- enter
[18:35:43.885] [17664] [I] [SkyrimNet_SexLab_Scene.GetThreadActive] sid:0 --- thread.GetState()
[18:35:43.885] [17664] [I] [SkyrimNet_SexLab_Scene.GetThreadActive] sid:0 --- thread.GetState() returned Animating
[18:35:43.885] [17664] [I] [SkyrimNet_SexLab_Scene.GetThreadActive] sid:0 --- return TRUE
[18:35:43.885] [17664] [I] [SkyrimNet_SexLab_Scene.GetDescription] sid:0 --- enter
[18:35:43.886] [17664] [I] [SkyrimNet_SexLab_Scene.GetThreadObj] sid:0 --- thread.IsVictim Sofia
[18:35:43.886] [17664] [I] [SkyrimNet_SexLab_Scene.GetThreadObj] sid:0 --- thread.IsVictim Orgnar
[18:35:43.886] [17664] [I] [SkyrimNet_SexLab_Scene.GetLocation] sid:0 --- enter
[18:35:43.886] [17664] [I] [SkyrimNet_SexLab_Scene.GetLocation] sid:0 --- thread.BedTypeId
[18:35:43.886] [17664] [I] [SkyrimNet_SexLab_Scene.GetLocation] sid:0 --- thread.Animation
[18:35:43.888] [11964] [I] [SkyrimNet_SexLab_Scene.GetLocation] sid:0 --- return Loc
[18:35:43.888] [11964] [I] [SkyrimNet_SexLab_Scene.GetThreadObj] sid:0 --- return thread_obj
[18:35:43.888] [11964] [I] [SkyrimNet_SexLab_Scene_Manager.GetThreadsJson] {
  "_counter": "3",
  "_threads": [
    {
      "_active": 1,
      "_Actors": [
        {
          "_arousal": -1,
          "_assailant": 0,
          "_creature_description": "",
          "_dom_slave": 0,
          "_enjoyment": 0,
          "_formid": "20",
          "_has_penis": 0,
          "_has_pussy": 1,
          "_is_hermaphrodiate": 0,
          "_name": "Sofia",
          "_no_orgasm": 0,
          "_notice_level": "Nothing",
          "_speaking_modifiers": [
            "_pleasure_"
          ],
          "_total_orgasm": 0,
          "_uuid": "3944757940392895572",
          "_victim": 0,
          "_wearing_strapon": 0
        },
        {
          "_arousal": -1,
          "_assailant": 0,
          "_creature_description": "",
          "_dom_slave": 0,
          "_enjoyment": 0,
          "_formid": "78982",
          "_has_penis": 1,
          "_has_pussy": 0,
          "_is_hermaphrodiate": 0,
          "_name": "Orgnar",
          "_no_orgasm": 0,
          "_notice_level": "Nothing",
          "_speaking_modifiers": [
            "_pleasure_"
          ],
          "_total_orgasm": 0,
          "_uuid": "6576269950174216257",
          "_victim": 0,
          "_wearing_strapon": 0
        }
      ],
      "_description": "Sofia is, kneeling position, having vaginal sex with Orgnar.\n\n",
      "_location": "the floor ",
      "_names": [
        "Sofia",
        "Orgnar"
      ],
      "_speaker_distance": 0.0,
      "_speaker_los": 1,
      "_speaker_name": "Sofia",
      "_status": "active",
      "_style": "normally",
      "_victims": []
    }
  ]
}
[18:35:43.978] [11964] [I] [skyrimnet_sexlab_decorators.Outfit_Options] Orgnar has options:undresses
[18:35:43.986] [25776] [I] [skyrimnet_sexlab_decorators.Outfit_Options] Sofia has options:undresses
[18:35:44.030] [25776] [I] [SkyrimNet_SexLab_Scene_Manager.GetThread] Actor:Orgnar
[18:35:44.030] [25776] [I] [SkyrimNet_SexLab_Scene.GetThread] sid:0 --- enter
[18:35:44.030] [25776] [I] [SkyrimNet_SexLab_Scene.GetThread] sid:0 --- return Thread
[18:35:44.038] [11964] [I] [SkyrimNet_SexLab_Scene_Manager.GetThread] Actor:Sofia
[18:35:44.038] [11964] [I] [SkyrimNet_SexLab_Scene.GetThread] sid:0 --- enter
[18:35:44.038] [11964] [I] [SkyrimNet_SexLab_Scene.GetThread] sid:0 --- return Thread
[18:35:44.089] [17664] [I] [SkyrimNet_SexLab_Scene_Manager.GetThread] Actor:Orgnar
[18:35:44.089] [17664] [I] [SkyrimNet_SexLab_Scene.GetThread] sid:0 --- enter
[18:35:44.089] [17664] [I] [SkyrimNet_SexLab_Scene.GetThread] sid:0 --- return Thread
[18:35:44.089] [17664] [I] [SkyrimNet_SexLab_Scene.GetThread] sid:0 --- enter
[18:35:44.089] [17664] [I] [SkyrimNet_SexLab_Scene.GetThread] sid:0 --- return Thread
[18:35:44.089] [17664] [I] [SkyrimNet_SexLab_Scene.GetDescription] sid:0 --- enter
[18:35:44.098] [34276] [I] [SkyrimNet_SexLab_Scene_Manager.GetThread] Actor:Sofia
[18:35:44.098] [34276] [I] [SkyrimNet_SexLab_Scene.GetThread] sid:0 --- enter
[18:35:44.098] [34276] [I] [SkyrimNet_SexLab_Scene.GetThread] sid:0 --- return Thread
[18:35:44.098] [34276] [I] [SkyrimNet_SexLab_Scene.GetThread] sid:0 --- enter
[18:35:44.098] [34276] [I] [SkyrimNet_SexLab_Scene.GetThread] sid:0 --- return Thread
[18:35:44.098] [34276] [I] [SkyrimNet_SexLab_Scene.GetDescription] sid:0 --- enter
[18:35:47.471] [25776] [I] [SkyrimNet_SexLab_Scene.GetThread] sid:0 --- enter
[18:35:47.471] [25776] [I] [SkyrimNet_SexLab_Scene.GetThread] sid:0 --- return Thread
[18:35:47.471] [25776] [I] [SkyrimNet_SexLab_Scene.GetThreadActive] sid:0 --- enter
[18:35:47.471] [25776] [I] [SkyrimNet_SexLab_Scene.GetThreadActive] sid:0 --- thread.GetState()
[18:35:47.471] [25776] [I] [SkyrimNet_SexLab_Scene.GetThreadActive] sid:0 --- thread.GetState() returned Animating
[18:35:47.471] [25776] [I] [SkyrimNet_SexLab_Scene.GetThreadActive] sid:0 --- return TRUE
[18:35:47.471] [25776] [I] [SkyrimNet_SexLab_Scene.GetThreadObj] sid:0 --- enter speaker:delphine
[18:35:47.471] [25776] [I] [SkyrimNet_SexLab_Scene.AlignActors] sid:0 --- enter
[18:35:47.471] [25776] [I] [SkyrimNet_SexLab_Scene.AlignActors] sid:0 --- thread.positions.length
[18:35:47.471] [25776] [I] [SkyrimNet_SexLab_Scene.EnsureActorArraysLargeEnough] sid:0 --- enter size:2
[18:35:47.471] [25776] [I] [SkyrimNet_SexLab_Scene.EnsureActorArraysLargeEnough] sid:0 --- return Void
[18:35:47.471] [25776] [I] [SkyrimNet_SexLab_Scene.UpdateActor] sid:0 --- enter i:0 akActor:Sofia
[18:35:47.471] [25776] [I] [SkyrimNet_SexLab_Scene.GetObjFromActor] sid:0 --- enter akActor:Sofia
[18:35:47.471] [25776] [I] [SkyrimNet_SexLab_Scene.GetObjFromActor] sid:0 --- return StorageUtil.GetIntValue(akActor, storage_obj_key, 0)
[18:35:47.472] [25776] [I] [SkyrimNet_SexLab_Scene.UpdateActor] sid:0 --- return Changed
[18:35:47.472] [25776] [I] [SkyrimNet_SexLab_Scene.UpdateActor] sid:0 --- enter i:1 akActor:Orgnar
[18:35:47.472] [25776] [I] [SkyrimNet_SexLab_Scene.GetObjFromActor] sid:0 --- enter akActor:Orgnar
[18:35:47.472] [25776] [I] [SkyrimNet_SexLab_Scene.GetObjFromActor] sid:0 --- return StorageUtil.GetIntValue(akActor, storage_obj_key, 0)
[18:35:47.472] [25776] [I] [SkyrimNet_SexLab_Scene.UpdateActor] sid:0 --- return Changed
[18:35:47.472] [25776] [I] [SkyrimNet_SexLab_Scene.ReconcileVictimFactions] sid:0 --- enter
[18:35:47.472] [25776] [I] [SkyrimNet_SexLab_Scene.ReconcileVictimFactions] sid:0 --- thread.IsVictim Sofia
[18:35:47.472] [25776] [I] [SkyrimNet_SexLab_Scene.ReconcileVictimFactions] sid:0 --- thread.IsVictim Orgnar
[18:35:47.472] [25776] [I] [SkyrimNet_SexLab_Scene.ReconcileVictimFactions] sid:0 --- end
[18:35:47.472] [25776] [I] [SkyrimNet_SexLab_Scene.AlignActors] sid:0 --- end
[18:35:47.472] [25776] [I] [SkyrimNet_SexLab_Scene.UpdateActor] sid:0 --- enter i:0 akActor:Sofia
[18:35:47.472] [25776] [I] [SkyrimNet_SexLab_Scene.GetObjFromActor] sid:0 --- enter akActor:Sofia
[18:35:47.472] [25776] [I] [SkyrimNet_SexLab_Scene.GetObjFromActor] sid:0 --- return StorageUtil.GetIntValue(akActor, storage_obj_key, 0)
[18:35:47.472] [25776] [I] [SkyrimNet_SexLab_Scene.UpdateActor] sid:0 --- return Changed
[18:35:47.472] [25776] [I] [SkyrimNet_SexLab_Scene.UpdateActor] sid:0 --- enter i:1 akActor:Orgnar
[18:35:47.472] [25776] [I] [SkyrimNet_SexLab_Scene.GetObjFromActor] sid:0 --- enter akActor:Orgnar
[18:35:47.472] [25776] [I] [SkyrimNet_SexLab_Scene.GetObjFromActor] sid:0 --- return StorageUtil.GetIntValue(akActor, storage_obj_key, 0)
[18:35:47.472] [25776] [I] [SkyrimNet_SexLab_Scene.UpdateActor] sid:0 --- return Changed
[18:35:47.472] [25776] [I] [SkyrimNet_SexLab_Scene.GetThreadActive] sid:0 --- enter
[18:35:47.472] [25776] [I] [SkyrimNet_SexLab_Scene.GetThreadActive] sid:0 --- thread.GetState()
[18:35:47.472] [25776] [I] [SkyrimNet_SexLab_Scene.GetThreadActive] sid:0 --- thread.GetState() returned Animating
[18:35:47.472] [25776] [I] [SkyrimNet_SexLab_Scene.GetThreadActive] sid:0 --- return TRUE
[18:35:47.472] [25776] [I] [SkyrimNet_SexLab_Scene.GetDescription] sid:0 --- enter
[18:35:47.474] [25776] [I] [SkyrimNet_SexLab_Scene.GetThreadObj] sid:0 --- thread.IsVictim Sofia
[18:35:47.474] [25776] [I] [SkyrimNet_SexLab_Scene.GetThreadObj] sid:0 --- thread.IsVictim Orgnar
[18:35:47.474] [25776] [I] [SkyrimNet_SexLab_Scene.GetLocation] sid:0 --- enter
[18:35:47.474] [25776] [I] [SkyrimNet_SexLab_Scene.GetLocation] sid:0 --- thread.BedTypeId
[18:35:47.474] [25776] [I] [SkyrimNet_SexLab_Scene.GetLocation] sid:0 --- thread.Animation
[18:35:47.478] [25776] [I] [SkyrimNet_SexLab_Scene.GetLocation] sid:0 --- return Loc
[18:35:47.478] [25776] [I] [SkyrimNet_SexLab_Scene.GetThreadObj] sid:0 --- return thread_obj
[18:35:47.478] [25776] [I] [SkyrimNet_SexLab_Scene_Manager.GetThreadsJson] {
  "_counter": "4",
  "_threads": [
    {
      "_active": 1,
      "_Actors": [
        {
          "_arousal": -1,
          "_assailant": 0,
          "_creature_description": "",
          "_dom_slave": 0,
          "_enjoyment": 0,
          "_formid": "20",
          "_has_penis": 0,
          "_has_pussy": 1,
          "_is_hermaphrodiate": 0,
          "_name": "Sofia",
          "_no_orgasm": 0,
          "_notice_level": "Nothing",
          "_speaking_modifiers": [
            "_pleasure_"
          ],
          "_total_orgasm": 0,
          "_uuid": "3944757940392895572",
          "_victim": 0,
          "_wearing_strapon": 0
        },
        {
          "_arousal": -1,
          "_assailant": 0,
          "_creature_description": "",
          "_dom_slave": 0,
          "_enjoyment": 0,
          "_formid": "78982",
          "_has_penis": 1,
          "_has_pussy": 0,
          "_is_hermaphrodiate": 0,
          "_name": "Orgnar",
          "_no_orgasm": 0,
          "_notice_level": "Nothing",
          "_speaking_modifiers": [
            "_pleasure_"
          ],
          "_total_orgasm": 0,
          "_uuid": "6576269950174216257",
          "_victim": 0,
          "_wearing_strapon": 0
        }
      ],
      "_description": "Sofia is, kneeling position, having vaginal sex with Orgnar.\n\n",
      "_location": "the floor ",
      "_names": [
        "Sofia",
        "Orgnar"
      ],
      "_speaker_distance": 6.0655117034912109,
      "_speaker_los": 0,
      "_speaker_name": "delphine",
      "_status": "active",
      "_style": "normally",
      "_victims": []
    }
  ]
}
[18:35:47.483] [25776] [I] [SkyrimNet_SexLab_Scene.GetThread] sid:0 --- enter
[18:35:47.484] [25776] [I] [SkyrimNet_SexLab_Scene.GetThread] sid:0 --- return Thread
[18:35:47.484] [25776] [I] [SkyrimNet_SexLab_Scene.GetThreadActive] sid:0 --- enter
[18:35:47.484] [25776] [I] [SkyrimNet_SexLab_Scene.GetThreadActive] sid:0 --- thread.GetState()
[18:35:47.484] [25776] [I] [SkyrimNet_SexLab_Scene.GetThreadActive] sid:0 --- thread.GetState() returned Animating
[18:35:47.484] [25776] [I] [SkyrimNet_SexLab_Scene.GetThreadActive] sid:0 --- return TRUE
[18:35:47.484] [25776] [I] [SkyrimNet_SexLab_Scene.GetThreadObj] sid:0 --- enter speaker:Grommok the Bruiser
[18:35:47.484] [25776] [I] [SkyrimNet_SexLab_Scene.AlignActors] sid:0 --- enter
[18:35:47.484] [25776] [I] [SkyrimNet_SexLab_Scene.AlignActors] sid:0 --- thread.positions.length
[18:35:47.484] [25776] [I] [SkyrimNet_SexLab_Scene.EnsureActorArraysLargeEnough] sid:0 --- enter size:2
[18:35:47.484] [25776] [I] [SkyrimNet_SexLab_Scene.EnsureActorArraysLargeEnough] sid:0 --- return Void
[18:35:47.484] [25776] [I] [SkyrimNet_SexLab_Scene.UpdateActor] sid:0 --- enter i:0 akActor:Sofia
[18:35:47.484] [25776] [I] [SkyrimNet_SexLab_Scene.GetObjFromActor] sid:0 --- enter akActor:Sofia
[18:35:47.484] [25776] [I] [SkyrimNet_SexLab_Scene.GetObjFromActor] sid:0 --- return StorageUtil.GetIntValue(akActor, storage_obj_key, 0)
[18:35:47.485] [25776] [I] [SkyrimNet_SexLab_Scene.UpdateActor] sid:0 --- return Changed
[18:35:47.485] [25776] [I] [SkyrimNet_SexLab_Scene.UpdateActor] sid:0 --- enter i:1 akActor:Orgnar
[18:35:47.485] [25776] [I] [SkyrimNet_SexLab_Scene.GetObjFromActor] sid:0 --- enter akActor:Orgnar
[18:35:47.485] [25776] [I] [SkyrimNet_SexLab_Scene.GetObjFromActor] sid:0 --- return StorageUtil.GetIntValue(akActor, storage_obj_key, 0)
[18:35:47.485] [25776] [I] [SkyrimNet_SexLab_Scene.UpdateActor] sid:0 --- return Changed
[18:35:47.485] [25776] [I] [SkyrimNet_SexLab_Scene.ReconcileVictimFactions] sid:0 --- enter
[18:35:47.485] [25776] [I] [SkyrimNet_SexLab_Scene.ReconcileVictimFactions] sid:0 --- thread.IsVictim Sofia
[18:35:47.485] [25776] [I] [SkyrimNet_SexLab_Scene.ReconcileVictimFactions] sid:0 --- thread.IsVictim Orgnar
[18:35:47.485] [25776] [I] [SkyrimNet_SexLab_Scene.ReconcileVictimFactions] sid:0 --- end
[18:35:47.485] [25776] [I] [SkyrimNet_SexLab_Scene.AlignActors] sid:0 --- end
[18:35:47.485] [25776] [I] [SkyrimNet_SexLab_Scene.UpdateActor] sid:0 --- enter i:0 akActor:Sofia
[18:35:47.485] [25776] [I] [SkyrimNet_SexLab_Scene.GetObjFromActor] sid:0 --- enter akActor:Sofia
[18:35:47.485] [25776] [I] [SkyrimNet_SexLab_Scene.GetObjFromActor] sid:0 --- return StorageUtil.GetIntValue(akActor, storage_obj_key, 0)
[18:35:47.485] [25776] [I] [SkyrimNet_SexLab_Scene.UpdateActor] sid:0 --- return Changed
[18:35:47.485] [25776] [I] [SkyrimNet_SexLab_Scene.UpdateActor] sid:0 --- enter i:1 akActor:Orgnar
[18:35:47.485] [25776] [I] [SkyrimNet_SexLab_Scene.GetObjFromActor] sid:0 --- enter akActor:Orgnar
[18:35:47.485] [25776] [I] [SkyrimNet_SexLab_Scene.GetObjFromActor] sid:0 --- return StorageUtil.GetIntValue(akActor, storage_obj_key, 0)
[18:35:47.485] [25776] [I] [SkyrimNet_SexLab_Scene.UpdateActor] sid:0 --- return Changed
[18:35:47.485] [25776] [I] [SkyrimNet_SexLab_Scene.GetThreadActive] sid:0 --- enter
[18:35:47.485] [25776] [I] [SkyrimNet_SexLab_Scene.GetThreadActive] sid:0 --- thread.GetState()
[18:35:47.485] [25776] [I] [SkyrimNet_SexLab_Scene.GetThreadActive] sid:0 --- thread.GetState() returned Animating
[18:35:47.485] [25776] [I] [SkyrimNet_SexLab_Scene.GetThreadActive] sid:0 --- return TRUE
[18:35:47.485] [25776] [I] [SkyrimNet_SexLab_Scene.GetDescription] sid:0 --- enter
[18:35:47.487] [25776] [I] [SkyrimNet_SexLab_Scene.GetThreadObj] sid:0 --- thread.IsVictim Sofia
[18:35:47.488] [25776] [I] [SkyrimNet_SexLab_Scene.GetThreadObj] sid:0 --- thread.IsVictim Orgnar
[18:35:47.488] [25776] [I] [SkyrimNet_SexLab_Scene.GetLocation] sid:0 --- enter
[18:35:47.488] [25776] [I] [SkyrimNet_SexLab_Scene.GetLocation] sid:0 --- thread.BedTypeId
[18:35:47.488] [25776] [I] [SkyrimNet_SexLab_Scene.GetLocation] sid:0 --- thread.Animation
[18:35:47.491] [12528] [I] [SkyrimNet_SexLab_Scene.GetLocation] sid:0 --- return Loc
[18:35:47.491] [12528] [I] [SkyrimNet_SexLab_Scene.GetThreadObj] sid:0 --- return thread_obj
[18:35:47.492] [12528] [I] [SkyrimNet_SexLab_Scene_Manager.GetThreadsJson] {
  "_counter": "5",
  "_threads": [
    {
      "_active": 1,
      "_Actors": [
        {
          "_arousal": -1,
          "_assailant": 0,
          "_creature_description": "",
          "_dom_slave": 0,
          "_enjoyment": 0,
          "_formid": "20",
          "_has_penis": 0,
          "_has_pussy": 1,
          "_is_hermaphrodiate": 0,
          "_name": "Sofia",
          "_no_orgasm": 0,
          "_notice_level": "Nothing",
          "_speaking_modifiers": [
            "_pleasure_"
          ],
          "_total_orgasm": 0,
          "_uuid": "3944757940392895572",
          "_victim": 0,
          "_wearing_strapon": 0
        },
        {
          "_arousal": -1,
          "_assailant": 0,
          "_creature_description": "",
          "_dom_slave": 0,
          "_enjoyment": 0,
          "_formid": "78982",
          "_has_penis": 1,
          "_has_pussy": 0,
          "_is_hermaphrodiate": 0,
          "_name": "Orgnar",
          "_no_orgasm": 0,
          "_notice_level": "Nothing",
          "_speaking_modifiers": [
            "_pleasure_"
          ],
          "_total_orgasm": 0,
          "_uuid": "6576269950174216257",
          "_victim": 0,
          "_wearing_strapon": 0
        }
      ],
      "_description": "Sofia is, kneeling position, having vaginal sex with Orgnar.\n\n",
      "_location": "the floor ",
      "_names": [
        "Sofia",
        "Orgnar"
      ],
      "_speaker_distance": 17.824193954467773,
      "_speaker_los": 0,
      "_speaker_name": "Grommok the Bruiser",
      "_status": "active",
      "_style": "normally",
      "_victims": []
    }
  ]
}
[18:35:47.496] [11964] [I] [SkyrimNet_SexLab_Scene.GetThread] sid:0 --- enter
[18:35:47.496] [11964] [I] [SkyrimNet_SexLab_Scene.GetThread] sid:0 --- return Thread
[18:35:47.496] [11964] [I] [SkyrimNet_SexLab_Scene.GetThreadActive] sid:0 --- enter
[18:35:47.496] [11964] [I] [SkyrimNet_SexLab_Scene.GetThreadActive] sid:0 --- thread.GetState()
[18:35:47.496] [11964] [I] [SkyrimNet_SexLab_Scene.GetThreadActive] sid:0 --- thread.GetState() returned Animating
[18:35:47.496] [11964] [I] [SkyrimNet_SexLab_Scene.GetThreadActive] sid:0 --- return TRUE
[18:35:47.496] [11964] [I] [SkyrimNet_SexLab_Scene.GetThreadObj] sid:0 --- enter speaker:Sofia
[18:35:47.496] [11964] [I] [SkyrimNet_SexLab_Scene.AlignActors] sid:0 --- enter
[18:35:47.496] [11964] [I] [SkyrimNet_SexLab_Scene.AlignActors] sid:0 --- thread.positions.length
[18:35:47.496] [11964] [I] [SkyrimNet_SexLab_Scene.EnsureActorArraysLargeEnough] sid:0 --- enter size:2
[18:35:47.496] [11964] [I] [SkyrimNet_SexLab_Scene.EnsureActorArraysLargeEnough] sid:0 --- return Void
[18:35:47.496] [11964] [I] [SkyrimNet_SexLab_Scene.UpdateActor] sid:0 --- enter i:0 akActor:Sofia
[18:35:47.497] [11964] [I] [SkyrimNet_SexLab_Scene.GetObjFromActor] sid:0 --- enter akActor:Sofia
[18:35:47.497] [11964] [I] [SkyrimNet_SexLab_Scene.GetObjFromActor] sid:0 --- return StorageUtil.GetIntValue(akActor, storage_obj_key, 0)
[18:35:47.497] [11964] [I] [SkyrimNet_SexLab_Scene.UpdateActor] sid:0 --- return Changed
[18:35:47.497] [11964] [I] [SkyrimNet_SexLab_Scene.UpdateActor] sid:0 --- enter i:1 akActor:Orgnar
[18:35:47.497] [11964] [I] [SkyrimNet_SexLab_Scene.GetObjFromActor] sid:0 --- enter akActor:Orgnar
[18:35:47.497] [11964] [I] [SkyrimNet_SexLab_Scene.GetObjFromActor] sid:0 --- return StorageUtil.GetIntValue(akActor, storage_obj_key, 0)
[18:35:47.497] [11964] [I] [SkyrimNet_SexLab_Scene.UpdateActor] sid:0 --- return Changed
[18:35:47.497] [11964] [I] [SkyrimNet_SexLab_Scene.ReconcileVictimFactions] sid:0 --- enter
[18:35:47.497] [11964] [I] [SkyrimNet_SexLab_Scene.ReconcileVictimFactions] sid:0 --- thread.IsVictim Sofia
[18:35:47.497] [11964] [I] [SkyrimNet_SexLab_Scene.ReconcileVictimFactions] sid:0 --- thread.IsVictim Orgnar
[18:35:47.497] [11964] [I] [SkyrimNet_SexLab_Scene.ReconcileVictimFactions] sid:0 --- end
[18:35:47.497] [11964] [I] [SkyrimNet_SexLab_Scene.AlignActors] sid:0 --- end
[18:35:47.497] [11964] [I] [SkyrimNet_SexLab_Scene.UpdateActor] sid:0 --- enter i:0 akActor:Sofia
[18:35:47.497] [11964] [I] [SkyrimNet_SexLab_Scene.GetObjFromActor] sid:0 --- enter akActor:Sofia
[18:35:47.497] [11964] [I] [SkyrimNet_SexLab_Scene.GetObjFromActor] sid:0 --- return StorageUtil.GetIntValue(akActor, storage_obj_key, 0)
[18:35:47.497] [11964] [I] [SkyrimNet_SexLab_Scene.UpdateActor] sid:0 --- return Changed
[18:35:47.497] [11964] [I] [SkyrimNet_SexLab_Scene.UpdateActor] sid:0 --- enter i:1 akActor:Orgnar
[18:35:47.497] [11964] [I] [SkyrimNet_SexLab_Scene.GetObjFromActor] sid:0 --- enter akActor:Orgnar
[18:35:47.497] [11964] [I] [SkyrimNet_SexLab_Scene.GetObjFromActor] sid:0 --- return StorageUtil.GetIntValue(akActor, storage_obj_key, 0)
[18:35:47.497] [11964] [I] [SkyrimNet_SexLab_Scene.UpdateActor] sid:0 --- return Changed
[18:35:47.497] [11964] [I] [SkyrimNet_SexLab_Scene.GetThreadActive] sid:0 --- enter
[18:35:47.497] [11964] [I] [SkyrimNet_SexLab_Scene.GetThreadActive] sid:0 --- thread.GetState()
[18:35:47.497] [11964] [I] [SkyrimNet_SexLab_Scene.GetThreadActive] sid:0 --- thread.GetState() returned Animating
[18:35:47.497] [11964] [I] [SkyrimNet_SexLab_Scene.GetThreadActive] sid:0 --- return TRUE
[18:35:47.497] [11964] [I] [SkyrimNet_SexLab_Scene.GetDescription] sid:0 --- enter
[18:35:47.499] [11964] [I] [SkyrimNet_SexLab_Scene.GetThreadObj] sid:0 --- thread.IsVictim Sofia
[18:35:47.499] [11964] [I] [SkyrimNet_SexLab_Scene.GetThreadObj] sid:0 --- thread.IsVictim Orgnar
[18:35:47.499] [11964] [I] [SkyrimNet_SexLab_Scene.GetLocation] sid:0 --- enter
[18:35:47.499] [11964] [I] [SkyrimNet_SexLab_Scene.GetLocation] sid:0 --- thread.BedTypeId
[18:35:47.499] [11964] [I] [SkyrimNet_SexLab_Scene.GetLocation] sid:0 --- thread.Animation
[18:35:47.503] [11964] [I] [SkyrimNet_SexLab_Scene.GetLocation] sid:0 --- return Loc
[18:35:47.503] [11964] [I] [SkyrimNet_SexLab_Scene.GetThreadObj] sid:0 --- return thread_obj
[18:35:47.503] [11964] [I] [SkyrimNet_SexLab_Scene_Manager.GetThreadsJson] {
  "_counter": "6",
  "_threads": [
    {
      "_active": 1,
      "_Actors": [
        {
          "_arousal": -1,
          "_assailant": 0,
          "_creature_description": "",
          "_dom_slave": 0,
          "_enjoyment": 0,
          "_formid": "20",
          "_has_penis": 0,
          "_has_pussy": 1,
          "_is_hermaphrodiate": 0,
          "_name": "Sofia",
          "_no_orgasm": 0,
          "_notice_level": "Nothing",
          "_speaking_modifiers": [
            "_pleasure_"
          ],
          "_total_orgasm": 0,
          "_uuid": "3944757940392895572",
          "_victim": 0,
          "_wearing_strapon": 0
        },
        {
          "_arousal": -1,
          "_assailant": 0,
          "_creature_description": "",
          "_dom_slave": 0,
          "_enjoyment": 0,
          "_formid": "78982",
          "_has_penis": 1,
          "_has_pussy": 0,
          "_is_hermaphrodiate": 0,
          "_name": "Orgnar",
          "_no_orgasm": 0,
          "_notice_level": "Nothing",
          "_speaking_modifiers": [
            "_pleasure_"
          ],
          "_total_orgasm": 0,
          "_uuid": "6576269950174216257",
          "_victim": 0,
          "_wearing_strapon": 0
        }
      ],
      "_description": "Sofia is, kneeling position, having vaginal sex with Orgnar.\n\n",
      "_location": "the floor ",
      "_names": [
        "Sofia",
        "Orgnar"
      ],
      "_speaker_distance": 0.0,
      "_speaker_los": 1,
      "_speaker_name": "Sofia",
      "_status": "active",
      "_style": "normally",
      "_victims": []
    }
  ]
}
[18:35:47.509] [25776] [I] [SkyrimNet_SexLab_Scene.GetThread] sid:0 --- enter
[18:35:47.509] [25776] [I] [SkyrimNet_SexLab_Scene.GetThread] sid:0 --- return Thread
[18:35:47.509] [25776] [I] [SkyrimNet_SexLab_Scene.GetThreadActive] sid:0 --- enter
[18:35:47.509] [25776] [I] [SkyrimNet_SexLab_Scene.GetThreadActive] sid:0 --- thread.GetState()
[18:35:47.509] [25776] [I] [SkyrimNet_SexLab_Scene.GetThreadActive] sid:0 --- thread.GetState() returned Animating
[18:35:47.509] [25776] [I] [SkyrimNet_SexLab_Scene.GetThreadActive] sid:0 --- return TRUE
[18:35:47.509] [25776] [I] [SkyrimNet_SexLab_Scene.GetThreadObj] sid:0 --- enter speaker:Orgnar
[18:35:47.509] [25776] [I] [SkyrimNet_SexLab_Scene.AlignActors] sid:0 --- enter
[18:35:47.509] [25776] [I] [SkyrimNet_SexLab_Scene.AlignActors] sid:0 --- thread.positions.length
[18:35:47.509] [25776] [I] [SkyrimNet_SexLab_Scene.EnsureActorArraysLargeEnough] sid:0 --- enter size:2
[18:35:47.509] [25776] [I] [SkyrimNet_SexLab_Scene.EnsureActorArraysLargeEnough] sid:0 --- return Void
[18:35:47.509] [25776] [I] [SkyrimNet_SexLab_Scene.UpdateActor] sid:0 --- enter i:0 akActor:Sofia
[18:35:47.509] [25776] [I] [SkyrimNet_SexLab_Scene.GetObjFromActor] sid:0 --- enter akActor:Sofia
[18:35:47.510] [25776] [I] [SkyrimNet_SexLab_Scene.GetObjFromActor] sid:0 --- return StorageUtil.GetIntValue(akActor, storage_obj_key, 0)
[18:35:47.510] [25776] [I] [SkyrimNet_SexLab_Scene.UpdateActor] sid:0 --- return Changed
[18:35:47.510] [25776] [I] [SkyrimNet_SexLab_Scene.UpdateActor] sid:0 --- enter i:1 akActor:Orgnar
[18:35:47.510] [25776] [I] [SkyrimNet_SexLab_Scene.GetObjFromActor] sid:0 --- enter akActor:Orgnar
[18:35:47.510] [25776] [I] [SkyrimNet_SexLab_Scene.GetObjFromActor] sid:0 --- return StorageUtil.GetIntValue(akActor, storage_obj_key, 0)
[18:35:47.510] [25776] [I] [SkyrimNet_SexLab_Scene.UpdateActor] sid:0 --- return Changed
[18:35:47.510] [25776] [I] [SkyrimNet_SexLab_Scene.ReconcileVictimFactions] sid:0 --- enter
[18:35:47.510] [25776] [I] [SkyrimNet_SexLab_Scene.ReconcileVictimFactions] sid:0 --- thread.IsVictim Sofia
[18:35:47.510] [25776] [I] [SkyrimNet_SexLab_Scene.ReconcileVictimFactions] sid:0 --- thread.IsVictim Orgnar
[18:35:47.510] [25776] [I] [SkyrimNet_SexLab_Scene.ReconcileVictimFactions] sid:0 --- end
[18:35:47.510] [25776] [I] [SkyrimNet_SexLab_Scene.AlignActors] sid:0 --- end
[18:35:47.510] [25776] [I] [SkyrimNet_SexLab_Scene.UpdateActor] sid:0 --- enter i:0 akActor:Sofia
[18:35:47.510] [25776] [I] [SkyrimNet_SexLab_Scene.GetObjFromActor] sid:0 --- enter akActor:Sofia
[18:35:47.510] [25776] [I] [SkyrimNet_SexLab_Scene.GetObjFromActor] sid:0 --- return StorageUtil.GetIntValue(akActor, storage_obj_key, 0)
[18:35:47.510] [25776] [I] [SkyrimNet_SexLab_Scene.UpdateActor] sid:0 --- return Changed
[18:35:47.510] [25776] [I] [SkyrimNet_SexLab_Scene.UpdateActor] sid:0 --- enter i:1 akActor:Orgnar
[18:35:47.510] [25776] [I] [SkyrimNet_SexLab_Scene.GetObjFromActor] sid:0 --- enter akActor:Orgnar
[18:35:47.510] [25776] [I] [SkyrimNet_SexLab_Scene.GetObjFromActor] sid:0 --- return StorageUtil.GetIntValue(akActor, storage_obj_key, 0)
[18:35:47.510] [25776] [I] [SkyrimNet_SexLab_Scene.UpdateActor] sid:0 --- return Changed
[18:35:47.510] [25776] [I] [SkyrimNet_SexLab_Scene.GetThreadActive] sid:0 --- enter
[18:35:47.510] [25776] [I] [SkyrimNet_SexLab_Scene.GetThreadActive] sid:0 --- thread.GetState()
[18:35:47.510] [25776] [I] [SkyrimNet_SexLab_Scene.GetThreadActive] sid:0 --- thread.GetState() returned Animating
[18:35:47.510] [25776] [I] [SkyrimNet_SexLab_Scene.GetThreadActive] sid:0 --- return TRUE
[18:35:47.510] [25776] [I] [SkyrimNet_SexLab_Scene.GetDescription] sid:0 --- enter
[18:35:47.512] [25776] [I] [SkyrimNet_SexLab_Scene.GetThreadObj] sid:0 --- thread.IsVictim Sofia
[18:35:47.512] [25776] [I] [SkyrimNet_SexLab_Scene.GetThreadObj] sid:0 --- thread.IsVictim Orgnar
[18:35:47.512] [25776] [I] [SkyrimNet_SexLab_Scene.GetLocation] sid:0 --- enter
[18:35:47.512] [25776] [I] [SkyrimNet_SexLab_Scene.GetLocation] sid:0 --- thread.BedTypeId
[18:35:47.512] [25776] [I] [SkyrimNet_SexLab_Scene.GetLocation] sid:0 --- thread.Animation
[18:35:47.515] [17664] [I] [SkyrimNet_SexLab_Scene.GetLocation] sid:0 --- return Loc
[18:35:47.515] [17664] [I] [SkyrimNet_SexLab_Scene.GetThreadObj] sid:0 --- return thread_obj
[18:35:47.516] [17664] [I] [SkyrimNet_SexLab_Scene_Manager.GetThreadsJson] {
  "_counter": "7",
  "_threads": [
    {
      "_active": 1,
      "_Actors": [
        {
          "_arousal": -1,
          "_assailant": 0,
          "_creature_description": "",
          "_dom_slave": 0,
          "_enjoyment": 0,
          "_formid": "20",
          "_has_penis": 0,
          "_has_pussy": 1,
          "_is_hermaphrodiate": 0,
          "_name": "Sofia",
          "_no_orgasm": 0,
          "_notice_level": "Nothing",
          "_speaking_modifiers": [
            "_pleasure_"
          ],
          "_total_orgasm": 0,
          "_uuid": "3944757940392895572",
          "_victim": 0,
          "_wearing_strapon": 0
        },
        {
          "_arousal": -1,
          "_assailant": 0,
          "_creature_description": "",
          "_dom_slave": 0,
          "_enjoyment": 0,
          "_formid": "78982",
          "_has_penis": 1,
          "_has_pussy": 0,
          "_is_hermaphrodiate": 0,
          "_name": "Orgnar",
          "_no_orgasm": 0,
          "_notice_level": "Nothing",
          "_speaking_modifiers": [
            "_pleasure_"
          ],
          "_total_orgasm": 0,
          "_uuid": "6576269950174216257",
          "_victim": 0,
          "_wearing_strapon": 0
        }
      ],
      "_description": "Sofia is, kneeling position, having vaginal sex with Orgnar.\n\n",
      "_location": "the floor ",
      "_names": [
        "Sofia",
        "Orgnar"
      ],
      "_speaker_distance": 0.0,
      "_speaker_los": 1,
      "_speaker_name": "Orgnar",
      "_status": "active",
      "_style": "normally",
      "_victims": []
    }
  ]
}
[18:35:47.520] [11964] [I] [SkyrimNet_SexLab_Scene.GetThread] sid:0 --- enter
[18:35:47.520] [11964] [I] [SkyrimNet_SexLab_Scene.GetThread] sid:0 --- return Thread
[18:35:47.520] [11964] [I] [SkyrimNet_SexLab_Scene.GetThreadActive] sid:0 --- enter
[18:35:47.520] [11964] [I] [SkyrimNet_SexLab_Scene.GetThreadActive] sid:0 --- thread.GetState()
[18:35:47.520] [11964] [I] [SkyrimNet_SexLab_Scene.GetThreadActive] sid:0 --- thread.GetState() returned Animating
[18:35:47.520] [11964] [I] [SkyrimNet_SexLab_Scene.GetThreadActive] sid:0 --- return TRUE
[18:35:47.520] [11964] [I] [SkyrimNet_SexLab_Scene.GetThreadObj] sid:0 --- enter speaker:Daegon
[18:35:47.520] [11964] [I] [SkyrimNet_SexLab_Scene.AlignActors] sid:0 --- enter
[18:35:47.520] [11964] [I] [SkyrimNet_SexLab_Scene.AlignActors] sid:0 --- thread.positions.length
[18:35:47.520] [11964] [I] [SkyrimNet_SexLab_Scene.EnsureActorArraysLargeEnough] sid:0 --- enter size:2
[18:35:47.520] [11964] [I] [SkyrimNet_SexLab_Scene.EnsureActorArraysLargeEnough] sid:0 --- return Void
[18:35:47.520] [11964] [I] [SkyrimNet_SexLab_Scene.UpdateActor] sid:0 --- enter i:0 akActor:Sofia
[18:35:47.520] [11964] [I] [SkyrimNet_SexLab_Scene.GetObjFromActor] sid:0 --- enter akActor:Sofia
[18:35:47.520] [11964] [I] [SkyrimNet_SexLab_Scene.GetObjFromActor] sid:0 --- return StorageUtil.GetIntValue(akActor, storage_obj_key, 0)
[18:35:47.521] [11964] [I] [SkyrimNet_SexLab_Scene.UpdateActor] sid:0 --- return Changed
[18:35:47.521] [11964] [I] [SkyrimNet_SexLab_Scene.UpdateActor] sid:0 --- enter i:1 akActor:Orgnar
[18:35:47.521] [11964] [I] [SkyrimNet_SexLab_Scene.GetObjFromActor] sid:0 --- enter akActor:Orgnar
[18:35:47.521] [11964] [I] [SkyrimNet_SexLab_Scene.GetObjFromActor] sid:0 --- return StorageUtil.GetIntValue(akActor, storage_obj_key, 0)
[18:35:47.521] [11964] [I] [SkyrimNet_SexLab_Scene.UpdateActor] sid:0 --- return Changed
[18:35:47.521] [11964] [I] [SkyrimNet_SexLab_Scene.ReconcileVictimFactions] sid:0 --- enter
[18:35:47.521] [11964] [I] [SkyrimNet_SexLab_Scene.ReconcileVictimFactions] sid:0 --- thread.IsVictim Sofia
[18:35:47.521] [11964] [I] [SkyrimNet_SexLab_Scene.ReconcileVictimFactions] sid:0 --- thread.IsVictim Orgnar
[18:35:47.521] [11964] [I] [SkyrimNet_SexLab_Scene.ReconcileVictimFactions] sid:0 --- end
[18:35:47.521] [11964] [I] [SkyrimNet_SexLab_Scene.AlignActors] sid:0 --- end
[18:35:47.521] [11964] [I] [SkyrimNet_SexLab_Scene.UpdateActor] sid:0 --- enter i:0 akActor:Sofia
[18:35:47.521] [11964] [I] [SkyrimNet_SexLab_Scene.GetObjFromActor] sid:0 --- enter akActor:Sofia
[18:35:47.521] [11964] [I] [SkyrimNet_SexLab_Scene.GetObjFromActor] sid:0 --- return StorageUtil.GetIntValue(akActor, storage_obj_key, 0)
[18:35:47.521] [11964] [I] [SkyrimNet_SexLab_Scene.UpdateActor] sid:0 --- return Changed
[18:35:47.521] [11964] [I] [SkyrimNet_SexLab_Scene.UpdateActor] sid:0 --- enter i:1 akActor:Orgnar
[18:35:47.521] [11964] [I] [SkyrimNet_SexLab_Scene.GetObjFromActor] sid:0 --- enter akActor:Orgnar
[18:35:47.521] [11964] [I] [SkyrimNet_SexLab_Scene.GetObjFromActor] sid:0 --- return StorageUtil.GetIntValue(akActor, storage_obj_key, 0)
[18:35:47.521] [11964] [I] [SkyrimNet_SexLab_Scene.UpdateActor] sid:0 --- return Changed
[18:35:47.521] [11964] [I] [SkyrimNet_SexLab_Scene.GetThreadActive] sid:0 --- enter
[18:35:47.521] [11964] [I] [SkyrimNet_SexLab_Scene.GetThreadActive] sid:0 --- thread.GetState()
[18:35:47.521] [11964] [I] [SkyrimNet_SexLab_Scene.GetThreadActive] sid:0 --- thread.GetState() returned Animating
[18:35:47.521] [11964] [I] [SkyrimNet_SexLab_Scene.GetThreadActive] sid:0 --- return TRUE
[18:35:47.521] [11964] [I] [SkyrimNet_SexLab_Scene.GetDescription] sid:0 --- enter
[18:35:47.523] [11964] [I] [SkyrimNet_SexLab_Scene.GetThreadObj] sid:0 --- thread.IsVictim Sofia
[18:35:47.523] [11964] [I] [SkyrimNet_SexLab_Scene.GetThreadObj] sid:0 --- thread.IsVictim Orgnar
[18:35:47.523] [11964] [I] [SkyrimNet_SexLab_Scene.GetLocation] sid:0 --- enter
[18:35:47.524] [11964] [I] [SkyrimNet_SexLab_Scene.GetLocation] sid:0 --- thread.BedTypeId
[18:35:47.524] [11964] [I] [SkyrimNet_SexLab_Scene.GetLocation] sid:0 --- thread.Animation
[18:35:47.527] [11964] [I] [SkyrimNet_SexLab_Scene.GetLocation] sid:0 --- return Loc
[18:35:47.527] [11964] [I] [SkyrimNet_SexLab_Scene.GetThreadObj] sid:0 --- return thread_obj
[18:35:47.527] [11964] [I] [SkyrimNet_SexLab_Scene_Manager.GetThreadsJson] {
  "_counter": "8",
  "_threads": [
    {
      "_active": 1,
      "_Actors": [
        {
          "_arousal": -1,
          "_assailant": 0,
          "_creature_description": "",
          "_dom_slave": 0,
          "_enjoyment": 0,
          "_formid": "20",
          "_has_penis": 0,
          "_has_pussy": 1,
          "_is_hermaphrodiate": 0,
          "_name": "Sofia",
          "_no_orgasm": 0,
          "_notice_level": "Nothing",
          "_speaking_modifiers": [
            "_pleasure_"
          ],
          "_total_orgasm": 0,
          "_uuid": "3944757940392895572",
          "_victim": 0,
          "_wearing_strapon": 0
        },
        {
          "_arousal": -1,
          "_assailant": 0,
          "_creature_description": "",
          "_dom_slave": 0,
          "_enjoyment": 0,
          "_formid": "78982",
          "_has_penis": 1,
          "_has_pussy": 0,
          "_is_hermaphrodiate": 0,
          "_name": "Orgnar",
          "_no_orgasm": 0,
          "_notice_level": "Nothing",
          "_speaking_modifiers": [
            "_pleasure_"
          ],
          "_total_orgasm": 0,
          "_uuid": "6576269950174216257",
          "_victim": 0,
          "_wearing_strapon": 0
        }
      ],
      "_description": "Sofia is, kneeling position, having vaginal sex with Orgnar.\n\n",
      "_location": "the floor ",
      "_names": [
        "Sofia",
        "Orgnar"
      ],
      "_speaker_distance": 6.6497941017150879,
      "_speaker_los": 1,
      "_speaker_name": "Daegon",
      "_status": "active",
      "_style": "normally",
      "_victims": []
    }
  ]
}
[18:35:47.616] [25776] [I] [skyrimnet_sexlab_decorators.Outfit_Options] delphine has options:undresses
[18:35:47.628] [12528] [I] [skyrimnet_sexlab_decorators.Outfit_Options] Sofia has options:undresses
[18:35:47.640] [12528] [I] [skyrimnet_sexlab_decorators.Outfit_Options] Orgnar has options:undresses
[18:35:47.649] [25776] [I] [skyrimnet_sexlab_decorators.Outfit_Options] Daegon has options:undresses
[18:35:47.659] [16432] [I] [skyrimnet_sexlab_decorators.Outfit_Options] Grommok the Bruiser has options:undresses
[18:35:47.676] [12528] [I] [SkyrimNet_SexLab_Scene_Manager.GetThread] Actor:delphine
[18:35:47.686] [34276] [I] [SkyrimNet_SexLab_Scene_Manager.GetThread] Actor:Sofia
[18:35:47.686] [34276] [I] [SkyrimNet_SexLab_Scene.GetThread] sid:0 --- enter
[18:35:47.686] [34276] [I] [SkyrimNet_SexLab_Scene.GetThread] sid:0 --- return Thread
[18:35:47.694] [25776] [I] [SkyrimNet_SexLab_Scene_Manager.GetThread] Actor:Orgnar
[18:35:47.694] [25776] [I] [SkyrimNet_SexLab_Scene.GetThread] sid:0 --- enter
[18:35:47.694] [25776] [I] [SkyrimNet_SexLab_Scene.GetThread] sid:0 --- return Thread
[18:35:47.702] [11964] [I] [SkyrimNet_SexLab_Scene_Manager.GetThread] Actor:Daegon
[18:35:47.710] [11964] [I] [SkyrimNet_SexLab_Scene_Manager.GetThread] Actor:Grommok the Bruiser
[18:35:47.730] [12528] [I] [SkyrimNet_SexLab_Scene_Manager.GetThread] Actor:delphine
[18:35:47.740] [16432] [I] [SkyrimNet_SexLab_Scene_Manager.GetThread] Actor:Sofia
[18:35:47.741] [16432] [I] [SkyrimNet_SexLab_Scene.GetThread] sid:0 --- enter
[18:35:47.741] [16432] [I] [SkyrimNet_SexLab_Scene.GetThread] sid:0 --- return Thread
[18:35:47.741] [16432] [I] [SkyrimNet_SexLab_Scene.GetThread] sid:0 --- enter
[18:35:47.741] [16432] [I] [SkyrimNet_SexLab_Scene.GetThread] sid:0 --- return Thread
[18:35:47.741] [16432] [I] [SkyrimNet_SexLab_Scene.GetDescription] sid:0 --- enter
[18:35:47.752] [12528] [I] [SkyrimNet_SexLab_Scene_Manager.GetThread] Actor:Orgnar
[18:35:47.752] [12528] [I] [SkyrimNet_SexLab_Scene.GetThread] sid:0 --- enter
[18:35:47.752] [12528] [I] [SkyrimNet_SexLab_Scene.GetThread] sid:0 --- return Thread
[18:35:47.752] [12528] [I] [SkyrimNet_SexLab_Scene.GetThread] sid:0 --- enter
[18:35:47.752] [12528] [I] [SkyrimNet_SexLab_Scene.GetThread] sid:0 --- return Thread
[18:35:47.752] [12528] [I] [SkyrimNet_SexLab_Scene.GetDescription] sid:0 --- enter
[18:35:47.762] [17664] [I] [SkyrimNet_SexLab_Scene_Manager.GetThread] Actor:Daegon
[18:35:47.785] [16432] [I] [SkyrimNet_SexLab_Scene_Manager.GetThread] Actor:Grommok the Bruiser
[18:36:25.572] [17664] [I] [SkyrimNet_SexLab_Scene.GetThread] sid:0 --- enter
[18:36:25.572] [17664] [I] [SkyrimNet_SexLab_Scene.GetThread] sid:0 --- return Thread
[18:36:25.572] [17664] [I] [SkyrimNet_SexLab_Scene.StageStart] sid:0 --- enter
[18:36:25.572] [17664] [I] [SkyrimNet_SexLab_Scene.AlignActors] sid:0 --- enter
[18:36:25.572] [17664] [I] [SkyrimNet_SexLab_Scene.AlignActors] sid:0 --- thread.positions.length
[18:36:25.572] [17664] [I] [SkyrimNet_SexLab_Scene.EnsureActorArraysLargeEnough] sid:0 --- enter size:2
[18:36:25.572] [17664] [I] [SkyrimNet_SexLab_Scene.EnsureActorArraysLargeEnough] sid:0 --- return Void
[18:36:25.572] [17664] [I] [SkyrimNet_SexLab_Scene.UpdateActor] sid:0 --- enter i:0 akActor:Sofia
[18:36:25.572] [17664] [I] [SkyrimNet_SexLab_Scene.GetObjFromActor] sid:0 --- enter akActor:Sofia
[18:36:25.572] [17664] [I] [SkyrimNet_SexLab_Scene.GetObjFromActor] sid:0 --- return StorageUtil.GetIntValue(akActor, storage_obj_key, 0)
[18:36:25.581] [34276] [I] [SkyrimNet_SexLab_Scene.UpdateActor] sid:0 --- return Changed
[18:36:25.589] [16432] [I] [SkyrimNet_SexLab_Scene.UpdateActor] sid:0 --- enter i:1 akActor:Orgnar
[18:36:25.590] [16432] [I] [SkyrimNet_SexLab_Scene.GetObjFromActor] sid:0 --- enter akActor:Orgnar
[18:36:25.590] [16432] [I] [SkyrimNet_SexLab_Scene.GetObjFromActor] sid:0 --- return StorageUtil.GetIntValue(akActor, storage_obj_key, 0)
[18:36:25.590] [16432] [I] [SkyrimNet_SexLab_Scene.UpdateActor] sid:0 --- return Changed
[18:36:25.590] [16432] [I] [SkyrimNet_SexLab_Scene.ReconcileVictimFactions] sid:0 --- enter
[18:36:25.590] [16432] [I] [SkyrimNet_SexLab_Scene.ReconcileVictimFactions] sid:0 --- thread.IsVictim Sofia
[18:36:25.590] [16432] [I] [SkyrimNet_SexLab_Scene.ReconcileVictimFactions] sid:0 --- thread.IsVictim Orgnar
[18:36:25.590] [16432] [I] [SkyrimNet_SexLab_Scene.ReconcileVictimFactions] sid:0 --- end
[18:36:25.590] [16432] [I] [SkyrimNet_SexLab_Scene.AlignActors] sid:0 --- end
[18:36:25.590] [16432] [I] [SkyrimNet_SexLab_Scene.GetThread] sid:0 --- enter
[18:36:25.590] [16432] [I] [SkyrimNet_SexLab_Scene.GetThread] sid:0 --- return Thread
[18:36:25.590] [16432] [I] [SkyrimNet_SexLab_Scene.GetThreadActive] sid:0 --- enter
[18:36:25.590] [16432] [I] [SkyrimNet_SexLab_Scene.GetThreadActive] sid:0 --- thread.GetState()
[18:36:25.590] [16432] [I] [SkyrimNet_SexLab_Scene.GetThreadActive] sid:0 --- thread.GetState() returned Animating
[18:36:25.590] [16432] [I] [SkyrimNet_SexLab_Scene.GetThreadActive] sid:0 --- return TRUE
[18:36:25.590] [16432] [I] [SkyrimNet_SexLab_Scene.GetThreadObj] sid:0 --- enter speaker:Daegon
[18:36:25.590] [16432] [I] [SkyrimNet_SexLab_Scene.AlignActors] sid:0 --- enter
[18:36:25.590] [16432] [I] [SkyrimNet_SexLab_Scene.AlignActors] sid:0 --- thread.positions.length
[18:36:25.590] [16432] [I] [SkyrimNet_SexLab_Scene.EnsureActorArraysLargeEnough] sid:0 --- enter size:2
[18:36:25.590] [16432] [I] [SkyrimNet_SexLab_Scene.EnsureActorArraysLargeEnough] sid:0 --- return Void
[18:36:25.590] [16432] [I] [SkyrimNet_SexLab_Scene.UpdateActor] sid:0 --- enter i:0 akActor:Sofia
[18:36:25.590] [16432] [I] [SkyrimNet_SexLab_Scene.GetObjFromActor] sid:0 --- enter akActor:Sofia
[18:36:25.590] [16432] [I] [SkyrimNet_SexLab_Scene.GetObjFromActor] sid:0 --- return StorageUtil.GetIntValue(akActor, storage_obj_key, 0)
[18:36:25.591] [16432] [I] [SkyrimNet_SexLab_Scene.UpdateActor] sid:0 --- return Changed
[18:36:25.591] [16432] [I] [SkyrimNet_SexLab_Scene.UpdateActor] sid:0 --- enter i:1 akActor:Orgnar
[18:36:25.591] [16432] [I] [SkyrimNet_SexLab_Scene.GetObjFromActor] sid:0 --- enter akActor:Orgnar
[18:36:25.591] [16432] [I] [SkyrimNet_SexLab_Scene.GetObjFromActor] sid:0 --- return StorageUtil.GetIntValue(akActor, storage_obj_key, 0)
[18:36:25.591] [16432] [I] [SkyrimNet_SexLab_Scene.UpdateActor] sid:0 --- return Changed
[18:36:25.591] [16432] [I] [SkyrimNet_SexLab_Scene.ReconcileVictimFactions] sid:0 --- enter
[18:36:25.591] [16432] [I] [SkyrimNet_SexLab_Scene.ReconcileVictimFactions] sid:0 --- thread.IsVictim Sofia
[18:36:25.591] [16432] [I] [SkyrimNet_SexLab_Scene.ReconcileVictimFactions] sid:0 --- thread.IsVictim Orgnar
[18:36:25.591] [16432] [I] [SkyrimNet_SexLab_Scene.ReconcileVictimFactions] sid:0 --- end
[18:36:25.591] [16432] [I] [SkyrimNet_SexLab_Scene.AlignActors] sid:0 --- end
[18:36:25.591] [16432] [I] [SkyrimNet_SexLab_Scene.UpdateActor] sid:0 --- enter i:0 akActor:Sofia
[18:36:25.591] [16432] [I] [SkyrimNet_SexLab_Scene.GetObjFromActor] sid:0 --- enter akActor:Sofia
[18:36:25.591] [16432] [I] [SkyrimNet_SexLab_Scene.GetObjFromActor] sid:0 --- return StorageUtil.GetIntValue(akActor, storage_obj_key, 0)
[18:36:25.591] [16432] [I] [SkyrimNet_SexLab_Scene.UpdateActor] sid:0 --- return Changed
[18:36:25.591] [16432] [I] [SkyrimNet_SexLab_Scene.UpdateActor] sid:0 --- enter i:1 akActor:Orgnar
[18:36:25.591] [16432] [I] [SkyrimNet_SexLab_Scene.GetObjFromActor] sid:0 --- enter akActor:Orgnar
[18:36:25.591] [16432] [I] [SkyrimNet_SexLab_Scene.GetObjFromActor] sid:0 --- return StorageUtil.GetIntValue(akActor, storage_obj_key, 0)
[18:36:25.591] [16432] [I] [SkyrimNet_SexLab_Scene.UpdateActor] sid:0 --- return Changed
[18:36:25.591] [16432] [I] [SkyrimNet_SexLab_Scene.GetThreadActive] sid:0 --- enter
[18:36:25.591] [16432] [I] [SkyrimNet_SexLab_Scene.GetThreadActive] sid:0 --- thread.GetState()
[18:36:25.591] [16432] [I] [SkyrimNet_SexLab_Scene.GetThreadActive] sid:0 --- thread.GetState() returned Animating
[18:36:25.591] [16432] [I] [SkyrimNet_SexLab_Scene.GetThreadActive] sid:0 --- return TRUE
[18:36:25.591] [16432] [I] [SkyrimNet_SexLab_Scene.GetDescription] sid:0 --- enter
[18:36:25.594] [34276] [I] [SkyrimNet_SexLab_Scene.GetThreadObj] sid:0 --- thread.IsVictim Sofia
[18:36:25.594] [34276] [I] [SkyrimNet_SexLab_Scene.GetThreadObj] sid:0 --- thread.IsVictim Orgnar
[18:36:25.594] [34276] [I] [SkyrimNet_SexLab_Scene.GetLocation] sid:0 --- enter
[18:36:25.594] [34276] [I] [SkyrimNet_SexLab_Scene.GetLocation] sid:0 --- thread.BedTypeId
[18:36:25.594] [34276] [I] [SkyrimNet_SexLab_Scene.GetLocation] sid:0 --- thread.Animation
[18:36:25.594] [34276] [I] [SkyrimNet_SexLab_Scene.GetLocation] sid:0 --- return Loc
[18:36:25.594] [34276] [I] [SkyrimNet_SexLab_Scene.GetThreadObj] sid:0 --- return thread_obj
[18:36:25.594] [34276] [I] [SkyrimNet_SexLab_Scene_Manager.GetThreadsJson] {
  "_counter": "9",
  "_threads": [
    {
      "_active": 1,
      "_Actors": [
        {
          "_arousal": -1,
          "_assailant": 0,
          "_creature_description": "",
          "_dom_slave": 0,
          "_enjoyment": 0,
          "_formid": "20",
          "_has_penis": 0,
          "_has_pussy": 1,
          "_is_hermaphrodiate": 0,
          "_name": "Sofia",
          "_no_orgasm": 0,
          "_notice_level": "Nothing",
          "_speaking_modifiers": [
            "_pleasure_"
          ],
          "_total_orgasm": 0,
          "_uuid": "3944757940392895572",
          "_victim": 0,
          "_wearing_strapon": 0
        },
        {
          "_arousal": -1,
          "_assailant": 0,
          "_creature_description": "",
          "_dom_slave": 0,
          "_enjoyment": 0,
          "_formid": "78982",
          "_has_penis": 1,
          "_has_pussy": 0,
          "_is_hermaphrodiate": 0,
          "_name": "Orgnar",
          "_no_orgasm": 0,
          "_notice_level": "Nothing",
          "_speaking_modifiers": [
            "_pleasure_"
          ],
          "_total_orgasm": 0,
          "_uuid": "6576269950174216257",
          "_victim": 0,
          "_wearing_strapon": 0
        }
      ],
      "_description": "Sofia is, kneeling position, having vaginal sex with Orgnar.\n\n",
      "_location": "the floor ",
      "_names": [
        "Sofia",
        "Orgnar"
      ],
      "_speaker_distance": 6.6497941017150879,
      "_speaker_los": 1,
      "_speaker_name": "Daegon",
      "_status": "active",
      "_style": "normally",
      "_victims": []
    }
  ]
}
[18:36:25.595] [34276] [I] [SkyrimNet_SexLab_Scene.GetDescription] sid:0 --- enter
[18:36:25.606] [34276] [I] [skyrimnet_sexlab_utilities.DirectNarration_Optional] type:direct msg:continue activity that includes Sofia and Orgnar source:Sofia target:Orgnar
[18:36:25.606] [34276] [I] [SkyrimNet_SexLab_Scene.StageStart] sid:0 --- end
[18:36:30.845] [34276] [I] [SkyrimNet_SexLab_Scene.GetThread] sid:0 --- enter
[18:36:30.845] [34276] [I] [SkyrimNet_SexLab_Scene.GetThread] sid:0 --- return Thread
[18:36:30.846] [34276] [I] [SkyrimNet_SexLab_Scene.GetThreadActive] sid:0 --- enter
[18:36:30.846] [34276] [I] [SkyrimNet_SexLab_Scene.GetThreadActive] sid:0 --- thread.GetState()
[18:36:30.857] [17664] [I] [SkyrimNet_SexLab_Scene.GetThreadActive] sid:0 --- thread.GetState() returned Animating
[18:36:30.857] [17664] [I] [SkyrimNet_SexLab_Scene.GetThreadActive] sid:0 --- return TRUE
[18:36:30.857] [17664] [I] [SkyrimNet_SexLab_Scene.GetThreadObj] sid:0 --- enter speaker:Sofia
[18:36:30.857] [17664] [I] [SkyrimNet_SexLab_Scene.AlignActors] sid:0 --- enter
[18:36:30.857] [17664] [I] [SkyrimNet_SexLab_Scene.AlignActors] sid:0 --- thread.positions.length
[18:36:30.857] [17664] [I] [SkyrimNet_SexLab_Scene.EnsureActorArraysLargeEnough] sid:0 --- enter size:2
[18:36:30.857] [17664] [I] [SkyrimNet_SexLab_Scene.EnsureActorArraysLargeEnough] sid:0 --- return Void
[18:36:30.857] [17664] [I] [SkyrimNet_SexLab_Scene.UpdateActor] sid:0 --- enter i:0 akActor:Sofia
[18:36:30.857] [17664] [I] [SkyrimNet_SexLab_Scene.GetObjFromActor] sid:0 --- enter akActor:Sofia
[18:36:30.857] [17664] [I] [SkyrimNet_SexLab_Scene.GetObjFromActor] sid:0 --- return StorageUtil.GetIntValue(akActor, storage_obj_key, 0)
[18:36:30.857] [17664] [I] [SkyrimNet_SexLab_Scene.UpdateActor] sid:0 --- return Changed
[18:36:30.857] [17664] [I] [SkyrimNet_SexLab_Scene.UpdateActor] sid:0 --- enter i:1 akActor:Orgnar
[18:36:30.857] [17664] [I] [SkyrimNet_SexLab_Scene.GetObjFromActor] sid:0 --- enter akActor:Orgnar
[18:36:30.857] [17664] [I] [SkyrimNet_SexLab_Scene.GetObjFromActor] sid:0 --- return StorageUtil.GetIntValue(akActor, storage_obj_key, 0)
[18:36:30.857] [17664] [I] [SkyrimNet_SexLab_Scene.UpdateActor] sid:0 --- return Changed
[18:36:30.858] [17664] [I] [SkyrimNet_SexLab_Scene.ReconcileVictimFactions] sid:0 --- enter
[18:36:30.858] [17664] [I] [SkyrimNet_SexLab_Scene.ReconcileVictimFactions] sid:0 --- thread.IsVictim Sofia
[18:36:30.858] [17664] [I] [SkyrimNet_SexLab_Scene.ReconcileVictimFactions] sid:0 --- thread.IsVictim Orgnar
[18:36:30.858] [17664] [I] [SkyrimNet_SexLab_Scene.ReconcileVictimFactions] sid:0 --- end
[18:36:30.858] [17664] [I] [SkyrimNet_SexLab_Scene.AlignActors] sid:0 --- end
[18:36:30.858] [17664] [I] [SkyrimNet_SexLab_Scene.UpdateActor] sid:0 --- enter i:0 akActor:Sofia
[18:36:30.858] [17664] [I] [SkyrimNet_SexLab_Scene.GetObjFromActor] sid:0 --- enter akActor:Sofia
[18:36:30.858] [17664] [I] [SkyrimNet_SexLab_Scene.GetObjFromActor] sid:0 --- return StorageUtil.GetIntValue(akActor, storage_obj_key, 0)
[18:36:30.858] [17664] [I] [SkyrimNet_SexLab_Scene.UpdateActor] sid:0 --- return Changed
[18:36:30.858] [17664] [I] [SkyrimNet_SexLab_Scene.UpdateActor] sid:0 --- enter i:1 akActor:Orgnar
[18:36:30.858] [17664] [I] [SkyrimNet_SexLab_Scene.GetObjFromActor] sid:0 --- enter akActor:Orgnar
[18:36:30.858] [17664] [I] [SkyrimNet_SexLab_Scene.GetObjFromActor] sid:0 --- return StorageUtil.GetIntValue(akActor, storage_obj_key, 0)
[18:36:30.858] [17664] [I] [SkyrimNet_SexLab_Scene.UpdateActor] sid:0 --- return Changed
[18:36:30.858] [17664] [I] [SkyrimNet_SexLab_Scene.GetThreadActive] sid:0 --- enter
[18:36:30.858] [17664] [I] [SkyrimNet_SexLab_Scene.GetThreadActive] sid:0 --- thread.GetState()
[18:36:30.858] [17664] [I] [SkyrimNet_SexLab_Scene.GetThreadActive] sid:0 --- thread.GetState() returned Animating
[18:36:30.858] [17664] [I] [SkyrimNet_SexLab_Scene.GetThreadActive] sid:0 --- return TRUE
[18:36:30.858] [17664] [I] [SkyrimNet_SexLab_Scene.GetDescription] sid:0 --- enter
[18:36:30.860] [17664] [I] [SkyrimNet_SexLab_Scene.GetThreadObj] sid:0 --- thread.IsVictim Sofia
[18:36:30.861] [17664] [I] [SkyrimNet_SexLab_Scene.GetThreadObj] sid:0 --- thread.IsVictim Orgnar
[18:36:30.861] [17664] [I] [SkyrimNet_SexLab_Scene.GetLocation] sid:0 --- enter
[18:36:30.861] [17664] [I] [SkyrimNet_SexLab_Scene.GetLocation] sid:0 --- thread.BedTypeId
[18:36:30.861] [17664] [I] [SkyrimNet_SexLab_Scene.GetLocation] sid:0 --- thread.Animation
[18:36:30.863] [11964] [I] [SkyrimNet_SexLab_Scene.GetLocation] sid:0 --- return Loc
[18:36:30.863] [11964] [I] [SkyrimNet_SexLab_Scene.GetThreadObj] sid:0 --- return thread_obj
[18:36:30.863] [11964] [I] [SkyrimNet_SexLab_Scene_Manager.GetThreadsJson] {
  "_counter": "10",
  "_threads": [
    {
      "_active": 1,
      "_Actors": [
        {
          "_arousal": -1,
          "_assailant": 0,
          "_creature_description": "",
          "_dom_slave": 0,
          "_enjoyment": 0,
          "_formid": "20",
          "_has_penis": 0,
          "_has_pussy": 1,
          "_is_hermaphrodiate": 0,
          "_name": "Sofia",
          "_no_orgasm": 0,
          "_notice_level": "Nothing",
          "_speaking_modifiers": [
            "_pleasure_"
          ],
          "_total_orgasm": 0,
          "_uuid": "3944757940392895572",
          "_victim": 0,
          "_wearing_strapon": 0
        },
        {
          "_arousal": -1,
          "_assailant": 0,
          "_creature_description": "",
          "_dom_slave": 0,
          "_enjoyment": 0,
          "_formid": "78982",
          "_has_penis": 1,
          "_has_pussy": 0,
          "_is_hermaphrodiate": 0,
          "_name": "Orgnar",
          "_no_orgasm": 0,
          "_notice_level": "Nothing",
          "_speaking_modifiers": [
            "_pleasure_"
          ],
          "_total_orgasm": 0,
          "_uuid": "6576269950174216257",
          "_victim": 0,
          "_wearing_strapon": 0
        }
      ],
      "_description": "Sofia is, kneeling position, having vaginal sex with Orgnar.\n\n",
      "_location": "the floor ",
      "_names": [
        "Sofia",
        "Orgnar"
      ],
      "_speaker_distance": 0.0,
      "_speaker_los": 1,
      "_speaker_name": "Sofia",
      "_status": "active",
      "_style": "normally",
      "_victims": []
    }
  ]
}
[18:36:30.867] [17664] [I] [SkyrimNet_SexLab_Scene.GetThread] sid:0 --- enter
[18:36:30.868] [17664] [I] [SkyrimNet_SexLab_Scene.GetThread] sid:0 --- return Thread
[18:36:30.868] [34276] [I] [SkyrimNet_SexLab_Scene.GetThread] sid:0 --- enter
[18:36:30.868] [34276] [I] [SkyrimNet_SexLab_Scene.GetThread] sid:0 --- return Thread
[18:36:30.868] [34276] [I] [SkyrimNet_SexLab_Scene.GetThreadActive] sid:0 --- enter
[18:36:30.869] [34276] [I] [SkyrimNet_SexLab_Scene.GetThreadActive] sid:0 --- thread.GetState()
[18:36:30.869] [34276] [I] [SkyrimNet_SexLab_Scene.GetThreadActive] sid:0 --- thread.GetState() returned Animating
[18:36:30.869] [34276] [I] [SkyrimNet_SexLab_Scene.GetThreadActive] sid:0 --- return TRUE
[18:36:30.869] [34276] [I] [SkyrimNet_SexLab_Scene.GetThreadObj] sid:0 --- enter speaker:Grommok the Bruiser
[18:36:30.869] [34276] [I] [SkyrimNet_SexLab_Scene.AlignActors] sid:0 --- enter
[18:36:30.869] [34276] [I] [SkyrimNet_SexLab_Scene.AlignActors] sid:0 --- thread.positions.length
[18:36:30.869] [34276] [I] [SkyrimNet_SexLab_Scene.EnsureActorArraysLargeEnough] sid:0 --- enter size:2
[18:36:30.869] [34276] [I] [SkyrimNet_SexLab_Scene.EnsureActorArraysLargeEnough] sid:0 --- return Void
[18:36:30.869] [34276] [I] [SkyrimNet_SexLab_Scene.UpdateActor] sid:0 --- enter i:0 akActor:Sofia
[18:36:30.869] [34276] [I] [SkyrimNet_SexLab_Scene.GetObjFromActor] sid:0 --- enter akActor:Sofia
[18:36:30.869] [34276] [I] [SkyrimNet_SexLab_Scene.GetObjFromActor] sid:0 --- return StorageUtil.GetIntValue(akActor, storage_obj_key, 0)
[18:36:30.869] [34276] [I] [SkyrimNet_SexLab_Scene.UpdateActor] sid:0 --- return Changed
[18:36:30.869] [34276] [I] [SkyrimNet_SexLab_Scene.UpdateActor] sid:0 --- enter i:1 akActor:Orgnar
[18:36:30.869] [34276] [I] [SkyrimNet_SexLab_Scene.GetObjFromActor] sid:0 --- enter akActor:Orgnar
[18:36:30.869] [34276] [I] [SkyrimNet_SexLab_Scene.GetObjFromActor] sid:0 --- return StorageUtil.GetIntValue(akActor, storage_obj_key, 0)
[18:36:30.869] [34276] [I] [SkyrimNet_SexLab_Scene.UpdateActor] sid:0 --- return Changed
[18:36:30.869] [34276] [I] [SkyrimNet_SexLab_Scene.ReconcileVictimFactions] sid:0 --- enter
[18:36:30.870] [34276] [I] [SkyrimNet_SexLab_Scene.ReconcileVictimFactions] sid:0 --- thread.IsVictim Sofia
[18:36:30.870] [34276] [I] [SkyrimNet_SexLab_Scene.ReconcileVictimFactions] sid:0 --- thread.IsVictim Orgnar
[18:36:30.870] [34276] [I] [SkyrimNet_SexLab_Scene.ReconcileVictimFactions] sid:0 --- end
[18:36:30.870] [34276] [I] [SkyrimNet_SexLab_Scene.AlignActors] sid:0 --- end
[18:36:30.870] [34276] [I] [SkyrimNet_SexLab_Scene.UpdateActor] sid:0 --- enter i:0 akActor:Sofia
[18:36:30.870] [34276] [I] [SkyrimNet_SexLab_Scene.GetObjFromActor] sid:0 --- enter akActor:Sofia
[18:36:30.870] [34276] [I] [SkyrimNet_SexLab_Scene.GetObjFromActor] sid:0 --- return StorageUtil.GetIntValue(akActor, storage_obj_key, 0)
[18:36:30.870] [34276] [I] [SkyrimNet_SexLab_Scene.UpdateActor] sid:0 --- return Changed
[18:36:30.870] [34276] [I] [SkyrimNet_SexLab_Scene.UpdateActor] sid:0 --- enter i:1 akActor:Orgnar
[18:36:30.870] [34276] [I] [SkyrimNet_SexLab_Scene.GetObjFromActor] sid:0 --- enter akActor:Orgnar
[18:36:30.870] [34276] [I] [SkyrimNet_SexLab_Scene.GetObjFromActor] sid:0 --- return StorageUtil.GetIntValue(akActor, storage_obj_key, 0)
[18:36:30.870] [34276] [I] [SkyrimNet_SexLab_Scene.UpdateActor] sid:0 --- return Changed
[18:36:30.870] [34276] [I] [SkyrimNet_SexLab_Scene.GetThreadActive] sid:0 --- enter
[18:36:30.870] [34276] [I] [SkyrimNet_SexLab_Scene.GetThreadActive] sid:0 --- thread.GetState()
[18:36:30.870] [34276] [I] [SkyrimNet_SexLab_Scene.GetThreadActive] sid:0 --- thread.GetState() returned Animating
[18:36:30.870] [34276] [I] [SkyrimNet_SexLab_Scene.GetThreadActive] sid:0 --- return TRUE
[18:36:30.870] [34276] [I] [SkyrimNet_SexLab_Scene.GetDescription] sid:0 --- enter
[18:36:30.872] [34276] [I] [SkyrimNet_SexLab_Scene.GetThreadObj] sid:0 --- thread.IsVictim Sofia
[18:36:30.872] [34276] [I] [SkyrimNet_SexLab_Scene.GetThreadObj] sid:0 --- thread.IsVictim Orgnar
[18:36:30.872] [34276] [I] [SkyrimNet_SexLab_Scene.GetLocation] sid:0 --- enter
[18:36:30.872] [34276] [I] [SkyrimNet_SexLab_Scene.GetLocation] sid:0 --- thread.BedTypeId
[18:36:30.872] [34276] [I] [SkyrimNet_SexLab_Scene.GetLocation] sid:0 --- thread.Animation
[18:36:30.874] [16432] [I] [SkyrimNet_SexLab_Scene.GetLocation] sid:0 --- return Loc
[18:36:30.874] [16432] [I] [SkyrimNet_SexLab_Scene.GetThreadObj] sid:0 --- return thread_obj
[18:36:30.875] [16432] [I] [SkyrimNet_SexLab_Scene_Manager.GetThreadsJson] {
  "_counter": "12",
  "_threads": [
    {
      "_active": 1,
      "_Actors": [
        {
          "_arousal": -1,
          "_assailant": 0,
          "_creature_description": "",
          "_dom_slave": 0,
          "_enjoyment": 0,
          "_formid": "20",
          "_has_penis": 0,
          "_has_pussy": 1,
          "_is_hermaphrodiate": 0,
          "_name": "Sofia",
          "_no_orgasm": 0,
          "_notice_level": "Nothing",
          "_speaking_modifiers": [
            "_pleasure_"
          ],
          "_total_orgasm": 0,
          "_uuid": "3944757940392895572",
          "_victim": 0,
          "_wearing_strapon": 0
        },
        {
          "_arousal": -1,
          "_assailant": 0,
          "_creature_description": "",
          "_dom_slave": 0,
          "_enjoyment": 0,
          "_formid": "78982",
          "_has_penis": 1,
          "_has_pussy": 0,
          "_is_hermaphrodiate": 0,
          "_name": "Orgnar",
          "_no_orgasm": 0,
          "_notice_level": "Nothing",
          "_speaking_modifiers": [
            "_pleasure_"
          ],
          "_total_orgasm": 0,
          "_uuid": "6576269950174216257",
          "_victim": 0,
          "_wearing_strapon": 0
        }
      ],
      "_description": "Sofia is, kneeling position, having vaginal sex with Orgnar.\n\n",
      "_location": "the floor ",
      "_names": [
        "Sofia",
        "Orgnar"
      ],
      "_speaker_distance": 18.381122589111328,
      "_speaker_los": 0,
      "_speaker_name": "Grommok the Bruiser",
      "_status": "active",
      "_style": "normally",
      "_victims": []
    }
  ]
}
[18:36:30.880] [17664] [I] [SkyrimNet_SexLab_Scene.GetThreadActive] sid:0 --- enter
[18:36:30.880] [17664] [I] [SkyrimNet_SexLab_Scene.GetThreadActive] sid:0 --- thread.GetState()
[18:36:30.880] [17664] [I] [SkyrimNet_SexLab_Scene.GetThreadActive] sid:0 --- thread.GetState() returned Animating
[18:36:30.880] [17664] [I] [SkyrimNet_SexLab_Scene.GetThreadActive] sid:0 --- return TRUE
[18:36:30.880] [17664] [I] [SkyrimNet_SexLab_Scene.GetThreadObj] sid:0 --- enter speaker:delphine
[18:36:30.880] [17664] [I] [SkyrimNet_SexLab_Scene.AlignActors] sid:0 --- enter
[18:36:30.880] [17664] [I] [SkyrimNet_SexLab_Scene.AlignActors] sid:0 --- thread.positions.length
[18:36:30.880] [17664] [I] [SkyrimNet_SexLab_Scene.EnsureActorArraysLargeEnough] sid:0 --- enter size:2
[18:36:30.880] [17664] [I] [SkyrimNet_SexLab_Scene.EnsureActorArraysLargeEnough] sid:0 --- return Void
[18:36:30.880] [17664] [I] [SkyrimNet_SexLab_Scene.UpdateActor] sid:0 --- enter i:0 akActor:Sofia
[18:36:30.880] [17664] [I] [SkyrimNet_SexLab_Scene.GetObjFromActor] sid:0 --- enter akActor:Sofia
[18:36:30.880] [17664] [I] [SkyrimNet_SexLab_Scene.GetObjFromActor] sid:0 --- return StorageUtil.GetIntValue(akActor, storage_obj_key, 0)
[18:36:30.880] [17664] [I] [SkyrimNet_SexLab_Scene.UpdateActor] sid:0 --- return Changed
[18:36:30.880] [17664] [I] [SkyrimNet_SexLab_Scene.UpdateActor] sid:0 --- enter i:1 akActor:Orgnar
[18:36:30.880] [17664] [I] [SkyrimNet_SexLab_Scene.GetObjFromActor] sid:0 --- enter akActor:Orgnar
[18:36:30.880] [17664] [I] [SkyrimNet_SexLab_Scene.GetObjFromActor] sid:0 --- return StorageUtil.GetIntValue(akActor, storage_obj_key, 0)
[18:36:30.880] [17664] [I] [SkyrimNet_SexLab_Scene.UpdateActor] sid:0 --- return Changed
[18:36:30.880] [17664] [I] [SkyrimNet_SexLab_Scene.ReconcileVictimFactions] sid:0 --- enter
[18:36:30.880] [17664] [I] [SkyrimNet_SexLab_Scene.ReconcileVictimFactions] sid:0 --- thread.IsVictim Sofia
[18:36:30.880] [17664] [I] [SkyrimNet_SexLab_Scene.ReconcileVictimFactions] sid:0 --- thread.IsVictim Orgnar
[18:36:30.880] [17664] [I] [SkyrimNet_SexLab_Scene.ReconcileVictimFactions] sid:0 --- end
[18:36:30.880] [17664] [I] [SkyrimNet_SexLab_Scene.AlignActors] sid:0 --- end
[18:36:30.880] [17664] [I] [SkyrimNet_SexLab_Scene.UpdateActor] sid:0 --- enter i:0 akActor:Sofia
[18:36:30.881] [17664] [I] [SkyrimNet_SexLab_Scene.GetObjFromActor] sid:0 --- enter akActor:Sofia
[18:36:30.881] [17664] [I] [SkyrimNet_SexLab_Scene.GetObjFromActor] sid:0 --- return StorageUtil.GetIntValue(akActor, storage_obj_key, 0)
[18:36:30.881] [17664] [I] [SkyrimNet_SexLab_Scene.UpdateActor] sid:0 --- return Changed
[18:36:30.881] [17664] [I] [SkyrimNet_SexLab_Scene.UpdateActor] sid:0 --- enter i:1 akActor:Orgnar
[18:36:30.881] [17664] [I] [SkyrimNet_SexLab_Scene.GetObjFromActor] sid:0 --- enter akActor:Orgnar
[18:36:30.881] [17664] [I] [SkyrimNet_SexLab_Scene.GetObjFromActor] sid:0 --- return StorageUtil.GetIntValue(akActor, storage_obj_key, 0)
[18:36:30.881] [17664] [I] [SkyrimNet_SexLab_Scene.UpdateActor] sid:0 --- return Changed
[18:36:30.881] [17664] [I] [SkyrimNet_SexLab_Scene.GetThreadActive] sid:0 --- enter
[18:36:30.881] [17664] [I] [SkyrimNet_SexLab_Scene.GetThreadActive] sid:0 --- thread.GetState()
[18:36:30.881] [17664] [I] [SkyrimNet_SexLab_Scene.GetThreadActive] sid:0 --- thread.GetState() returned Animating
[18:36:30.881] [17664] [I] [SkyrimNet_SexLab_Scene.GetThreadActive] sid:0 --- return TRUE
[18:36:30.881] [17664] [I] [SkyrimNet_SexLab_Scene.GetDescription] sid:0 --- enter
[18:36:30.883] [17664] [I] [SkyrimNet_SexLab_Scene.GetThreadObj] sid:0 --- thread.IsVictim Sofia
[18:36:30.883] [17664] [I] [SkyrimNet_SexLab_Scene.GetThreadObj] sid:0 --- thread.IsVictim Orgnar
[18:36:30.883] [17664] [I] [SkyrimNet_SexLab_Scene.GetLocation] sid:0 --- enter
[18:36:30.883] [17664] [I] [SkyrimNet_SexLab_Scene.GetLocation] sid:0 --- thread.BedTypeId
[18:36:30.883] [17664] [I] [SkyrimNet_SexLab_Scene.GetLocation] sid:0 --- thread.Animation
[18:36:30.886] [17664] [I] [SkyrimNet_SexLab_Scene.GetLocation] sid:0 --- return Loc
[18:36:30.886] [17664] [I] [SkyrimNet_SexLab_Scene.GetThreadObj] sid:0 --- return thread_obj
[18:36:30.886] [17664] [I] [SkyrimNet_SexLab_Scene_Manager.GetThreadsJson] {
  "_counter": "11",
  "_threads": [
    {
      "_active": 1,
      "_Actors": [
        {
          "_arousal": -1,
          "_assailant": 0,
          "_creature_description": "",
          "_dom_slave": 0,
          "_enjoyment": 0,
          "_formid": "20",
          "_has_penis": 0,
          "_has_pussy": 1,
          "_is_hermaphrodiate": 0,
          "_name": "Sofia",
          "_no_orgasm": 0,
          "_notice_level": "Nothing",
          "_speaking_modifiers": [
            "_pleasure_"
          ],
          "_total_orgasm": 0,
          "_uuid": "3944757940392895572",
          "_victim": 0,
          "_wearing_strapon": 0
        },
        {
          "_arousal": -1,
          "_assailant": 0,
          "_creature_description": "",
          "_dom_slave": 0,
          "_enjoyment": 0,
          "_formid": "78982",
          "_has_penis": 1,
          "_has_pussy": 0,
          "_is_hermaphrodiate": 0,
          "_name": "Orgnar",
          "_no_orgasm": 0,
          "_notice_level": "Nothing",
          "_speaking_modifiers": [
            "_pleasure_"
          ],
          "_total_orgasm": 0,
          "_uuid": "6576269950174216257",
          "_victim": 0,
          "_wearing_strapon": 0
        }
      ],
      "_description": "Sofia is, kneeling position, having vaginal sex with Orgnar.\n\n",
      "_location": "the floor ",
      "_names": [
        "Sofia",
        "Orgnar"
      ],
      "_speaker_distance": 6.0655117034912109,
      "_speaker_los": 0,
      "_speaker_name": "delphine",
      "_status": "active",
      "_style": "normally",
      "_victims": []
    }
  ]
}
[18:36:30.891] [11964] [I] [SkyrimNet_SexLab_Scene.GetThread] sid:0 --- enter
[18:36:30.891] [11964] [I] [SkyrimNet_SexLab_Scene.GetThread] sid:0 --- return Thread
[18:36:30.891] [11964] [I] [SkyrimNet_SexLab_Scene.GetThreadActive] sid:0 --- enter
[18:36:30.891] [11964] [I] [SkyrimNet_SexLab_Scene.GetThreadActive] sid:0 --- thread.GetState()
[18:36:30.891] [11964] [I] [SkyrimNet_SexLab_Scene.GetThreadActive] sid:0 --- thread.GetState() returned Animating
[18:36:30.891] [11964] [I] [SkyrimNet_SexLab_Scene.GetThreadActive] sid:0 --- return TRUE
[18:36:30.891] [11964] [I] [SkyrimNet_SexLab_Scene.GetThreadObj] sid:0 --- enter speaker:Orgnar
[18:36:30.891] [11964] [I] [SkyrimNet_SexLab_Scene.AlignActors] sid:0 --- enter
[18:36:30.891] [11964] [I] [SkyrimNet_SexLab_Scene.AlignActors] sid:0 --- thread.positions.length
[18:36:30.891] [11964] [I] [SkyrimNet_SexLab_Scene.EnsureActorArraysLargeEnough] sid:0 --- enter size:2
[18:36:30.891] [11964] [I] [SkyrimNet_SexLab_Scene.EnsureActorArraysLargeEnough] sid:0 --- return Void
[18:36:30.891] [11964] [I] [SkyrimNet_SexLab_Scene.UpdateActor] sid:0 --- enter i:0 akActor:Sofia
[18:36:30.891] [11964] [I] [SkyrimNet_SexLab_Scene.GetObjFromActor] sid:0 --- enter akActor:Sofia
[18:36:30.891] [11964] [I] [SkyrimNet_SexLab_Scene.GetObjFromActor] sid:0 --- return StorageUtil.GetIntValue(akActor, storage_obj_key, 0)
[18:36:30.891] [11964] [I] [SkyrimNet_SexLab_Scene.UpdateActor] sid:0 --- return Changed
[18:36:30.891] [11964] [I] [SkyrimNet_SexLab_Scene.UpdateActor] sid:0 --- enter i:1 akActor:Orgnar
[18:36:30.891] [11964] [I] [SkyrimNet_SexLab_Scene.GetObjFromActor] sid:0 --- enter akActor:Orgnar
[18:36:30.891] [11964] [I] [SkyrimNet_SexLab_Scene.GetObjFromActor] sid:0 --- return StorageUtil.GetIntValue(akActor, storage_obj_key, 0)
[18:36:30.892] [11964] [I] [SkyrimNet_SexLab_Scene.UpdateActor] sid:0 --- return Changed
[18:36:30.892] [11964] [I] [SkyrimNet_SexLab_Scene.ReconcileVictimFactions] sid:0 --- enter
[18:36:30.892] [11964] [I] [SkyrimNet_SexLab_Scene.ReconcileVictimFactions] sid:0 --- thread.IsVictim Sofia
[18:36:30.892] [11964] [I] [SkyrimNet_SexLab_Scene.ReconcileVictimFactions] sid:0 --- thread.IsVictim Orgnar
[18:36:30.892] [11964] [I] [SkyrimNet_SexLab_Scene.ReconcileVictimFactions] sid:0 --- end
[18:36:30.892] [11964] [I] [SkyrimNet_SexLab_Scene.AlignActors] sid:0 --- end
[18:36:30.892] [11964] [I] [SkyrimNet_SexLab_Scene.UpdateActor] sid:0 --- enter i:0 akActor:Sofia
[18:36:30.892] [11964] [I] [SkyrimNet_SexLab_Scene.GetObjFromActor] sid:0 --- enter akActor:Sofia
[18:36:30.892] [11964] [I] [SkyrimNet_SexLab_Scene.GetObjFromActor] sid:0 --- return StorageUtil.GetIntValue(akActor, storage_obj_key, 0)
[18:36:30.892] [11964] [I] [SkyrimNet_SexLab_Scene.UpdateActor] sid:0 --- return Changed
[18:36:30.892] [11964] [I] [SkyrimNet_SexLab_Scene.UpdateActor] sid:0 --- enter i:1 akActor:Orgnar
[18:36:30.892] [11964] [I] [SkyrimNet_SexLab_Scene.GetObjFromActor] sid:0 --- enter akActor:Orgnar
[18:36:30.892] [11964] [I] [SkyrimNet_SexLab_Scene.GetObjFromActor] sid:0 --- return StorageUtil.GetIntValue(akActor, storage_obj_key, 0)
[18:36:30.892] [11964] [I] [SkyrimNet_SexLab_Scene.UpdateActor] sid:0 --- return Changed
[18:36:30.892] [11964] [I] [SkyrimNet_SexLab_Scene.GetThreadActive] sid:0 --- enter
[18:36:30.892] [11964] [I] [SkyrimNet_SexLab_Scene.GetThreadActive] sid:0 --- thread.GetState()
[18:36:30.892] [11964] [I] [SkyrimNet_SexLab_Scene.GetThreadActive] sid:0 --- thread.GetState() returned Animating
[18:36:30.892] [11964] [I] [SkyrimNet_SexLab_Scene.GetThreadActive] sid:0 --- return TRUE
[18:36:30.892] [11964] [I] [SkyrimNet_SexLab_Scene.GetDescription] sid:0 --- enter
[18:36:30.894] [11964] [I] [SkyrimNet_SexLab_Scene.GetThreadObj] sid:0 --- thread.IsVictim Sofia
[18:36:30.894] [11964] [I] [SkyrimNet_SexLab_Scene.GetThreadObj] sid:0 --- thread.IsVictim Orgnar
[18:36:30.894] [11964] [I] [SkyrimNet_SexLab_Scene.GetLocation] sid:0 --- enter
[18:36:30.894] [11964] [I] [SkyrimNet_SexLab_Scene.GetLocation] sid:0 --- thread.BedTypeId
[18:36:30.894] [11964] [I] [SkyrimNet_SexLab_Scene.GetLocation] sid:0 --- thread.Animation
[18:36:30.896] [25776] [I] [SkyrimNet_SexLab_Scene.GetLocation] sid:0 --- return Loc
[18:36:30.897] [25776] [I] [SkyrimNet_SexLab_Scene.GetThreadObj] sid:0 --- return thread_obj
[18:36:30.897] [25776] [I] [SkyrimNet_SexLab_Scene_Manager.GetThreadsJson] {
  "_counter": "13",
  "_threads": [
    {
      "_active": 1,
      "_Actors": [
        {
          "_arousal": -1,
          "_assailant": 0,
          "_creature_description": "",
          "_dom_slave": 0,
          "_enjoyment": 0,
          "_formid": "20",
          "_has_penis": 0,
          "_has_pussy": 1,
          "_is_hermaphrodiate": 0,
          "_name": "Sofia",
          "_no_orgasm": 0,
          "_notice_level": "Nothing",
          "_speaking_modifiers": [
            "_pleasure_"
          ],
          "_total_orgasm": 0,
          "_uuid": "3944757940392895572",
          "_victim": 0,
          "_wearing_strapon": 0
        },
        {
          "_arousal": -1,
          "_assailant": 0,
          "_creature_description": "",
          "_dom_slave": 0,
          "_enjoyment": 0,
          "_formid": "78982",
          "_has_penis": 1,
          "_has_pussy": 0,
          "_is_hermaphrodiate": 0,
          "_name": "Orgnar",
          "_no_orgasm": 0,
          "_notice_level": "Nothing",
          "_speaking_modifiers": [
            "_pleasure_"
          ],
          "_total_orgasm": 0,
          "_uuid": "6576269950174216257",
          "_victim": 0,
          "_wearing_strapon": 0
        }
      ],
      "_description": "Sofia is, kneeling position, having vaginal sex with Orgnar.\n\n",
      "_location": "the floor ",
      "_names": [
        "Sofia",
        "Orgnar"
      ],
      "_speaker_distance": 0.0,
      "_speaker_los": 1,
      "_speaker_name": "Orgnar",
      "_status": "active",
      "_style": "normally",
      "_victims": []
    }
  ]
}
[18:36:30.901] [25776] [I] [SkyrimNet_SexLab_Scene.GetThread] sid:0 --- enter
[18:36:30.901] [25776] [I] [SkyrimNet_SexLab_Scene.GetThread] sid:0 --- return Thread
[18:36:30.901] [25776] [I] [SkyrimNet_SexLab_Scene.GetThreadActive] sid:0 --- enter
[18:36:30.901] [25776] [I] [SkyrimNet_SexLab_Scene.GetThreadActive] sid:0 --- thread.GetState()
[18:36:30.901] [25776] [I] [SkyrimNet_SexLab_Scene.GetThreadActive] sid:0 --- thread.GetState() returned Animating
[18:36:30.901] [25776] [I] [SkyrimNet_SexLab_Scene.GetThreadActive] sid:0 --- return TRUE
[18:36:30.901] [25776] [I] [SkyrimNet_SexLab_Scene.GetThreadObj] sid:0 --- enter speaker:Daegon
[18:36:30.901] [25776] [I] [SkyrimNet_SexLab_Scene.AlignActors] sid:0 --- enter
[18:36:30.901] [25776] [I] [SkyrimNet_SexLab_Scene.AlignActors] sid:0 --- thread.positions.length
[18:36:30.901] [25776] [I] [SkyrimNet_SexLab_Scene.EnsureActorArraysLargeEnough] sid:0 --- enter size:2
[18:36:30.902] [25776] [I] [SkyrimNet_SexLab_Scene.EnsureActorArraysLargeEnough] sid:0 --- return Void
[18:36:30.902] [25776] [I] [SkyrimNet_SexLab_Scene.UpdateActor] sid:0 --- enter i:0 akActor:Sofia
[18:36:30.902] [25776] [I] [SkyrimNet_SexLab_Scene.GetObjFromActor] sid:0 --- enter akActor:Sofia
[18:36:30.902] [25776] [I] [SkyrimNet_SexLab_Scene.GetObjFromActor] sid:0 --- return StorageUtil.GetIntValue(akActor, storage_obj_key, 0)
[18:36:30.902] [25776] [I] [SkyrimNet_SexLab_Scene.UpdateActor] sid:0 --- return Changed
[18:36:30.902] [25776] [I] [SkyrimNet_SexLab_Scene.UpdateActor] sid:0 --- enter i:1 akActor:Orgnar
[18:36:30.902] [25776] [I] [SkyrimNet_SexLab_Scene.GetObjFromActor] sid:0 --- enter akActor:Orgnar
[18:36:30.902] [25776] [I] [SkyrimNet_SexLab_Scene.GetObjFromActor] sid:0 --- return StorageUtil.GetIntValue(akActor, storage_obj_key, 0)
[18:36:30.902] [25776] [I] [SkyrimNet_SexLab_Scene.UpdateActor] sid:0 --- return Changed
[18:36:30.902] [25776] [I] [SkyrimNet_SexLab_Scene.ReconcileVictimFactions] sid:0 --- enter
[18:36:30.902] [25776] [I] [SkyrimNet_SexLab_Scene.ReconcileVictimFactions] sid:0 --- thread.IsVictim Sofia
[18:36:30.902] [25776] [I] [SkyrimNet_SexLab_Scene.ReconcileVictimFactions] sid:0 --- thread.IsVictim Orgnar
[18:36:30.902] [25776] [I] [SkyrimNet_SexLab_Scene.ReconcileVictimFactions] sid:0 --- end
[18:36:30.902] [25776] [I] [SkyrimNet_SexLab_Scene.AlignActors] sid:0 --- end
[18:36:30.902] [25776] [I] [SkyrimNet_SexLab_Scene.UpdateActor] sid:0 --- enter i:0 akActor:Sofia
[18:36:30.902] [25776] [I] [SkyrimNet_SexLab_Scene.GetObjFromActor] sid:0 --- enter akActor:Sofia
[18:36:30.902] [25776] [I] [SkyrimNet_SexLab_Scene.GetObjFromActor] sid:0 --- return StorageUtil.GetIntValue(akActor, storage_obj_key, 0)
[18:36:30.902] [25776] [I] [SkyrimNet_SexLab_Scene.UpdateActor] sid:0 --- return Changed
[18:36:30.902] [25776] [I] [SkyrimNet_SexLab_Scene.UpdateActor] sid:0 --- enter i:1 akActor:Orgnar
[18:36:30.902] [25776] [I] [SkyrimNet_SexLab_Scene.GetObjFromActor] sid:0 --- enter akActor:Orgnar
[18:36:30.902] [25776] [I] [SkyrimNet_SexLab_Scene.GetObjFromActor] sid:0 --- return StorageUtil.GetIntValue(akActor, storage_obj_key, 0)
[18:36:30.902] [25776] [I] [SkyrimNet_SexLab_Scene.UpdateActor] sid:0 --- return Changed
[18:36:30.902] [25776] [I] [SkyrimNet_SexLab_Scene.GetThreadActive] sid:0 --- enter
[18:36:30.902] [25776] [I] [SkyrimNet_SexLab_Scene.GetThreadActive] sid:0 --- thread.GetState()
[18:36:30.902] [25776] [I] [SkyrimNet_SexLab_Scene.GetThreadActive] sid:0 --- thread.GetState() returned Animating
[18:36:30.902] [25776] [I] [SkyrimNet_SexLab_Scene.GetThreadActive] sid:0 --- return TRUE
[18:36:30.902] [25776] [I] [SkyrimNet_SexLab_Scene.GetDescription] sid:0 --- enter
[18:36:30.904] [25776] [I] [SkyrimNet_SexLab_Scene.GetThreadObj] sid:0 --- thread.IsVictim Sofia
[18:36:30.904] [25776] [I] [SkyrimNet_SexLab_Scene.GetThreadObj] sid:0 --- thread.IsVictim Orgnar
[18:36:30.904] [25776] [I] [SkyrimNet_SexLab_Scene.GetLocation] sid:0 --- enter
[18:36:30.904] [25776] [I] [SkyrimNet_SexLab_Scene.GetLocation] sid:0 --- thread.BedTypeId
[18:36:30.905] [25776] [I] [SkyrimNet_SexLab_Scene.GetLocation] sid:0 --- thread.Animation
[18:36:30.906] [11964] [I] [SkyrimNet_SexLab_Scene.GetLocation] sid:0 --- return Loc
[18:36:30.907] [11964] [I] [SkyrimNet_SexLab_Scene.GetThreadObj] sid:0 --- return thread_obj
[18:36:30.907] [11964] [I] [SkyrimNet_SexLab_Scene_Manager.GetThreadsJson] {
  "_counter": "14",
  "_threads": [
    {
      "_active": 1,
      "_Actors": [
        {
          "_arousal": -1,
          "_assailant": 0,
          "_creature_description": "",
          "_dom_slave": 0,
          "_enjoyment": 0,
          "_formid": "20",
          "_has_penis": 0,
          "_has_pussy": 1,
          "_is_hermaphrodiate": 0,
          "_name": "Sofia",
          "_no_orgasm": 0,
          "_notice_level": "Nothing",
          "_speaking_modifiers": [
            "_pleasure_"
          ],
          "_total_orgasm": 0,
          "_uuid": "3944757940392895572",
          "_victim": 0,
          "_wearing_strapon": 0
        },
        {
          "_arousal": -1,
          "_assailant": 0,
          "_creature_description": "",
          "_dom_slave": 0,
          "_enjoyment": 0,
          "_formid": "78982",
          "_has_penis": 1,
          "_has_pussy": 0,
          "_is_hermaphrodiate": 0,
          "_name": "Orgnar",
          "_no_orgasm": 0,
          "_notice_level": "Nothing",
          "_speaking_modifiers": [
            "_pleasure_"
          ],
          "_total_orgasm": 0,
          "_uuid": "6576269950174216257",
          "_victim": 0,
          "_wearing_strapon": 0
        }
      ],
      "_description": "Sofia is, kneeling position, having vaginal sex with Orgnar.\n\n",
      "_location": "the floor ",
      "_names": [
        "Sofia",
        "Orgnar"
      ],
      "_speaker_distance": 6.6497941017150879,
      "_speaker_los": 1,
      "_speaker_name": "Daegon",
      "_status": "active",
      "_style": "normally",
      "_victims": []
    }
  ]
}
[18:36:30.986] [16432] [I] [skyrimnet_sexlab_decorators.Outfit_Options] Sofia has options:undresses
[18:36:30.996] [11964] [I] [skyrimnet_sexlab_decorators.Outfit_Options] Grommok the Bruiser has options:undresses
[18:36:31.019] [11964] [I] [skyrimnet_sexlab_decorators.Outfit_Options] delphine has options:undresses
[18:36:31.027] [16432] [I] [skyrimnet_sexlab_decorators.Outfit_Options] Daegon has options:undresses
[18:36:31.036] [34276] [I] [skyrimnet_sexlab_decorators.Outfit_Options] Orgnar has options:undresses
[18:36:31.044] [12528] [I] [SkyrimNet_SexLab_Scene_Manager.GetThread] Actor:Sofia
[18:36:31.044] [12528] [I] [SkyrimNet_SexLab_Scene.GetThread] sid:0 --- enter
[18:36:31.044] [12528] [I] [SkyrimNet_SexLab_Scene.GetThread] sid:0 --- return Thread
[18:36:31.053] [12528] [I] [SkyrimNet_SexLab_Scene_Manager.GetThread] Actor:Grommok the Bruiser
[18:36:31.073] [34276] [I] [SkyrimNet_SexLab_Scene_Manager.GetThread] Actor:delphine
[18:36:31.084] [17664] [I] [SkyrimNet_SexLab_Scene_Manager.GetThread] Actor:Daegon
[18:36:31.094] [16432] [I] [SkyrimNet_SexLab_Scene_Manager.GetThread] Actor:Orgnar
[18:36:31.094] [16432] [I] [SkyrimNet_SexLab_Scene.GetThread] sid:0 --- enter
[18:36:31.094] [16432] [I] [SkyrimNet_SexLab_Scene.GetThread] sid:0 --- return Thread
[18:36:31.105] [12528] [I] [SkyrimNet_SexLab_Scene_Manager.GetThread] Actor:Sofia
[18:36:31.105] [12528] [I] [SkyrimNet_SexLab_Scene.GetThread] sid:0 --- enter
[18:36:31.105] [12528] [I] [SkyrimNet_SexLab_Scene.GetThread] sid:0 --- return Thread
[18:36:31.105] [12528] [I] [SkyrimNet_SexLab_Scene.GetThread] sid:0 --- enter
[18:36:31.105] [12528] [I] [SkyrimNet_SexLab_Scene.GetThread] sid:0 --- return Thread
[18:36:31.105] [12528] [I] [SkyrimNet_SexLab_Scene.GetDescription] sid:0 --- enter
[18:36:31.115] [34276] [I] [SkyrimNet_SexLab_Scene_Manager.GetThread] Actor:Grommok the Bruiser
[18:36:31.134] [11964] [I] [SkyrimNet_SexLab_Scene_Manager.GetThread] Actor:delphine
[18:36:31.151] [25776] [I] [SkyrimNet_SexLab_Scene_Manager.GetThread] Actor:Daegon
[18:36:31.159] [17664] [I] [SkyrimNet_SexLab_Scene_Manager.GetThread] Actor:Orgnar
[18:36:31.160] [17664] [I] [SkyrimNet_SexLab_Scene.GetThread] sid:0 --- enter
[18:36:31.160] [17664] [I] [SkyrimNet_SexLab_Scene.GetThread] sid:0 --- return Thread
[18:36:31.160] [17664] [I] [SkyrimNet_SexLab_Scene.GetThread] sid:0 --- enter
[18:36:31.160] [17664] [I] [SkyrimNet_SexLab_Scene.GetThread] sid:0 --- return Thread
[18:36:31.160] [17664] [I] [SkyrimNet_SexLab_Scene.GetDescription] sid:0 --- enter
[18:37:29.865] [25776] [I] [SkyrimNet_SexLab_Scene.GetThread] sid:0 --- enter
[18:37:29.865] [25776] [I] [SkyrimNet_SexLab_Scene.GetThread] sid:0 --- return Thread
[18:37:29.865] [25776] [I] [SkyrimNet_SexLab_Scene.StageStart] sid:0 --- enter
[18:37:29.865] [25776] [I] [SkyrimNet_SexLab_Scene.AlignActors] sid:0 --- enter
[18:37:29.865] [25776] [I] [SkyrimNet_SexLab_Scene.AlignActors] sid:0 --- thread.positions.length
[18:37:29.865] [25776] [I] [SkyrimNet_SexLab_Scene.EnsureActorArraysLargeEnough] sid:0 --- enter size:2
[18:37:29.865] [25776] [I] [SkyrimNet_SexLab_Scene.EnsureActorArraysLargeEnough] sid:0 --- return Void
[18:37:29.865] [25776] [I] [SkyrimNet_SexLab_Scene.UpdateActor] sid:0 --- enter i:0 akActor:Sofia
[18:37:29.865] [25776] [I] [SkyrimNet_SexLab_Scene.GetObjFromActor] sid:0 --- enter akActor:Sofia
[18:37:29.866] [25776] [I] [SkyrimNet_SexLab_Scene.GetObjFromActor] sid:0 --- return StorageUtil.GetIntValue(akActor, storage_obj_key, 0)
[18:37:29.873] [11964] [I] [SkyrimNet_SexLab_Scene.UpdateActor] sid:0 --- return Changed
[18:37:29.874] [11964] [I] [SkyrimNet_SexLab_Scene.UpdateActor] sid:0 --- enter i:1 akActor:Orgnar
[18:37:29.874] [11964] [I] [SkyrimNet_SexLab_Scene.GetObjFromActor] sid:0 --- enter akActor:Orgnar
[18:37:29.874] [11964] [I] [SkyrimNet_SexLab_Scene.GetObjFromActor] sid:0 --- return StorageUtil.GetIntValue(akActor, storage_obj_key, 0)
[18:37:29.874] [11964] [I] [SkyrimNet_SexLab_Scene.UpdateActor] sid:0 --- return Changed
[18:37:29.874] [11964] [I] [SkyrimNet_SexLab_Scene.ReconcileVictimFactions] sid:0 --- enter
[18:37:29.874] [11964] [I] [SkyrimNet_SexLab_Scene.ReconcileVictimFactions] sid:0 --- thread.IsVictim Sofia
[18:37:29.874] [11964] [I] [SkyrimNet_SexLab_Scene.ReconcileVictimFactions] sid:0 --- thread.IsVictim Orgnar
[18:37:29.874] [11964] [I] [SkyrimNet_SexLab_Scene.ReconcileVictimFactions] sid:0 --- end
[18:37:29.874] [11964] [I] [SkyrimNet_SexLab_Scene.AlignActors] sid:0 --- end
[18:37:29.874] [11964] [I] [SkyrimNet_SexLab_Scene.GetThread] sid:0 --- enter
[18:37:29.874] [11964] [I] [SkyrimNet_SexLab_Scene.GetThread] sid:0 --- return Thread
[18:37:29.874] [11964] [I] [SkyrimNet_SexLab_Scene.GetThreadActive] sid:0 --- enter
[18:37:29.874] [11964] [I] [SkyrimNet_SexLab_Scene.GetThreadActive] sid:0 --- thread.GetState()
[18:37:29.874] [11964] [I] [SkyrimNet_SexLab_Scene.GetThreadActive] sid:0 --- thread.GetState() returned Animating
[18:37:29.874] [11964] [I] [SkyrimNet_SexLab_Scene.GetThreadActive] sid:0 --- return TRUE
[18:37:29.874] [11964] [I] [SkyrimNet_SexLab_Scene.GetThreadObj] sid:0 --- enter speaker:Daegon
[18:37:29.874] [11964] [I] [SkyrimNet_SexLab_Scene.AlignActors] sid:0 --- enter
[18:37:29.874] [11964] [I] [SkyrimNet_SexLab_Scene.AlignActors] sid:0 --- thread.positions.length
[18:37:29.874] [11964] [I] [SkyrimNet_SexLab_Scene.EnsureActorArraysLargeEnough] sid:0 --- enter size:2
[18:37:29.875] [11964] [I] [SkyrimNet_SexLab_Scene.EnsureActorArraysLargeEnough] sid:0 --- return Void
[18:37:29.875] [11964] [I] [SkyrimNet_SexLab_Scene.UpdateActor] sid:0 --- enter i:0 akActor:Sofia
[18:37:29.875] [11964] [I] [SkyrimNet_SexLab_Scene.GetObjFromActor] sid:0 --- enter akActor:Sofia
[18:37:29.875] [11964] [I] [SkyrimNet_SexLab_Scene.GetObjFromActor] sid:0 --- return StorageUtil.GetIntValue(akActor, storage_obj_key, 0)
[18:37:29.875] [11964] [I] [SkyrimNet_SexLab_Scene.UpdateActor] sid:0 --- return Changed
[18:37:29.875] [11964] [I] [SkyrimNet_SexLab_Scene.UpdateActor] sid:0 --- enter i:1 akActor:Orgnar
[18:37:29.875] [11964] [I] [SkyrimNet_SexLab_Scene.GetObjFromActor] sid:0 --- enter akActor:Orgnar
[18:37:29.875] [11964] [I] [SkyrimNet_SexLab_Scene.GetObjFromActor] sid:0 --- return StorageUtil.GetIntValue(akActor, storage_obj_key, 0)
[18:37:29.875] [11964] [I] [SkyrimNet_SexLab_Scene.UpdateActor] sid:0 --- return Changed
[18:37:29.875] [11964] [I] [SkyrimNet_SexLab_Scene.ReconcileVictimFactions] sid:0 --- enter
[18:37:29.875] [11964] [I] [SkyrimNet_SexLab_Scene.ReconcileVictimFactions] sid:0 --- thread.IsVictim Sofia
[18:37:29.875] [11964] [I] [SkyrimNet_SexLab_Scene.ReconcileVictimFactions] sid:0 --- thread.IsVictim Orgnar
[18:37:29.875] [11964] [I] [SkyrimNet_SexLab_Scene.ReconcileVictimFactions] sid:0 --- end
[18:37:29.875] [11964] [I] [SkyrimNet_SexLab_Scene.AlignActors] sid:0 --- end
[18:37:29.875] [11964] [I] [SkyrimNet_SexLab_Scene.UpdateActor] sid:0 --- enter i:0 akActor:Sofia
[18:37:29.875] [11964] [I] [SkyrimNet_SexLab_Scene.GetObjFromActor] sid:0 --- enter akActor:Sofia
[18:37:29.875] [11964] [I] [SkyrimNet_SexLab_Scene.GetObjFromActor] sid:0 --- return StorageUtil.GetIntValue(akActor, storage_obj_key, 0)
[18:37:29.875] [11964] [I] [SkyrimNet_SexLab_Scene.UpdateActor] sid:0 --- return Changed
[18:37:29.875] [11964] [I] [SkyrimNet_SexLab_Scene.UpdateActor] sid:0 --- enter i:1 akActor:Orgnar
[18:37:29.875] [11964] [I] [SkyrimNet_SexLab_Scene.GetObjFromActor] sid:0 --- enter akActor:Orgnar
[18:37:29.875] [11964] [I] [SkyrimNet_SexLab_Scene.GetObjFromActor] sid:0 --- return StorageUtil.GetIntValue(akActor, storage_obj_key, 0)
[18:37:29.875] [11964] [I] [SkyrimNet_SexLab_Scene.UpdateActor] sid:0 --- return Changed
[18:37:29.875] [11964] [I] [SkyrimNet_SexLab_Scene.GetThreadActive] sid:0 --- enter
[18:37:29.875] [11964] [I] [SkyrimNet_SexLab_Scene.GetThreadActive] sid:0 --- thread.GetState()
[18:37:29.875] [11964] [I] [SkyrimNet_SexLab_Scene.GetThreadActive] sid:0 --- thread.GetState() returned Animating
[18:37:29.875] [11964] [I] [SkyrimNet_SexLab_Scene.GetThreadActive] sid:0 --- return TRUE
[18:37:29.875] [11964] [I] [SkyrimNet_SexLab_Scene.GetDescription] sid:0 --- enter
[18:37:29.878] [17664] [I] [SkyrimNet_SexLab_Scene.GetThreadObj] sid:0 --- thread.IsVictim Sofia
[18:37:29.878] [17664] [I] [SkyrimNet_SexLab_Scene.GetThreadObj] sid:0 --- thread.IsVictim Orgnar
[18:37:29.878] [17664] [I] [SkyrimNet_SexLab_Scene.GetLocation] sid:0 --- enter
[18:37:29.878] [17664] [I] [SkyrimNet_SexLab_Scene.GetLocation] sid:0 --- thread.BedTypeId
[18:37:29.878] [17664] [I] [SkyrimNet_SexLab_Scene.GetLocation] sid:0 --- thread.Animation
[18:37:29.878] [17664] [I] [SkyrimNet_SexLab_Scene.GetLocation] sid:0 --- return Loc
[18:37:29.878] [17664] [I] [SkyrimNet_SexLab_Scene.GetThreadObj] sid:0 --- return thread_obj
[18:37:29.878] [17664] [I] [SkyrimNet_SexLab_Scene_Manager.GetThreadsJson] {
  "_counter": "15",
  "_threads": [
    {
      "_active": 1,
      "_Actors": [
        {
          "_arousal": -1,
          "_assailant": 0,
          "_creature_description": "",
          "_dom_slave": 0,
          "_enjoyment": 0,
          "_formid": "20",
          "_has_penis": 0,
          "_has_pussy": 1,
          "_is_hermaphrodiate": 0,
          "_name": "Sofia",
          "_no_orgasm": 0,
          "_notice_level": "Nothing",
          "_speaking_modifiers": [
            "_pleasure_"
          ],
          "_total_orgasm": 0,
          "_uuid": "3944757940392895572",
          "_victim": 0,
          "_wearing_strapon": 0
        },
        {
          "_arousal": -1,
          "_assailant": 0,
          "_creature_description": "",
          "_dom_slave": 0,
          "_enjoyment": 0,
          "_formid": "78982",
          "_has_penis": 1,
          "_has_pussy": 0,
          "_is_hermaphrodiate": 0,
          "_name": "Orgnar",
          "_no_orgasm": 0,
          "_notice_level": "Nothing",
          "_speaking_modifiers": [
            "_pleasure_"
          ],
          "_total_orgasm": 0,
          "_uuid": "6576269950174216257",
          "_victim": 0,
          "_wearing_strapon": 0
        }
      ],
      "_description": "Sofia is, kneeling position, having vaginal sex with Orgnar.\n\n",
      "_location": "the floor ",
      "_names": [
        "Sofia",
        "Orgnar"
      ],
      "_speaker_distance": 10.289631843566895,
      "_speaker_los": 0,
      "_speaker_name": "Daegon",
      "_status": "active",
      "_style": "normally",
      "_victims": []
    }
  ]
}
[18:37:29.879] [17664] [I] [SkyrimNet_SexLab_Scene.GetDescription] sid:0 --- enter
[18:37:29.880] [17664] [I] [skyrimnet_sexlab_utilities.DirectNarration_Optional.CheckDuplicate] changing duplicate "continue activity that includes Sofia and Orgnar" to ""
[18:37:29.880] [17664] [I] [SkyrimNet_SexLab_Scene.StageStart] sid:0 --- end
[18:38:46.511] [11964] [I] [SkyrimNet_SexLab_Scene.GetThread] sid:0 --- enter
[18:38:46.511] [11964] [I] [SkyrimNet_SexLab_Scene.GetThread] sid:0 --- return Thread
[18:38:46.511] [11964] [I] [SkyrimNet_SexLab_Scene.StageStart] sid:0 --- enter
[18:38:46.511] [11964] [I] [SkyrimNet_SexLab_Scene.AlignActors] sid:0 --- enter
[18:38:46.511] [11964] [I] [SkyrimNet_SexLab_Scene.AlignActors] sid:0 --- thread.positions.length
[18:38:46.511] [11964] [I] [SkyrimNet_SexLab_Scene.EnsureActorArraysLargeEnough] sid:0 --- enter size:2
[18:38:46.511] [11964] [I] [SkyrimNet_SexLab_Scene.EnsureActorArraysLargeEnough] sid:0 --- return Void
[18:38:46.511] [11964] [I] [SkyrimNet_SexLab_Scene.UpdateActor] sid:0 --- enter i:0 akActor:Sofia
[18:38:46.511] [11964] [I] [SkyrimNet_SexLab_Scene.GetObjFromActor] sid:0 --- enter akActor:Sofia
[18:38:46.511] [11964] [I] [SkyrimNet_SexLab_Scene.GetObjFromActor] sid:0 --- return StorageUtil.GetIntValue(akActor, storage_obj_key, 0)
[18:38:46.519] [16432] [I] [SkyrimNet_SexLab_Scene.UpdateActor] sid:0 --- return Changed
[18:38:46.519] [16432] [I] [SkyrimNet_SexLab_Scene.UpdateActor] sid:0 --- enter i:1 akActor:Orgnar
[18:38:46.519] [16432] [I] [SkyrimNet_SexLab_Scene.GetObjFromActor] sid:0 --- enter akActor:Orgnar
[18:38:46.519] [16432] [I] [SkyrimNet_SexLab_Scene.GetObjFromActor] sid:0 --- return StorageUtil.GetIntValue(akActor, storage_obj_key, 0)
[18:38:46.519] [16432] [I] [SkyrimNet_SexLab_Scene.UpdateActor] sid:0 --- return Changed
[18:38:46.519] [16432] [I] [SkyrimNet_SexLab_Scene.ReconcileVictimFactions] sid:0 --- enter
[18:38:46.519] [16432] [I] [SkyrimNet_SexLab_Scene.ReconcileVictimFactions] sid:0 --- thread.IsVictim Sofia
[18:38:46.519] [16432] [I] [SkyrimNet_SexLab_Scene.ReconcileVictimFactions] sid:0 --- thread.IsVictim Orgnar
[18:38:46.520] [16432] [I] [SkyrimNet_SexLab_Scene.ReconcileVictimFactions] sid:0 --- end
[18:38:46.520] [16432] [I] [SkyrimNet_SexLab_Scene.AlignActors] sid:0 --- end
[18:38:46.520] [16432] [I] [SkyrimNet_SexLab_Scene.GetThread] sid:0 --- enter
[18:38:46.520] [16432] [I] [SkyrimNet_SexLab_Scene.GetThread] sid:0 --- return Thread
[18:38:46.520] [16432] [I] [SkyrimNet_SexLab_Scene.GetThreadActive] sid:0 --- enter
[18:38:46.520] [16432] [I] [SkyrimNet_SexLab_Scene.GetThreadActive] sid:0 --- thread.GetState()
[18:38:46.520] [16432] [I] [SkyrimNet_SexLab_Scene.GetThreadActive] sid:0 --- thread.GetState() returned Animating
[18:38:46.520] [16432] [I] [SkyrimNet_SexLab_Scene.GetThreadActive] sid:0 --- return TRUE
[18:38:46.520] [16432] [I] [SkyrimNet_SexLab_Scene.GetThreadObj] sid:0 --- enter speaker:Daegon
[18:38:46.520] [16432] [I] [SkyrimNet_SexLab_Scene.AlignActors] sid:0 --- enter
[18:38:46.520] [16432] [I] [SkyrimNet_SexLab_Scene.AlignActors] sid:0 --- thread.positions.length
[18:38:46.520] [16432] [I] [SkyrimNet_SexLab_Scene.EnsureActorArraysLargeEnough] sid:0 --- enter size:2
[18:38:46.520] [16432] [I] [SkyrimNet_SexLab_Scene.EnsureActorArraysLargeEnough] sid:0 --- return Void
[18:38:46.520] [16432] [I] [SkyrimNet_SexLab_Scene.UpdateActor] sid:0 --- enter i:0 akActor:Sofia
[18:38:46.520] [16432] [I] [SkyrimNet_SexLab_Scene.GetObjFromActor] sid:0 --- enter akActor:Sofia
[18:38:46.520] [16432] [I] [SkyrimNet_SexLab_Scene.GetObjFromActor] sid:0 --- return StorageUtil.GetIntValue(akActor, storage_obj_key, 0)
[18:38:46.520] [16432] [I] [SkyrimNet_SexLab_Scene.UpdateActor] sid:0 --- return Changed
[18:38:46.520] [16432] [I] [SkyrimNet_SexLab_Scene.UpdateActor] sid:0 --- enter i:1 akActor:Orgnar
[18:38:46.520] [16432] [I] [SkyrimNet_SexLab_Scene.GetObjFromActor] sid:0 --- enter akActor:Orgnar
[18:38:46.520] [16432] [I] [SkyrimNet_SexLab_Scene.GetObjFromActor] sid:0 --- return StorageUtil.GetIntValue(akActor, storage_obj_key, 0)
[18:38:46.520] [16432] [I] [SkyrimNet_SexLab_Scene.UpdateActor] sid:0 --- return Changed
[18:38:46.520] [16432] [I] [SkyrimNet_SexLab_Scene.ReconcileVictimFactions] sid:0 --- enter
[18:38:46.520] [16432] [I] [SkyrimNet_SexLab_Scene.ReconcileVictimFactions] sid:0 --- thread.IsVictim Sofia
[18:38:46.520] [16432] [I] [SkyrimNet_SexLab_Scene.ReconcileVictimFactions] sid:0 --- thread.IsVictim Orgnar
[18:38:46.520] [16432] [I] [SkyrimNet_SexLab_Scene.ReconcileVictimFactions] sid:0 --- end
[18:38:46.520] [16432] [I] [SkyrimNet_SexLab_Scene.AlignActors] sid:0 --- end
[18:38:46.520] [16432] [I] [SkyrimNet_SexLab_Scene.UpdateActor] sid:0 --- enter i:0 akActor:Sofia
[18:38:46.520] [16432] [I] [SkyrimNet_SexLab_Scene.GetObjFromActor] sid:0 --- enter akActor:Sofia
[18:38:46.520] [16432] [I] [SkyrimNet_SexLab_Scene.GetObjFromActor] sid:0 --- return StorageUtil.GetIntValue(akActor, storage_obj_key, 0)
[18:38:46.520] [16432] [I] [SkyrimNet_SexLab_Scene.UpdateActor] sid:0 --- return Changed
[18:38:46.520] [16432] [I] [SkyrimNet_SexLab_Scene.UpdateActor] sid:0 --- enter i:1 akActor:Orgnar
[18:38:46.520] [16432] [I] [SkyrimNet_SexLab_Scene.GetObjFromActor] sid:0 --- enter akActor:Orgnar
[18:38:46.520] [16432] [I] [SkyrimNet_SexLab_Scene.GetObjFromActor] sid:0 --- return StorageUtil.GetIntValue(akActor, storage_obj_key, 0)
[18:38:46.520] [16432] [I] [SkyrimNet_SexLab_Scene.UpdateActor] sid:0 --- return Changed
[18:38:46.520] [16432] [I] [SkyrimNet_SexLab_Scene.GetThreadActive] sid:0 --- enter
[18:38:46.520] [16432] [I] [SkyrimNet_SexLab_Scene.GetThreadActive] sid:0 --- thread.GetState()
[18:38:46.520] [16432] [I] [SkyrimNet_SexLab_Scene.GetThreadActive] sid:0 --- thread.GetState() returned Animating
[18:38:46.520] [16432] [I] [SkyrimNet_SexLab_Scene.GetThreadActive] sid:0 --- return TRUE
[18:38:46.521] [16432] [I] [SkyrimNet_SexLab_Scene.GetDescription] sid:0 --- enter
[18:38:46.523] [11964] [I] [SkyrimNet_SexLab_Scene.GetThreadObj] sid:0 --- thread.IsVictim Sofia
[18:38:46.523] [11964] [I] [SkyrimNet_SexLab_Scene.GetThreadObj] sid:0 --- thread.IsVictim Orgnar
[18:38:46.523] [11964] [I] [SkyrimNet_SexLab_Scene.GetLocation] sid:0 --- enter
[18:38:46.523] [11964] [I] [SkyrimNet_SexLab_Scene.GetLocation] sid:0 --- thread.BedTypeId
[18:38:46.523] [11964] [I] [SkyrimNet_SexLab_Scene.GetLocation] sid:0 --- thread.Animation
[18:38:46.523] [11964] [I] [SkyrimNet_SexLab_Scene.GetLocation] sid:0 --- return Loc
[18:38:46.524] [11964] [I] [SkyrimNet_SexLab_Scene.GetThreadObj] sid:0 --- return thread_obj
[18:38:46.524] [11964] [I] [SkyrimNet_SexLab_Scene_Manager.GetThreadsJson] {
  "_counter": "16",
  "_threads": [
    {
      "_active": 1,
      "_Actors": [
        {
          "_arousal": -1,
          "_assailant": 0,
          "_creature_description": "",
          "_dom_slave": 0,
          "_enjoyment": 0,
          "_formid": "20",
          "_has_penis": 0,
          "_has_pussy": 1,
          "_is_hermaphrodiate": 0,
          "_name": "Sofia",
          "_no_orgasm": 0,
          "_notice_level": "Nothing",
          "_speaking_modifiers": [
            "_pleasure_"
          ],
          "_total_orgasm": 0,
          "_uuid": "3944757940392895572",
          "_victim": 0,
          "_wearing_strapon": 0
        },
        {
          "_arousal": -1,
          "_assailant": 0,
          "_creature_description": "",
          "_dom_slave": 0,
          "_enjoyment": 0,
          "_formid": "78982",
          "_has_penis": 1,
          "_has_pussy": 0,
          "_is_hermaphrodiate": 0,
          "_name": "Orgnar",
          "_no_orgasm": 0,
          "_notice_level": "Nothing",
          "_speaking_modifiers": [
            "_pleasure_"
          ],
          "_total_orgasm": 0,
          "_uuid": "6576269950174216257",
          "_victim": 0,
          "_wearing_strapon": 0
        }
      ],
      "_description": "Sofia is, kneeling position, having vaginal sex with Orgnar.\n\n",
      "_location": "the floor ",
      "_names": [
        "Sofia",
        "Orgnar"
      ],
      "_speaker_distance": 17.824134826660156,
      "_speaker_los": 0,
      "_speaker_name": "Daegon",
      "_status": "active",
      "_style": "normally",
      "_victims": []
    }
  ]
}
[18:38:46.524] [11964] [I] [SkyrimNet_SexLab_Scene.GetDescription] sid:0 --- enter
[18:38:46.525] [11964] [I] [skyrimnet_sexlab_utilities.DirectNarration_Optional.CheckDuplicate] changing duplicate "continue activity that includes Sofia and Orgnar" to ""
[18:38:46.525] [11964] [I] [SkyrimNet_SexLab_Scene.StageStart] sid:0 --- end
[18:38:53.385] [25776] [I] [SkyrimNet_SexLab_Scene.GetThread] sid:0 --- enter
[18:38:53.386] [25776] [I] [SkyrimNet_SexLab_Scene.GetThread] sid:0 --- return Thread
[18:38:53.386] [25776] [I] [SkyrimNet_SexLab_Scene.StageStart] sid:0 --- enter
[18:38:53.386] [25776] [I] [SkyrimNet_SexLab_Scene.AlignActors] sid:0 --- enter
[18:38:53.386] [25776] [I] [SkyrimNet_SexLab_Scene.AlignActors] sid:0 --- thread.positions.length
[18:38:53.386] [25776] [I] [SkyrimNet_SexLab_Scene.EnsureActorArraysLargeEnough] sid:0 --- enter size:2
[18:38:53.386] [25776] [I] [SkyrimNet_SexLab_Scene.EnsureActorArraysLargeEnough] sid:0 --- return Void
[18:38:53.386] [25776] [I] [SkyrimNet_SexLab_Scene.UpdateActor] sid:0 --- enter i:0 akActor:Sofia
[18:38:53.386] [25776] [I] [SkyrimNet_SexLab_Scene.GetObjFromActor] sid:0 --- enter akActor:Sofia
[18:38:53.386] [25776] [I] [SkyrimNet_SexLab_Scene.GetObjFromActor] sid:0 --- return StorageUtil.GetIntValue(akActor, storage_obj_key, 0)
[18:38:53.394] [11964] [I] [SkyrimNet_SexLab_Scene.UpdateActor] sid:0 --- return Changed
[18:38:53.394] [11964] [I] [SkyrimNet_SexLab_Scene.UpdateActor] sid:0 --- enter i:1 akActor:Orgnar
[18:38:53.394] [11964] [I] [SkyrimNet_SexLab_Scene.GetObjFromActor] sid:0 --- enter akActor:Orgnar
[18:38:53.394] [11964] [I] [SkyrimNet_SexLab_Scene.GetObjFromActor] sid:0 --- return StorageUtil.GetIntValue(akActor, storage_obj_key, 0)
[18:38:53.394] [11964] [I] [SkyrimNet_SexLab_Scene.UpdateActor] sid:0 --- return Changed
[18:38:53.394] [11964] [I] [SkyrimNet_SexLab_Scene.ReconcileVictimFactions] sid:0 --- enter
[18:38:53.394] [11964] [I] [SkyrimNet_SexLab_Scene.ReconcileVictimFactions] sid:0 --- thread.IsVictim Sofia
[18:38:53.395] [11964] [I] [SkyrimNet_SexLab_Scene.ReconcileVictimFactions] sid:0 --- thread.IsVictim Orgnar
[18:38:53.395] [11964] [I] [SkyrimNet_SexLab_Scene.ReconcileVictimFactions] sid:0 --- end
[18:38:53.395] [11964] [I] [SkyrimNet_SexLab_Scene.AlignActors] sid:0 --- end
[18:38:53.395] [11964] [I] [SkyrimNet_SexLab_Scene.GetThread] sid:0 --- enter
[18:38:53.395] [11964] [I] [SkyrimNet_SexLab_Scene.GetThread] sid:0 --- return Thread
[18:38:53.395] [11964] [I] [SkyrimNet_SexLab_Scene.GetThreadActive] sid:0 --- enter
[18:38:53.395] [11964] [I] [SkyrimNet_SexLab_Scene.GetThreadActive] sid:0 --- thread.GetState()
[18:38:53.395] [11964] [I] [SkyrimNet_SexLab_Scene.GetThreadActive] sid:0 --- thread.GetState() returned Animating
[18:38:53.395] [11964] [I] [SkyrimNet_SexLab_Scene.GetThreadActive] sid:0 --- return TRUE
[18:38:53.395] [11964] [I] [SkyrimNet_SexLab_Scene.GetThreadObj] sid:0 --- enter speaker:Daegon
[18:38:53.395] [11964] [I] [SkyrimNet_SexLab_Scene.AlignActors] sid:0 --- enter
[18:38:53.395] [11964] [I] [SkyrimNet_SexLab_Scene.AlignActors] sid:0 --- thread.positions.length
[18:38:53.395] [11964] [I] [SkyrimNet_SexLab_Scene.EnsureActorArraysLargeEnough] sid:0 --- enter size:2
[18:38:53.395] [11964] [I] [SkyrimNet_SexLab_Scene.EnsureActorArraysLargeEnough] sid:0 --- return Void
[18:38:53.395] [11964] [I] [SkyrimNet_SexLab_Scene.UpdateActor] sid:0 --- enter i:0 akActor:Sofia
[18:38:53.395] [11964] [I] [SkyrimNet_SexLab_Scene.GetObjFromActor] sid:0 --- enter akActor:Sofia
[18:38:53.395] [11964] [I] [SkyrimNet_SexLab_Scene.GetObjFromActor] sid:0 --- return StorageUtil.GetIntValue(akActor, storage_obj_key, 0)
[18:38:53.395] [11964] [I] [SkyrimNet_SexLab_Scene.UpdateActor] sid:0 --- return Changed
[18:38:53.395] [11964] [I] [SkyrimNet_SexLab_Scene.UpdateActor] sid:0 --- enter i:1 akActor:Orgnar
[18:38:53.395] [11964] [I] [SkyrimNet_SexLab_Scene.GetObjFromActor] sid:0 --- enter akActor:Orgnar
[18:38:53.395] [11964] [I] [SkyrimNet_SexLab_Scene.GetObjFromActor] sid:0 --- return StorageUtil.GetIntValue(akActor, storage_obj_key, 0)
[18:38:53.395] [11964] [I] [SkyrimNet_SexLab_Scene.UpdateActor] sid:0 --- return Changed
[18:38:53.395] [11964] [I] [SkyrimNet_SexLab_Scene.ReconcileVictimFactions] sid:0 --- enter
[18:38:53.395] [11964] [I] [SkyrimNet_SexLab_Scene.ReconcileVictimFactions] sid:0 --- thread.IsVictim Sofia
[18:38:53.395] [11964] [I] [SkyrimNet_SexLab_Scene.ReconcileVictimFactions] sid:0 --- thread.IsVictim Orgnar
[18:38:53.395] [11964] [I] [SkyrimNet_SexLab_Scene.ReconcileVictimFactions] sid:0 --- end
[18:38:53.395] [11964] [I] [SkyrimNet_SexLab_Scene.AlignActors] sid:0 --- end
[18:38:53.395] [11964] [I] [SkyrimNet_SexLab_Scene.UpdateActor] sid:0 --- enter i:0 akActor:Sofia
[18:38:53.395] [11964] [I] [SkyrimNet_SexLab_Scene.GetObjFromActor] sid:0 --- enter akActor:Sofia
[18:38:53.395] [11964] [I] [SkyrimNet_SexLab_Scene.GetObjFromActor] sid:0 --- return StorageUtil.GetIntValue(akActor, storage_obj_key, 0)
[18:38:53.396] [11964] [I] [SkyrimNet_SexLab_Scene.UpdateActor] sid:0 --- return Changed
[18:38:53.396] [11964] [I] [SkyrimNet_SexLab_Scene.UpdateActor] sid:0 --- enter i:1 akActor:Orgnar
[18:38:53.396] [11964] [I] [SkyrimNet_SexLab_Scene.GetObjFromActor] sid:0 --- enter akActor:Orgnar
[18:38:53.396] [11964] [I] [SkyrimNet_SexLab_Scene.GetObjFromActor] sid:0 --- return StorageUtil.GetIntValue(akActor, storage_obj_key, 0)
[18:38:53.396] [11964] [I] [SkyrimNet_SexLab_Scene.UpdateActor] sid:0 --- return Changed
[18:38:53.396] [11964] [I] [SkyrimNet_SexLab_Scene.GetThreadActive] sid:0 --- enter
[18:38:53.396] [11964] [I] [SkyrimNet_SexLab_Scene.GetThreadActive] sid:0 --- thread.GetState()
[18:38:53.396] [11964] [I] [SkyrimNet_SexLab_Scene.GetThreadActive] sid:0 --- thread.GetState() returned Animating
[18:38:53.396] [11964] [I] [SkyrimNet_SexLab_Scene.GetThreadActive] sid:0 --- return TRUE
[18:38:53.396] [11964] [I] [SkyrimNet_SexLab_Scene.GetDescription] sid:0 --- enter
[18:38:53.399] [25776] [I] [SkyrimNet_SexLab_Scene.GetThreadObj] sid:0 --- thread.IsVictim Sofia
[18:38:53.399] [25776] [I] [SkyrimNet_SexLab_Scene.GetThreadObj] sid:0 --- thread.IsVictim Orgnar
[18:38:53.399] [25776] [I] [SkyrimNet_SexLab_Scene.GetLocation] sid:0 --- enter
[18:38:53.399] [25776] [I] [SkyrimNet_SexLab_Scene.GetLocation] sid:0 --- thread.BedTypeId
[18:38:53.399] [25776] [I] [SkyrimNet_SexLab_Scene.GetLocation] sid:0 --- thread.Animation
[18:38:53.399] [25776] [I] [SkyrimNet_SexLab_Scene.GetLocation] sid:0 --- return Loc
[18:38:53.399] [25776] [I] [SkyrimNet_SexLab_Scene.GetThreadObj] sid:0 --- return thread_obj
[18:38:53.399] [25776] [I] [SkyrimNet_SexLab_Scene_Manager.GetThreadsJson] {
  "_counter": "17",
  "_threads": [
    {
      "_active": 1,
      "_Actors": [
        {
          "_arousal": -1,
          "_assailant": 0,
          "_creature_description": "",
          "_dom_slave": 0,
          "_enjoyment": 0,
          "_formid": "20",
          "_has_penis": 0,
          "_has_pussy": 1,
          "_is_hermaphrodiate": 0,
          "_name": "Sofia",
          "_no_orgasm": 0,
          "_notice_level": "Nothing",
          "_speaking_modifiers": [
            "_pleasure_"
          ],
          "_total_orgasm": 0,
          "_uuid": "3944757940392895572",
          "_victim": 0,
          "_wearing_strapon": 0
        },
        {
          "_arousal": -1,
          "_assailant": 0,
          "_creature_description": "",
          "_dom_slave": 0,
          "_enjoyment": 0,
          "_formid": "78982",
          "_has_penis": 1,
          "_has_pussy": 0,
          "_is_hermaphrodiate": 0,
          "_name": "Orgnar",
          "_no_orgasm": 0,
          "_notice_level": "Nothing",
          "_speaking_modifiers": [
            "_pleasure_"
          ],
          "_total_orgasm": 0,
          "_uuid": "6576269950174216257",
          "_victim": 0,
          "_wearing_strapon": 0
        }
      ],
      "_description": "Sofia is, kneeling position, having vaginal sex with Orgnar.\n\n",
      "_location": "the floor ",
      "_names": [
        "Sofia",
        "Orgnar"
      ],
      "_speaker_distance": 17.824134826660156,
      "_speaker_los": 0,
      "_speaker_name": "Daegon",
      "_status": "active",
      "_style": "normally",
      "_victims": []
    }
  ]
}
[18:38:53.399] [25776] [I] [SkyrimNet_SexLab_Scene.GetDescription] sid:0 --- enter
[18:38:53.403] [16432] [I] [skyrimnet_sexlab_utilities.DirectNarration_Optional.CheckDuplicate] changing duplicate "continue activity that includes Sofia and Orgnar" to ""
[18:38:53.403] [16432] [I] [SkyrimNet_SexLab_Scene.StageStart] sid:0 --- end
[18:39:05.444] [11964] [I] [SkyrimNet_SexLab_Scene.GetThread] sid:0 --- enter
[18:39:05.445] [11964] [I] [SkyrimNet_SexLab_Scene.GetThread] sid:0 --- return Thread
[18:39:05.445] [11964] [I] [SkyrimNet_SexLab_Scene.AnimationEnd] sid:0 --- enter speaker:None style:normally
[18:39:05.445] [11964] [I] [SkyrimNet_SexLab_Scene.AlignActors] sid:0 --- enter
[18:39:05.445] [11964] [I] [SkyrimNet_SexLab_Scene.AlignActors] sid:0 --- thread.positions.length
[18:39:05.445] [11964] [I] [SkyrimNet_SexLab_Scene.EnsureActorArraysLargeEnough] sid:0 --- enter size:2
[18:39:05.445] [11964] [I] [SkyrimNet_SexLab_Scene.EnsureActorArraysLargeEnough] sid:0 --- return Void
[18:39:05.445] [11964] [I] [SkyrimNet_SexLab_Scene.UpdateActor] sid:0 --- enter i:0 akActor:Sofia
[18:39:05.445] [11964] [I] [SkyrimNet_SexLab_Scene.GetObjFromActor] sid:0 --- enter akActor:Sofia
[18:39:05.445] [11964] [I] [SkyrimNet_SexLab_Scene.GetObjFromActor] sid:0 --- return StorageUtil.GetIntValue(akActor, storage_obj_key, 0)
[18:39:05.445] [11964] [I] [SkyrimNet_SexLab_Scene.UpdateActor] sid:0 --- return Changed
[18:39:05.445] [11964] [I] [SkyrimNet_SexLab_Scene.UpdateActor] sid:0 --- enter i:1 akActor:Orgnar
[18:39:05.445] [11964] [I] [SkyrimNet_SexLab_Scene.GetObjFromActor] sid:0 --- enter akActor:Orgnar
[18:39:05.445] [11964] [I] [SkyrimNet_SexLab_Scene.GetObjFromActor] sid:0 --- return StorageUtil.GetIntValue(akActor, storage_obj_key, 0)
[18:39:05.445] [11964] [I] [SkyrimNet_SexLab_Scene.UpdateActor] sid:0 --- return Changed
[18:39:05.445] [11964] [I] [SkyrimNet_SexLab_Scene.ReconcileVictimFactions] sid:0 --- enter
[18:39:05.445] [11964] [I] [SkyrimNet_SexLab_Scene.ReconcileVictimFactions] sid:0 --- thread.IsVictim Sofia
[18:39:05.445] [11964] [I] [SkyrimNet_SexLab_Scene.ReconcileVictimFactions] sid:0 --- thread.IsVictim Orgnar
[18:39:05.445] [11964] [I] [SkyrimNet_SexLab_Scene.ReconcileVictimFactions] sid:0 --- end
[18:39:05.445] [11964] [I] [SkyrimNet_SexLab_Scene.AlignActors] sid:0 --- end
[18:39:05.445] [11964] [I] [SkyrimNet_SexLab_Scene_Manager.GetThreadsJson] {
  "_counter": "18",
  "_threads": []
}
[18:39:05.446] [11964] [I] [SkyrimNet_SexLab_Scene.AnimationEnd] sid:0 thread id:0 status:Frozen
[18:39:05.446] [11964] [I] [SkyrimNet_SexLab_Scene.AnimationEnd] sid:0 --- thread.GetState()=Frozen
[18:39:05.446] [11964] [I] [SkyrimNet_SexLab_Scene.AnimationEnd] sid:0 --- SexLab as sslSystemConfig
[18:39:05.446] [11964] [I] [skyrimnet_sexlab_stages.GetOrgasmExpected] thread: 0 Billyy Squatting
[18:39:05.447] [11964] [I] [skyrimnet_sexlab_stages.GetOrgasmExpected] tags:["Vaginal", "Creampie", "Handjob", "kneeling", "Squatting", "MF", "Straight", "sex", "Billyy", "FM", ""]
[18:39:05.449] [16432] [I] [skyrimnet_sexlab_stages.GetOrgasmExpected]     orgasm_expected: [1, 1]
[18:39:05.449] [16432] [I] [SkyrimNet_SexLab_Scene.GetIntentMessage] sid:0 --- enter intent_stage:2
[18:39:05.449] [16432] [I] [SkyrimNet_SexLab_Scene.GetIntentMessage] sid:0 --- return actors only
[18:39:05.449] [16432] [I] [SkyrimNet_SexLab_Scene.AnimationEnd] sid:0 --- Sofia total_orgasms:0
[18:39:05.449] [16432] [I] [SkyrimNet_SexLab_Scene.AnimationEnd] sid:0 --- Orgnar total_orgasms:0
[18:39:05.449] [16432] [I] [SkyrimNet_SexLab_Scene.AnimationEnd] sid:0 --- end_message:Sofia and Orgnar Finish sexual activities. Orgnar failed to orgasm. Sofia failed to orgasm. 
[18:39:05.461] [17664] [I] [skyrimnet_sexlab_utilities.RegisterEvent] event_name:sexlab update msg:Sofia and Orgnar Finish sexual activities. Orgnar failed to orgasm. Sofia failed to orgasm.  source:Sofia target:Orgnar
[18:39:05.461] [17664] [I] [SkyrimNet_SexLab_Scene.release] sid:0 --- enter
[18:39:05.470] [12528] [I] [SkyrimNet_SexLab_Scene.release] sid:0 --- end
[18:39:05.471] [12528] [I] [SkyrimNet_SexLab_Scene.AnimationEnd] sid:0 --- end
[18:40:00.982] [25776] [I] [skyrimnet_sexlab_mcm.OnKeyDown] key_code: 184
[18:40:00.982] [25776] [I] [skyrimnet_sexlab_menu.ProcessHotkey] target_not_none: TRUE
[18:40:00.982] [25776] [I] [skyrimnet_sexlab_actions.BodyAnimation_Tag] Grommok the Bruiser is eligible for sex
[18:40:05.120] [12528] [I] [skyrimnet_sexlab_menu.Target_Menu_Selection] button:rapes player
[18:40:05.120] [12528] [I] [skyrimnet_sexlab_actions.StartScene_Nonconsensual_Two_SpeakerVictim] Sofia Grommok the Bruiser style:  method: direction:  setting_name:
[18:40:05.120] [12528] [I] [skyrimnet_sexlab_actions.StartScene_Event] event_name:SkyrimNet_SexLab_Action_Start intent:sexual assault speaker:Sofia target:Grommok the Bruiser victim:Sofia style: speaker_position:0 method: event_hook: setting_name: participate_3_name:None
[18:40:05.128] [34276] [I] [SkyrimNet_SexLab_Scene_Manager.Action_Start] intent:sexual assault
[18:40:05.128] [34276] [I] [SkyrimNet_SexLab_Scene_Manager.Action_Start] intent:sexual assault speaker:Sofia target:Grommok the Bruiser victim:Sofia style: method: speaker_position:0 event_hook: setting_name: participate_3:None
[18:40:05.128] [34276] [I] [SkyrimNet_SexLab_Scene_Manager.CreateCreator] intent: sexual assault actors: ["Sofia", "Grommok the Bruiser"] speaker: Sofia target: Grommok the Bruiser method:  setting_name: 
[18:40:05.128] [34276] [I] [SkyrimNet_SexLab_Scene_Creator.LoadSetting] sid:0 loading default
[18:40:05.128] [34276] [I] [SkyrimNet_SexLab_Scene_Creator.LoadSetting] sid:0 defaults: no_strip:0 no_orgasm:0 speaking_modifier:_pleasure_
[18:40:05.129] [34276] [I] [SkyrimNet_SexLab_Scene_Creator.Setup] sid:0 intent: sexual assault actors: [Sofia and Grommok the Bruiser] victims: [] assailants: [Sofia and Grommok the Bruiser] no_orgasm: [] no_stripping: [] tags: suppress_tags: style:normally event_hook: speaking_modifiers: ["_pleasure_", "_pleasure_"]
[18:40:05.129] [34276] [I] [SkyrimNet_SexLab_Scene_Creator.LockActorLock] sid:0 Sofia is eligible for sex
[18:40:05.129] [34276] [I] [SkyrimNet_SexLab_Scene_Creator.LockActorLock] sid:0 Grommok the Bruiser is eligible for sex
[18:40:05.130] [17664] [I] [SkyrimNet_SexLab_Scene_Creator.StartScene] sid:0 manager.empty == manager.cancel: False
[18:40:05.130] [17664] [I] [SkyrimNet_SexLab_Scene_Creator.StartScene] sid:0 intent: sexual assault actors: [Sofia and Grommok the Bruiser] victims: [Sofia] assailants: [Grommok the Bruiser] no_orgasm: [] no_stripping: [] tags: suppress_tags: style:normally event_hook: speaking_modifiers: ["_pleasure_", "_pleasure_"]
[18:40:05.145] [17664] [I] [SkyrimNet_SexLab_Scene_Creator.SelectAnimations] sid:0  assailants:Grommok the Bruiser victims:Sofia
[18:40:05.145] [17664] [I] [SkyrimNet_SexLab_Scene_Creator.YesNoDialog] sid:0 intent:sexual assault num_victims:1
[18:40:07.464] [25776] [I] [SkyrimNet_SexLab_Scene_Creator.StartScene] sid:0 intent:sexual assault actors: [Sofia and Grommok the Bruiser] victims: [Sofia] assailants: [Grommok the Bruiser] no_orgasm: [] no_stripping: [] tag: suppressed: style:normally event_hook:
[18:40:07.820] [17664] [I] [SkyrimNet_SexLab_Scene.GetThreadActive] sid:0 --- enter
[18:40:07.820] [17664] [I] [SkyrimNet_SexLab_Scene.GetThreadActive] sid:0 --- return False
[18:40:07.820] [17664] [I] [SkyrimNet_SexLab_Scene.SetThread] sid:0 --- enter tid:0
[18:40:07.820] [17664] [I] [SkyrimNet_SexLab_Scene.SetThread] sid:0 --- end
[18:40:07.820] [17664] [I] [SkyrimNet_SexLab_Scene.Setup] sid:0 --- enter creator present
[18:40:07.820] [17664] [I] [SkyrimNet_SexLab_Scene.Setup] sid:0 --- thread.positions count=2
[18:40:07.821] [17664] [I] [SkyrimNet_SexLab_Scene.EnsureActorArraysLargeEnough] sid:0 --- enter size:2
[18:40:07.821] [17664] [I] [SkyrimNet_SexLab_Scene.EnsureActorArraysLargeEnough] sid:0 --- return Void
[18:40:07.821] [17664] [I] [SkyrimNet_SexLab_Scene.ReconcileVictimFactions] sid:0 --- enter
[18:40:07.821] [17664] [I] [SkyrimNet_SexLab_Scene.ReconcileVictimFactions] sid:0 --- thread.IsVictim Sofia
[18:40:07.829] [34276] [I] [SkyrimNet_SexLab_Scene.ReconcileVictimFactions] sid:0 --- thread.IsVictim Grommok the Bruiser
[18:40:07.829] [34276] [I] [SkyrimNet_SexLab_Scene.ReconcileVictimFactions] sid:0 --- end
[18:40:07.829] [34276] [I] [SkyrimNet_SexLab_Scene.Setup] sid:0 initiator:Sofia sender:Sofia receiver:Grommok the Bruiser
[18:40:07.829] [34276] [I] [SkyrimNet_SexLab_Scene.SetPosition] sid:0 --- enter start index:0 akActor:Sofia no_orgasm:0 speaking_modifiers:_pleasure_
[18:40:07.829] [34276] [I] [SkyrimNet_SexLab_Scene.EnsureActorArraysLargeEnough] sid:0 --- enter size:1
[18:40:07.829] [34276] [I] [SkyrimNet_SexLab_Scene.EnsureActorArraysLargeEnough] sid:0 --- return Void
[18:40:07.829] [34276] [I] [SkyrimNet_SexLab_Scene.SetActor] sid:0 --- enter i:0 Sofia
[18:40:07.829] [34276] [I] [SkyrimNet_SexLab_Scene.GetUUID] sid:0 --- enter akActor:Sofia
[18:40:07.832] [16432] [I] [SkyrimNet_SexLab_Scene.GetUUID] sid:0 --- return 3944757940392895572
[18:40:07.832] [16432] [I] [SkyrimNet_SexLab_Scene.SetActor] sid:0 --- sexlab.GetGender Sofia
[18:40:07.832] [16432] [I] [SkyrimNet_SexLab_Scene.SetActor] sid:0 --- sexlab.GetGender returned 1
[18:40:07.832] [16432] [I] [SkyrimNet_SexLab_Scene.GetCreatureDescriptions] sid:0 --- enter akActor:Sofia
[18:40:07.832] [16432] [I] [SkyrimNet_SexLab_Scene.GetCreatureDescriptions] sid:0 --- return desc:
[18:40:07.832] [16432] [I] [SkyrimNet_SexLab_Scene.SetActor] sid:0 --- thread.IsVictim Sofia
[18:40:07.832] [16432] [I] [SkyrimNet_SexLab_Scene.SetActor] sid:0 --- thread.ActorAlias Sofia
[18:40:07.832] [16432] [I] [SkyrimNet_SexLab_Scene.SetActor] sid:0 --- return TRUE
[18:40:07.832] [16432] [I] [SkyrimNet_SexLab_Scene.SetPosition] sid:0 end index:0 name: Sofia no_orgasm: 0 speaking_modifiers: ["_pleasure_"]
[18:40:07.837] [25776] [I] [SkyrimNet_SexLab_Scene.SetPosition] sid:0 --- enter start index:1 akActor:Grommok the Bruiser no_orgasm:0 speaking_modifiers:_pleasure_
[18:40:07.837] [25776] [I] [SkyrimNet_SexLab_Scene.EnsureActorArraysLargeEnough] sid:0 --- enter size:2
[18:40:07.837] [25776] [I] [SkyrimNet_SexLab_Scene.EnsureActorArraysLargeEnough] sid:0 --- return Void
[18:40:07.846] [12528] [I] [SkyrimNet_SexLab_Scene.SetActor] sid:0 --- enter i:1 Grommok the Bruiser
[18:40:07.854] [34276] [I] [SkyrimNet_SexLab_Scene.GetUUID] sid:0 --- enter akActor:Grommok the Bruiser
[18:40:07.857] [11964] [I] [SkyrimNet_SexLab_Scene.GetUUID] sid:0 --- return 2506715065195416185
[18:40:07.881] [11964] [I] [SkyrimNet_SexLab_Scene.SetActor] sid:0 --- sexlab.GetGender Grommok the Bruiser
[18:40:07.881] [11964] [I] [SkyrimNet_SexLab_Scene.SetActor] sid:0 --- sexlab.GetGender returned 0
[18:40:07.881] [11964] [I] [SkyrimNet_SexLab_Scene.GetCreatureDescriptions] sid:0 --- enter akActor:Grommok the Bruiser
[18:40:07.881] [11964] [I] [SkyrimNet_SexLab_Scene.GetCreatureDescriptions] sid:0 --- return desc:
[18:40:07.882] [11964] [I] [SkyrimNet_SexLab_Scene.SetActor] sid:0 --- thread.IsVictim Grommok the Bruiser
[18:40:07.882] [11964] [I] [SkyrimNet_SexLab_Scene.SetActor] sid:0 --- thread.ActorAlias Grommok the Bruiser
[18:40:07.882] [11964] [I] [SkyrimNet_SexLab_Scene.SetActor] sid:0 --- return TRUE
[18:40:07.889] [11964] [I] [SkyrimNet_SexLab_Scene.SetPosition] sid:0 end index:1 name: Grommok the Bruiser no_orgasm: 0 speaking_modifiers: ["_pleasure_"]
[18:40:07.889] [11964] [I] [SkyrimNet_SexLab_Scene.Setup] sid:0 --- thread.GetVictim()
[18:40:07.889] [11964] [I] [SkyrimNet_SexLab_Scene.Setup] sid:0 --- thread.GetVictim() returned [Actor < (00000014)>]
[18:40:07.890] [11964] [I] [SkyrimNet_SexLab_Scene.SetNames] sid:0 --- enter
[18:40:07.890] [11964] [I] [SkyrimNet_SexLab_Scene.SetNames] sid:0 --- thread.positions
[18:40:07.890] [11964] [I] [SkyrimNet_SexLab_Scene.GetNames] sid:0 --- enter key_:_victim
[18:40:07.890] [11964] [I] [SkyrimNet_SexLab_Scene.GetNames] sid:0 --- return Names
[18:40:07.890] [11964] [I] [SkyrimNet_SexLab_Scene.GetNames] sid:0 --- enter key_:_assailant
[18:40:07.890] [11964] [I] [SkyrimNet_SexLab_Scene.GetNames] sid:0 --- return Names
[18:40:07.890] [11964] [I] [SkyrimNet_SexLab_Scene.GetNames] sid:0 --- enter key_:_is_hermaphrodiate
[18:40:07.890] [11964] [I] [SkyrimNet_SexLab_Scene.GetNames] sid:0 --- return Names
[18:40:07.890] [11964] [I] [SkyrimNet_SexLab_Scene.GetNames] sid:0 --- enter key_:_wearing_strapon
[18:40:07.890] [11964] [I] [SkyrimNet_SexLab_Scene.GetNames] sid:0 --- return Names
[18:40:07.890] [11964] [I] [SkyrimNet_SexLab_Scene.SetNames] sid:0 --- end
[18:40:07.890] [11964] [I] [SkyrimNet_SexLab_Scene.Setup] sid:0 --- end
[18:40:08.526] [25776] [I] [SkyrimNet_SexLab_Scene.GetThread] sid:0 --- enter
[18:40:08.526] [25776] [I] [SkyrimNet_SexLab_Scene.GetThread] sid:0 --- return Thread
[18:40:08.526] [25776] [I] [SkyrimNet_SexLab_Scene.AnimationStart] sid:0 --- enter
[18:40:08.526] [25776] [I] [SkyrimNet_SexLab_Scene.AlignActors] sid:0 --- enter
[18:40:08.527] [25776] [I] [SkyrimNet_SexLab_Scene.AlignActors] sid:0 --- thread.positions.length
[18:40:08.527] [25776] [I] [SkyrimNet_SexLab_Scene.EnsureActorArraysLargeEnough] sid:0 --- enter size:2
[18:40:08.527] [25776] [I] [SkyrimNet_SexLab_Scene.EnsureActorArraysLargeEnough] sid:0 --- return Void
[18:40:08.535] [16432] [I] [SkyrimNet_SexLab_Scene.UpdateActor] sid:0 --- enter i:0 akActor:Sofia
[18:40:08.535] [16432] [I] [SkyrimNet_SexLab_Scene.GetObjFromActor] sid:0 --- enter akActor:Sofia
[18:40:08.535] [16432] [I] [SkyrimNet_SexLab_Scene.GetObjFromActor] sid:0 --- return StorageUtil.GetIntValue(akActor, storage_obj_key, 0)
[18:40:08.535] [16432] [I] [SkyrimNet_SexLab_Scene.UpdateActor] sid:0 --- return Changed
[18:40:08.536] [16432] [I] [SkyrimNet_SexLab_Scene.UpdateActor] sid:0 --- enter i:1 akActor:Grommok the Bruiser
[18:40:08.536] [16432] [I] [SkyrimNet_SexLab_Scene.GetObjFromActor] sid:0 --- enter akActor:Grommok the Bruiser
[18:40:08.536] [16432] [I] [SkyrimNet_SexLab_Scene.GetObjFromActor] sid:0 --- return StorageUtil.GetIntValue(akActor, storage_obj_key, 0)
[18:40:08.536] [16432] [I] [SkyrimNet_SexLab_Scene.UpdateActor] sid:0 --- return Changed
[18:40:08.536] [16432] [I] [SkyrimNet_SexLab_Scene.ReconcileVictimFactions] sid:0 --- enter
[18:40:08.544] [12528] [I] [SkyrimNet_SexLab_Scene.ReconcileVictimFactions] sid:0 --- thread.IsVictim Sofia
[18:40:08.560] [34276] [I] [SkyrimNet_SexLab_Scene.ReconcileVictimFactions] sid:0 --- thread.IsVictim Grommok the Bruiser
[18:40:08.560] [34276] [I] [SkyrimNet_SexLab_Scene.ReconcileVictimFactions] sid:0 --- end
[18:40:08.560] [34276] [I] [SkyrimNet_SexLab_Scene.AlignActors] sid:0 --- end
[18:40:08.560] [34276] [I] [SkyrimNet_SexLab_Scene.GetThread] sid:0 --- enter
[18:40:08.560] [34276] [I] [SkyrimNet_SexLab_Scene.GetThread] sid:0 --- return Thread
[18:40:08.560] [34276] [I] [SkyrimNet_SexLab_Scene.GetThreadActive] sid:0 --- enter
[18:40:08.561] [34276] [I] [SkyrimNet_SexLab_Scene.GetThreadActive] sid:0 --- thread.GetState()
[18:40:08.561] [34276] [I] [SkyrimNet_SexLab_Scene.GetThreadActive] sid:0 --- thread.GetState() returned Prepare
[18:40:08.561] [34276] [I] [SkyrimNet_SexLab_Scene.GetThreadActive] sid:0 --- return TRUE
[18:40:08.561] [34276] [I] [SkyrimNet_SexLab_Scene.GetThreadObj] sid:0 --- enter speaker:Daegon
[18:40:08.561] [34276] [I] [SkyrimNet_SexLab_Scene.AlignActors] sid:0 --- enter
[18:40:08.561] [34276] [I] [SkyrimNet_SexLab_Scene.AlignActors] sid:0 --- thread.positions.length
[18:40:08.561] [34276] [I] [SkyrimNet_SexLab_Scene.EnsureActorArraysLargeEnough] sid:0 --- enter size:2
[18:40:08.561] [34276] [I] [SkyrimNet_SexLab_Scene.EnsureActorArraysLargeEnough] sid:0 --- return Void
[18:40:08.561] [34276] [I] [SkyrimNet_SexLab_Scene.UpdateActor] sid:0 --- enter i:0 akActor:Sofia
[18:40:08.561] [34276] [I] [SkyrimNet_SexLab_Scene.GetObjFromActor] sid:0 --- enter akActor:Sofia
[18:40:08.561] [34276] [I] [SkyrimNet_SexLab_Scene.GetObjFromActor] sid:0 --- return StorageUtil.GetIntValue(akActor, storage_obj_key, 0)
[18:40:08.561] [34276] [I] [SkyrimNet_SexLab_Scene.UpdateActor] sid:0 --- return Changed
[18:40:08.561] [34276] [I] [SkyrimNet_SexLab_Scene.UpdateActor] sid:0 --- enter i:1 akActor:Grommok the Bruiser
[18:40:08.561] [34276] [I] [SkyrimNet_SexLab_Scene.GetObjFromActor] sid:0 --- enter akActor:Grommok the Bruiser
[18:40:08.561] [34276] [I] [SkyrimNet_SexLab_Scene.GetObjFromActor] sid:0 --- return StorageUtil.GetIntValue(akActor, storage_obj_key, 0)
[18:40:08.561] [34276] [I] [SkyrimNet_SexLab_Scene.UpdateActor] sid:0 --- return Changed
[18:40:08.561] [34276] [I] [SkyrimNet_SexLab_Scene.ReconcileVictimFactions] sid:0 --- enter
[18:40:08.561] [34276] [I] [SkyrimNet_SexLab_Scene.ReconcileVictimFactions] sid:0 --- thread.IsVictim Sofia
[18:40:08.561] [34276] [I] [SkyrimNet_SexLab_Scene.ReconcileVictimFactions] sid:0 --- thread.IsVictim Grommok the Bruiser
[18:40:08.561] [34276] [I] [SkyrimNet_SexLab_Scene.ReconcileVictimFactions] sid:0 --- end
[18:40:08.561] [34276] [I] [SkyrimNet_SexLab_Scene.AlignActors] sid:0 --- end
[18:40:08.561] [34276] [I] [SkyrimNet_SexLab_Scene.UpdateActor] sid:0 --- enter i:0 akActor:Sofia
[18:40:08.561] [34276] [I] [SkyrimNet_SexLab_Scene.GetObjFromActor] sid:0 --- enter akActor:Sofia
[18:40:08.561] [34276] [I] [SkyrimNet_SexLab_Scene.GetObjFromActor] sid:0 --- return StorageUtil.GetIntValue(akActor, storage_obj_key, 0)
[18:40:08.561] [34276] [I] [SkyrimNet_SexLab_Scene.UpdateActor] sid:0 --- return Changed
[18:40:08.561] [34276] [I] [SkyrimNet_SexLab_Scene.UpdateActor] sid:0 --- enter i:1 akActor:Grommok the Bruiser
[18:40:08.561] [34276] [I] [SkyrimNet_SexLab_Scene.GetObjFromActor] sid:0 --- enter akActor:Grommok the Bruiser
[18:40:08.561] [34276] [I] [SkyrimNet_SexLab_Scene.GetObjFromActor] sid:0 --- return StorageUtil.GetIntValue(akActor, storage_obj_key, 0)
[18:40:08.561] [34276] [I] [SkyrimNet_SexLab_Scene.UpdateActor] sid:0 --- return Changed
[18:40:08.561] [34276] [I] [SkyrimNet_SexLab_Scene.GetThreadActive] sid:0 --- enter
[18:40:08.561] [34276] [I] [SkyrimNet_SexLab_Scene.GetThreadActive] sid:0 --- thread.GetState()
[18:40:08.561] [34276] [I] [SkyrimNet_SexLab_Scene.GetThreadActive] sid:0 --- thread.GetState() returned Prepare
[18:40:08.561] [34276] [I] [SkyrimNet_SexLab_Scene.GetThreadActive] sid:0 --- return TRUE
[18:40:08.561] [34276] [I] [SkyrimNet_SexLab_Scene.GetDescription] sid:0 --- enter
[18:40:08.562] [34276] [I] [skyrimnet_sexlab_stages.GetAnim_Info] loading: Data/SKSE/Plugins/SkyrimNet_SexLab/animations/GoodProvider/Leito Bound Anal Rear Entry.json
[18:40:08.564] [34276] [I] [skyrimnet_sexlab_stages.AddActorDescriptionActors] Version2.0 Actors:Sofia and Grommok the Bruiser desc:{{sl.actors.0}} lays face down, arms bound behind back, and legs kicking. {{sl.actors.1}} holds {{sl.actors.0}}'s bound arms and prepares to enter.
[18:40:08.564] [34276] [I] [skyrimnet_sexlab_stages.AddActorDescriptionActors] json: {"actors":["Sofia","Grommok the Bruiser"]} desc: {{sl.actors.0}} lays face down, arms bound behind back, and legs kicking. {{sl.actors.1}} holds {{sl.actors.0}}'s bound arms and prepares to enter. result: Sofia lays face down, arms bound behind back, and legs kicking. Grommok the Bruiser holds Sofia's bound arms and prepares to enter.
[18:40:08.564] [34276] [I] [SkyrimNet_SexLab_Scene.GetThreadObj] sid:0 --- thread.IsVictim Sofia
[18:40:08.564] [34276] [I] [SkyrimNet_SexLab_Scene.GetThreadObj] sid:0 --- thread.IsVictim Grommok the Bruiser
[18:40:08.565] [25776] [I] [SkyrimNet_SexLab_Scene.GetLocation] sid:0 --- enter
[18:40:08.565] [25776] [I] [SkyrimNet_SexLab_Scene.GetLocation] sid:0 --- thread.BedTypeId
[18:40:08.565] [25776] [I] [SkyrimNet_SexLab_Scene.GetLocation] sid:0 --- thread.Animation
[18:40:08.566] [25776] [I] [SkyrimNet_SexLab_Scene.GetLocation] sid:0 --- return Loc
[18:40:08.566] [25776] [I] [SkyrimNet_SexLab_Scene.GetThreadObj] sid:0 --- return thread_obj
[18:40:08.566] [25776] [I] [SkyrimNet_SexLab_Scene_Manager.GetThreadsJson] {
  "_counter": "19",
  "_threads": [
    {
      "_active": 1,
      "_Actors": [
        {
          "_arousal": -1,
          "_assailant": 0,
          "_creature_description": "",
          "_dom_slave": 0,
          "_enjoyment": 0,
          "_formid": "20",
          "_has_penis": 0,
          "_has_pussy": 1,
          "_is_hermaphrodiate": 0,
          "_name": "Sofia",
          "_no_orgasm": 0,
          "_notice_level": "Nothing",
          "_speaking_modifiers": [
            "_pleasure_"
          ],
          "_total_orgasm": 0,
          "_uuid": "3944757940392895572",
          "_victim": 1,
          "_wearing_strapon": 0
        },
        {
          "_arousal": -1,
          "_assailant": 1,
          "_creature_description": "",
          "_dom_slave": 0,
          "_enjoyment": 0,
          "_formid": "1258294629",
          "_has_penis": 1,
          "_has_pussy": 0,
          "_is_hermaphrodiate": 0,
          "_name": "Grommok the Bruiser",
          "_no_orgasm": 0,
          "_notice_level": "Nothing",
          "_speaking_modifiers": [
            "_pleasure_"
          ],
          "_total_orgasm": 0,
          "_uuid": "2506715065195416185",
          "_victim": 0,
          "_wearing_strapon": 0
        }
      ],
      "_description": "Sofia lays face down, arms bound behind back, and legs kicking. Grommok the Bruiser holds Sofia's bound arms and prepares to enter.",
      "_location": "the floor ",
      "_names": [
        "Sofia",
        "Grommok the Bruiser"
      ],
      "_speaker_distance": 11.501505851745605,
      "_speaker_los": 0,
      "_speaker_name": "Daegon",
      "_status": "Setup",
      "_style": "normally",
      "_victims": [
        "Sofia"
      ]
    }
  ]
}
[18:40:08.566] [25776] [I] [SkyrimNet_SexLab_Scene.GetIntentMessage] sid:0 --- enter intent_stage:0
[18:40:08.566] [25776] [I] [SkyrimNet_SexLab_Scene.GetIntentMessage] sid:0 --- return with victims
[18:40:08.566] [25776] [I] [SkyrimNet_SexLab_Scene.GetDescription] sid:0 --- enter
[18:40:08.567] [25776] [I] [skyrimnet_sexlab_stages.GetAnim_Info] loading: Data/SKSE/Plugins/SkyrimNet_SexLab/animations/GoodProvider/Leito Bound Anal Rear Entry.json
[18:40:08.570] [11964] [I] [skyrimnet_sexlab_stages.AddActorDescriptionActors] Version2.0 Actors:Sofia and Grommok the Bruiser desc:{{sl.actors.0}} lays face down, arms bound behind back, and legs kicking. {{sl.actors.1}} holds {{sl.actors.0}}'s bound arms and prepares to enter.
[18:40:08.570] [11964] [I] [skyrimnet_sexlab_stages.AddActorDescriptionActors] json: {"actors":["Sofia","Grommok the Bruiser"]} desc: {{sl.actors.0}} lays face down, arms bound behind back, and legs kicking. {{sl.actors.1}} holds {{sl.actors.0}}'s bound arms and prepares to enter. result: Sofia lays face down, arms bound behind back, and legs kicking. Grommok the Bruiser holds Sofia's bound arms and prepares to enter.
[18:40:08.580] [25776] [I] [skyrimnet_sexlab_utilities.RegisterEvent] event_name:sexlab update msg:Grommok the Bruiser Start sexual assault Sofia.Sofia lays face down, arms bound behind back, and legs kicking. Grommok the Bruiser holds Sofia's bound arms and prepares to enter. source:Grommok the Bruiser target:Sofia
[18:40:08.581] [25776] [I] [SkyrimNet_SexLab_Scene.AnimationStart] sid:0 --- end msg:Grommok the Bruiser Start sexual assault Sofia.Sofia lays face down, arms bound behind back, and legs kicking. Grommok the Bruiser holds Sofia's bound arms and prepares to enter. sender:Grommok the Bruiser receiver:Sofia
[18:40:09.210] [16432] [I] [SkyrimNet_SexLab_Scene.GetThread] sid:0 --- enter
[18:40:09.210] [16432] [I] [SkyrimNet_SexLab_Scene.GetThread] sid:0 --- return Thread
[18:40:09.210] [16432] [I] [SkyrimNet_SexLab_Scene.StageStart] sid:0 --- enter
[18:40:09.210] [16432] [I] [SkyrimNet_SexLab_Scene.AlignActors] sid:0 --- enter
[18:40:09.210] [16432] [I] [SkyrimNet_SexLab_Scene.AlignActors] sid:0 --- thread.positions.length
[18:40:09.210] [16432] [I] [SkyrimNet_SexLab_Scene.EnsureActorArraysLargeEnough] sid:0 --- enter size:2
[18:40:09.210] [16432] [I] [SkyrimNet_SexLab_Scene.EnsureActorArraysLargeEnough] sid:0 --- return Void
[18:40:09.210] [16432] [I] [SkyrimNet_SexLab_Scene.UpdateActor] sid:0 --- enter i:0 akActor:Sofia
[18:40:09.210] [16432] [I] [SkyrimNet_SexLab_Scene.GetObjFromActor] sid:0 --- enter akActor:Sofia
[18:40:09.210] [16432] [I] [SkyrimNet_SexLab_Scene.GetObjFromActor] sid:0 --- return StorageUtil.GetIntValue(akActor, storage_obj_key, 0)
[18:40:09.210] [16432] [I] [SkyrimNet_SexLab_Scene.UpdateActor] sid:0 --- return Changed
[18:40:09.210] [16432] [I] [SkyrimNet_SexLab_Scene.UpdateActor] sid:0 --- enter i:1 akActor:Grommok the Bruiser
[18:40:09.210] [16432] [I] [SkyrimNet_SexLab_Scene.GetObjFromActor] sid:0 --- enter akActor:Grommok the Bruiser
[18:40:09.210] [16432] [I] [SkyrimNet_SexLab_Scene.GetObjFromActor] sid:0 --- return StorageUtil.GetIntValue(akActor, storage_obj_key, 0)
[18:40:09.211] [16432] [I] [SkyrimNet_SexLab_Scene.UpdateActor] sid:0 --- return Changed
[18:40:09.211] [16432] [I] [SkyrimNet_SexLab_Scene.ReconcileVictimFactions] sid:0 --- enter
[18:40:09.211] [16432] [I] [SkyrimNet_SexLab_Scene.ReconcileVictimFactions] sid:0 --- thread.IsVictim Sofia
[18:40:09.211] [16432] [I] [SkyrimNet_SexLab_Scene.ReconcileVictimFactions] sid:0 --- thread.IsVictim Grommok the Bruiser
[18:40:09.211] [16432] [I] [SkyrimNet_SexLab_Scene.ReconcileVictimFactions] sid:0 --- end
[18:40:09.211] [16432] [I] [SkyrimNet_SexLab_Scene.AlignActors] sid:0 --- end
[18:40:09.211] [16432] [I] [SkyrimNet_SexLab_Scene.GetThread] sid:0 --- enter
[18:40:09.211] [16432] [I] [SkyrimNet_SexLab_Scene.GetThread] sid:0 --- return Thread
[18:40:09.211] [16432] [I] [SkyrimNet_SexLab_Scene.GetThreadActive] sid:0 --- enter
[18:40:09.211] [16432] [I] [SkyrimNet_SexLab_Scene.GetThreadActive] sid:0 --- thread.GetState()
[18:40:09.211] [16432] [I] [SkyrimNet_SexLab_Scene.GetThreadActive] sid:0 --- thread.GetState() returned Animating
[18:40:09.211] [16432] [I] [SkyrimNet_SexLab_Scene.GetThreadActive] sid:0 --- return TRUE
[18:40:09.211] [16432] [I] [SkyrimNet_SexLab_Scene.GetThreadObj] sid:0 --- enter speaker:Daegon
[18:40:09.211] [16432] [I] [SkyrimNet_SexLab_Scene.AlignActors] sid:0 --- enter
[18:40:09.211] [16432] [I] [SkyrimNet_SexLab_Scene.AlignActors] sid:0 --- thread.positions.length
[18:40:09.211] [16432] [I] [SkyrimNet_SexLab_Scene.EnsureActorArraysLargeEnough] sid:0 --- enter size:2
[18:40:09.211] [16432] [I] [SkyrimNet_SexLab_Scene.EnsureActorArraysLargeEnough] sid:0 --- return Void
[18:40:09.211] [16432] [I] [SkyrimNet_SexLab_Scene.UpdateActor] sid:0 --- enter i:0 akActor:Sofia
[18:40:09.211] [16432] [I] [SkyrimNet_SexLab_Scene.GetObjFromActor] sid:0 --- enter akActor:Sofia
[18:40:09.211] [16432] [I] [SkyrimNet_SexLab_Scene.GetObjFromActor] sid:0 --- return StorageUtil.GetIntValue(akActor, storage_obj_key, 0)
[18:40:09.211] [16432] [I] [SkyrimNet_SexLab_Scene.UpdateActor] sid:0 --- return Changed
[18:40:09.211] [16432] [I] [SkyrimNet_SexLab_Scene.UpdateActor] sid:0 --- enter i:1 akActor:Grommok the Bruiser
[18:40:09.211] [16432] [I] [SkyrimNet_SexLab_Scene.GetObjFromActor] sid:0 --- enter akActor:Grommok the Bruiser
[18:40:09.211] [16432] [I] [SkyrimNet_SexLab_Scene.GetObjFromActor] sid:0 --- return StorageUtil.GetIntValue(akActor, storage_obj_key, 0)
[18:40:09.211] [16432] [I] [SkyrimNet_SexLab_Scene.UpdateActor] sid:0 --- return Changed
[18:40:09.211] [16432] [I] [SkyrimNet_SexLab_Scene.ReconcileVictimFactions] sid:0 --- enter
[18:40:09.211] [16432] [I] [SkyrimNet_SexLab_Scene.ReconcileVictimFactions] sid:0 --- thread.IsVictim Sofia
[18:40:09.211] [16432] [I] [SkyrimNet_SexLab_Scene.ReconcileVictimFactions] sid:0 --- thread.IsVictim Grommok the Bruiser
[18:40:09.211] [16432] [I] [SkyrimNet_SexLab_Scene.ReconcileVictimFactions] sid:0 --- end
[18:40:09.211] [16432] [I] [SkyrimNet_SexLab_Scene.AlignActors] sid:0 --- end
[18:40:09.211] [16432] [I] [SkyrimNet_SexLab_Scene.UpdateActor] sid:0 --- enter i:0 akActor:Sofia
[18:40:09.211] [16432] [I] [SkyrimNet_SexLab_Scene.GetObjFromActor] sid:0 --- enter akActor:Sofia
[18:40:09.211] [16432] [I] [SkyrimNet_SexLab_Scene.GetObjFromActor] sid:0 --- return StorageUtil.GetIntValue(akActor, storage_obj_key, 0)
[18:40:09.211] [16432] [I] [SkyrimNet_SexLab_Scene.UpdateActor] sid:0 --- return Changed
[18:40:09.211] [16432] [I] [SkyrimNet_SexLab_Scene.UpdateActor] sid:0 --- enter i:1 akActor:Grommok the Bruiser
[18:40:09.211] [16432] [I] [SkyrimNet_SexLab_Scene.GetObjFromActor] sid:0 --- enter akActor:Grommok the Bruiser
[18:40:09.211] [16432] [I] [SkyrimNet_SexLab_Scene.GetObjFromActor] sid:0 --- return StorageUtil.GetIntValue(akActor, storage_obj_key, 0)
[18:40:09.212] [16432] [I] [SkyrimNet_SexLab_Scene.UpdateActor] sid:0 --- return Changed
[18:40:09.213] [34276] [I] [SkyrimNet_SexLab_Scene.GetThreadActive] sid:0 --- enter
[18:40:09.213] [34276] [I] [SkyrimNet_SexLab_Scene.GetThreadActive] sid:0 --- thread.GetState()
[18:40:09.213] [34276] [I] [SkyrimNet_SexLab_Scene.GetThreadActive] sid:0 --- thread.GetState() returned Animating
[18:40:09.213] [34276] [I] [SkyrimNet_SexLab_Scene.GetThreadActive] sid:0 --- return TRUE
[18:40:09.213] [34276] [I] [SkyrimNet_SexLab_Scene.GetDescription] sid:0 --- enter
[18:40:09.214] [34276] [I] [skyrimnet_sexlab_stages.GetAnim_Info] loading: Data/SKSE/Plugins/SkyrimNet_SexLab/animations/GoodProvider/Leito Bound Anal Rear Entry.json
[18:40:09.215] [34276] [I] [skyrimnet_sexlab_stages.AddActorDescriptionActors] Version2.0 Actors:Sofia and Grommok the Bruiser desc:{{sl.actors.0}} lays face down, arms bound behind back, and legs kicking. {{sl.actors.1}} holds {{sl.actors.0}}'s bound arms and prepares to enter.
[18:40:09.215] [34276] [I] [skyrimnet_sexlab_stages.AddActorDescriptionActors] json: {"actors":["Sofia","Grommok the Bruiser"]} desc: {{sl.actors.0}} lays face down, arms bound behind back, and legs kicking. {{sl.actors.1}} holds {{sl.actors.0}}'s bound arms and prepares to enter. result: Sofia lays face down, arms bound behind back, and legs kicking. Grommok the Bruiser holds Sofia's bound arms and prepares to enter.
[18:40:09.215] [34276] [I] [SkyrimNet_SexLab_Scene.GetThreadObj] sid:0 --- thread.IsVictim Sofia
[18:40:09.215] [34276] [I] [SkyrimNet_SexLab_Scene.GetThreadObj] sid:0 --- thread.IsVictim Grommok the Bruiser
[18:40:09.215] [34276] [I] [SkyrimNet_SexLab_Scene.GetLocation] sid:0 --- enter
[18:40:09.215] [34276] [I] [SkyrimNet_SexLab_Scene.GetLocation] sid:0 --- thread.BedTypeId
[18:40:09.215] [34276] [I] [SkyrimNet_SexLab_Scene.GetLocation] sid:0 --- thread.Animation
[18:40:09.215] [34276] [I] [SkyrimNet_SexLab_Scene.GetLocation] sid:0 --- return Loc
[18:40:09.215] [34276] [I] [SkyrimNet_SexLab_Scene.GetThreadObj] sid:0 --- return thread_obj
[18:40:09.215] [34276] [I] [SkyrimNet_SexLab_Scene_Manager.GetThreadsJson] {
  "_counter": "20",
  "_threads": [
    {
      "_active": 1,
      "_Actors": [
        {
          "_arousal": -1,
          "_assailant": 0,
          "_creature_description": "",
          "_dom_slave": 0,
          "_enjoyment": 0,
          "_formid": "20",
          "_has_penis": 0,
          "_has_pussy": 1,
          "_is_hermaphrodiate": 0,
          "_name": "Sofia",
          "_no_orgasm": 0,
          "_notice_level": "Nothing",
          "_speaking_modifiers": [
            "_pleasure_"
          ],
          "_total_orgasm": 0,
          "_uuid": "3944757940392895572",
          "_victim": 1,
          "_wearing_strapon": 0
        },
        {
          "_arousal": -1,
          "_assailant": 1,
          "_creature_description": "",
          "_dom_slave": 0,
          "_enjoyment": 0,
          "_formid": "1258294629",
          "_has_penis": 1,
          "_has_pussy": 0,
          "_is_hermaphrodiate": 0,
          "_name": "Grommok the Bruiser",
          "_no_orgasm": 0,
          "_notice_level": "Nothing",
          "_speaking_modifiers": [
            "_pleasure_"
          ],
          "_total_orgasm": 0,
          "_uuid": "2506715065195416185",
          "_victim": 0,
          "_wearing_strapon": 0
        }
      ],
      "_description": "Sofia lays face down, arms bound behind back, and legs kicking. Grommok the Bruiser holds Sofia's bound arms and prepares to enter.",
      "_location": "the floor ",
      "_names": [
        "Sofia",
        "Grommok the Bruiser"
      ],
      "_speaker_distance": 12.323421478271484,
      "_speaker_los": 0,
      "_speaker_name": "Daegon",
      "_status": "Setup",
      "_style": "normally",
      "_victims": [
        "Sofia"
      ]
    }
  ]
}
[18:40:09.216] [34276] [I] [SkyrimNet_SexLab_Scene.GetDescription] sid:0 --- enter
[18:40:09.219] [25776] [I] [skyrimnet_sexlab_stages.GetAnim_Info] loading: Data/SKSE/Plugins/SkyrimNet_SexLab/animations/GoodProvider/Leito Bound Anal Rear Entry.json
[18:40:09.219] [25776] [I] [skyrimnet_sexlab_stages.AddActorDescriptionActors] Version2.0 Actors:Sofia and Grommok the Bruiser desc:{{sl.actors.0}} lays face down, arms bound behind back, and legs kicking. {{sl.actors.1}} holds {{sl.actors.0}}'s bound arms and prepares to enter.
[18:40:09.220] [25776] [I] [skyrimnet_sexlab_stages.AddActorDescriptionActors] json: {"actors":["Sofia","Grommok the Bruiser"]} desc: {{sl.actors.0}} lays face down, arms bound behind back, and legs kicking. {{sl.actors.1}} holds {{sl.actors.0}}'s bound arms and prepares to enter. result: Sofia lays face down, arms bound behind back, and legs kicking. Grommok the Bruiser holds Sofia's bound arms and prepares to enter.
[18:40:09.237] [12528] [I] [skyrimnet_sexlab_utilities.DirectNarration] Sofia initiates: Sofia lays face down, arms bound behind back, and legs kicking. Grommok the Bruiser holds Sofia's bound arms and prepares to enter. source:Grommok the Bruiser target:Sofia
[18:40:09.237] [12528] [I] [SkyrimNet_SexLab_Scene.StageStart] sid:0 --- end
[18:40:13.209] [34276] [I] [SkyrimNet_SexLab_Scene.GetThread] sid:0 --- enter
[18:40:13.209] [34276] [I] [SkyrimNet_SexLab_Scene.GetThread] sid:0 --- return Thread
[18:40:13.209] [34276] [I] [SkyrimNet_SexLab_Scene.GetThreadActive] sid:0 --- enter
[18:40:13.209] [34276] [I] [SkyrimNet_SexLab_Scene.GetThreadActive] sid:0 --- thread.GetState()
[18:40:13.210] [34276] [I] [SkyrimNet_SexLab_Scene.GetThreadActive] sid:0 --- thread.GetState() returned Animating
[18:40:13.210] [34276] [I] [SkyrimNet_SexLab_Scene.GetThreadActive] sid:0 --- return TRUE
[18:40:13.210] [34276] [I] [SkyrimNet_SexLab_Scene.GetThreadObj] sid:0 --- enter speaker:Grommok the Bruiser
[18:40:13.210] [34276] [I] [SkyrimNet_SexLab_Scene.AlignActors] sid:0 --- enter
[18:40:13.210] [34276] [I] [SkyrimNet_SexLab_Scene.AlignActors] sid:0 --- thread.positions.length
[18:40:13.210] [34276] [I] [SkyrimNet_SexLab_Scene.EnsureActorArraysLargeEnough] sid:0 --- enter size:2
[18:40:13.210] [34276] [I] [SkyrimNet_SexLab_Scene.EnsureActorArraysLargeEnough] sid:0 --- return Void
[18:40:13.210] [34276] [I] [SkyrimNet_SexLab_Scene.UpdateActor] sid:0 --- enter i:0 akActor:Sofia
[18:40:13.210] [34276] [I] [SkyrimNet_SexLab_Scene.GetObjFromActor] sid:0 --- enter akActor:Sofia
[18:40:13.210] [34276] [I] [SkyrimNet_SexLab_Scene.GetObjFromActor] sid:0 --- return StorageUtil.GetIntValue(akActor, storage_obj_key, 0)
[18:40:13.210] [34276] [I] [SkyrimNet_SexLab_Scene.UpdateActor] sid:0 --- return Changed
[18:40:13.210] [34276] [I] [SkyrimNet_SexLab_Scene.UpdateActor] sid:0 --- enter i:1 akActor:Grommok the Bruiser
[18:40:13.210] [34276] [I] [SkyrimNet_SexLab_Scene.GetObjFromActor] sid:0 --- enter akActor:Grommok the Bruiser
[18:40:13.210] [34276] [I] [SkyrimNet_SexLab_Scene.GetObjFromActor] sid:0 --- return StorageUtil.GetIntValue(akActor, storage_obj_key, 0)
[18:40:13.210] [34276] [I] [SkyrimNet_SexLab_Scene.UpdateActor] sid:0 --- return Changed
[18:40:13.210] [34276] [I] [SkyrimNet_SexLab_Scene.ReconcileVictimFactions] sid:0 --- enter
[18:40:13.210] [34276] [I] [SkyrimNet_SexLab_Scene.ReconcileVictimFactions] sid:0 --- thread.IsVictim Sofia
[18:40:13.210] [34276] [I] [SkyrimNet_SexLab_Scene.ReconcileVictimFactions] sid:0 --- thread.IsVictim Grommok the Bruiser
[18:40:13.210] [34276] [I] [SkyrimNet_SexLab_Scene.ReconcileVictimFactions] sid:0 --- end
[18:40:13.210] [34276] [I] [SkyrimNet_SexLab_Scene.AlignActors] sid:0 --- end
[18:40:13.210] [34276] [I] [SkyrimNet_SexLab_Scene.UpdateActor] sid:0 --- enter i:0 akActor:Sofia
[18:40:13.210] [34276] [I] [SkyrimNet_SexLab_Scene.GetObjFromActor] sid:0 --- enter akActor:Sofia
[18:40:13.210] [34276] [I] [SkyrimNet_SexLab_Scene.GetObjFromActor] sid:0 --- return StorageUtil.GetIntValue(akActor, storage_obj_key, 0)
[18:40:13.210] [34276] [I] [SkyrimNet_SexLab_Scene.UpdateActor] sid:0 --- return Changed
[18:40:13.210] [34276] [I] [SkyrimNet_SexLab_Scene.UpdateActor] sid:0 --- enter i:1 akActor:Grommok the Bruiser
[18:40:13.210] [34276] [I] [SkyrimNet_SexLab_Scene.GetObjFromActor] sid:0 --- enter akActor:Grommok the Bruiser
[18:40:13.210] [34276] [I] [SkyrimNet_SexLab_Scene.GetObjFromActor] sid:0 --- return StorageUtil.GetIntValue(akActor, storage_obj_key, 0)
[18:40:13.210] [34276] [I] [SkyrimNet_SexLab_Scene.UpdateActor] sid:0 --- return Changed
[18:40:13.211] [34276] [I] [SkyrimNet_SexLab_Scene.GetThreadActive] sid:0 --- enter
[18:40:13.211] [34276] [I] [SkyrimNet_SexLab_Scene.GetThreadActive] sid:0 --- thread.GetState()
[18:40:13.211] [34276] [I] [SkyrimNet_SexLab_Scene.GetThreadActive] sid:0 --- thread.GetState() returned Animating
[18:40:13.211] [34276] [I] [SkyrimNet_SexLab_Scene.GetThreadActive] sid:0 --- return TRUE
[18:40:13.211] [34276] [I] [SkyrimNet_SexLab_Scene.GetDescription] sid:0 --- enter
[18:40:13.212] [34276] [I] [skyrimnet_sexlab_stages.GetAnim_Info] loading: Data/SKSE/Plugins/SkyrimNet_SexLab/animations/GoodProvider/Leito Bound Anal Rear Entry.json
[18:40:13.212] [34276] [I] [skyrimnet_sexlab_stages.AddActorDescriptionActors] Version2.0 Actors:Sofia and Grommok the Bruiser desc:{{sl.actors.0}} lays face down, arms bound behind back, and legs kicking. {{sl.actors.1}} holds {{sl.actors.0}}'s bound arms and prepares to enter.
[18:40:13.213] [34276] [I] [skyrimnet_sexlab_stages.AddActorDescriptionActors] json: {"actors":["Sofia","Grommok the Bruiser"]} desc: {{sl.actors.0}} lays face down, arms bound behind back, and legs kicking. {{sl.actors.1}} holds {{sl.actors.0}}'s bound arms and prepares to enter. result: Sofia lays face down, arms bound behind back, and legs kicking. Grommok the Bruiser holds Sofia's bound arms and prepares to enter.
[18:40:13.213] [34276] [I] [SkyrimNet_SexLab_Scene.GetThreadObj] sid:0 --- thread.IsVictim Sofia
[18:40:13.213] [34276] [I] [SkyrimNet_SexLab_Scene.GetThreadObj] sid:0 --- thread.IsVictim Grommok the Bruiser
[18:40:13.213] [34276] [I] [SkyrimNet_SexLab_Scene.GetLocation] sid:0 --- enter
[18:40:13.213] [34276] [I] [SkyrimNet_SexLab_Scene.GetLocation] sid:0 --- thread.BedTypeId
[18:40:13.215] [11964] [I] [SkyrimNet_SexLab_Scene.GetLocation] sid:0 --- thread.Animation
[18:40:13.215] [11964] [I] [SkyrimNet_SexLab_Scene.GetLocation] sid:0 --- return Loc
[18:40:13.215] [11964] [I] [SkyrimNet_SexLab_Scene.GetThreadObj] sid:0 --- return thread_obj
[18:40:13.215] [11964] [I] [SkyrimNet_SexLab_Scene_Manager.GetThreadsJson] {
  "_counter": "21",
  "_threads": [
    {
      "_active": 1,
      "_Actors": [
        {
          "_arousal": -1,
          "_assailant": 0,
          "_creature_description": "",
          "_dom_slave": 0,
          "_enjoyment": 0,
          "_formid": "20",
          "_has_penis": 0,
          "_has_pussy": 1,
          "_is_hermaphrodiate": 0,
          "_name": "Sofia",
          "_no_orgasm": 0,
          "_notice_level": "Nothing",
          "_speaking_modifiers": [
            "_pleasure_"
          ],
          "_total_orgasm": 0,
          "_uuid": "3944757940392895572",
          "_victim": 1,
          "_wearing_strapon": 0
        },
        {
          "_arousal": -1,
          "_assailant": 1,
          "_creature_description": "",
          "_dom_slave": 0,
          "_enjoyment": 0,
          "_formid": "1258294629",
          "_has_penis": 1,
          "_has_pussy": 0,
          "_is_hermaphrodiate": 0,
          "_name": "Grommok the Bruiser",
          "_no_orgasm": 0,
          "_notice_level": "Nothing",
          "_speaking_modifiers": [
            "_pleasure_"
          ],
          "_total_orgasm": 0,
          "_uuid": "2506715065195416185",
          "_victim": 0,
          "_wearing_strapon": 0
        }
      ],
      "_description": "Sofia lays face down, arms bound behind back, and legs kicking. Grommok the Bruiser holds Sofia's bound arms and prepares to enter.",
      "_location": "the floor ",
      "_names": [
        "Sofia",
        "Grommok the Bruiser"
      ],
      "_speaker_distance": 0.0,
      "_speaker_los": 1,
      "_speaker_name": "Grommok the Bruiser",
      "_status": "active",
      "_style": "normally",
      "_victims": [
        "Sofia"
      ]
    }
  ]
}
[18:40:13.219] [16432] [I] [SkyrimNet_SexLab_Scene.GetThread] sid:0 --- enter
[18:40:13.219] [16432] [I] [SkyrimNet_SexLab_Scene.GetThread] sid:0 --- return Thread
[18:40:13.220] [16432] [I] [SkyrimNet_SexLab_Scene.GetThreadActive] sid:0 --- enter
[18:40:13.220] [16432] [I] [SkyrimNet_SexLab_Scene.GetThreadActive] sid:0 --- thread.GetState()
[18:40:13.220] [16432] [I] [SkyrimNet_SexLab_Scene.GetThreadActive] sid:0 --- thread.GetState() returned Animating
[18:40:13.220] [16432] [I] [SkyrimNet_SexLab_Scene.GetThreadActive] sid:0 --- return TRUE
[18:40:13.220] [16432] [I] [SkyrimNet_SexLab_Scene.GetThreadObj] sid:0 --- enter speaker:delphine
[18:40:13.220] [16432] [I] [SkyrimNet_SexLab_Scene.AlignActors] sid:0 --- enter
[18:40:13.220] [16432] [I] [SkyrimNet_SexLab_Scene.AlignActors] sid:0 --- thread.positions.length
[18:40:13.220] [16432] [I] [SkyrimNet_SexLab_Scene.EnsureActorArraysLargeEnough] sid:0 --- enter size:2
[18:40:13.220] [16432] [I] [SkyrimNet_SexLab_Scene.EnsureActorArraysLargeEnough] sid:0 --- return Void
[18:40:13.220] [16432] [I] [SkyrimNet_SexLab_Scene.UpdateActor] sid:0 --- enter i:0 akActor:Sofia
[18:40:13.220] [16432] [I] [SkyrimNet_SexLab_Scene.GetObjFromActor] sid:0 --- enter akActor:Sofia
[18:40:13.220] [16432] [I] [SkyrimNet_SexLab_Scene.GetObjFromActor] sid:0 --- return StorageUtil.GetIntValue(akActor, storage_obj_key, 0)
[18:40:13.220] [16432] [I] [SkyrimNet_SexLab_Scene.UpdateActor] sid:0 --- return Changed
[18:40:13.220] [16432] [I] [SkyrimNet_SexLab_Scene.UpdateActor] sid:0 --- enter i:1 akActor:Grommok the Bruiser
[18:40:13.220] [16432] [I] [SkyrimNet_SexLab_Scene.GetObjFromActor] sid:0 --- enter akActor:Grommok the Bruiser
[18:40:13.220] [16432] [I] [SkyrimNet_SexLab_Scene.GetObjFromActor] sid:0 --- return StorageUtil.GetIntValue(akActor, storage_obj_key, 0)
[18:40:13.220] [16432] [I] [SkyrimNet_SexLab_Scene.UpdateActor] sid:0 --- return Changed
[18:40:13.220] [16432] [I] [SkyrimNet_SexLab_Scene.ReconcileVictimFactions] sid:0 --- enter
[18:40:13.220] [16432] [I] [SkyrimNet_SexLab_Scene.ReconcileVictimFactions] sid:0 --- thread.IsVictim Sofia
[18:40:13.220] [16432] [I] [SkyrimNet_SexLab_Scene.ReconcileVictimFactions] sid:0 --- thread.IsVictim Grommok the Bruiser
[18:40:13.220] [16432] [I] [SkyrimNet_SexLab_Scene.ReconcileVictimFactions] sid:0 --- end
[18:40:13.220] [16432] [I] [SkyrimNet_SexLab_Scene.AlignActors] sid:0 --- end
[18:40:13.221] [16432] [I] [SkyrimNet_SexLab_Scene.UpdateActor] sid:0 --- enter i:0 akActor:Sofia
[18:40:13.221] [16432] [I] [SkyrimNet_SexLab_Scene.GetObjFromActor] sid:0 --- enter akActor:Sofia
[18:40:13.221] [16432] [I] [SkyrimNet_SexLab_Scene.GetObjFromActor] sid:0 --- return StorageUtil.GetIntValue(akActor, storage_obj_key, 0)
[18:40:13.221] [16432] [I] [SkyrimNet_SexLab_Scene.UpdateActor] sid:0 --- return Changed
[18:40:13.221] [16432] [I] [SkyrimNet_SexLab_Scene.UpdateActor] sid:0 --- enter i:1 akActor:Grommok the Bruiser
[18:40:13.221] [16432] [I] [SkyrimNet_SexLab_Scene.GetObjFromActor] sid:0 --- enter akActor:Grommok the Bruiser
[18:40:13.221] [16432] [I] [SkyrimNet_SexLab_Scene.GetObjFromActor] sid:0 --- return StorageUtil.GetIntValue(akActor, storage_obj_key, 0)
[18:40:13.221] [16432] [I] [SkyrimNet_SexLab_Scene.UpdateActor] sid:0 --- return Changed
[18:40:13.221] [16432] [I] [SkyrimNet_SexLab_Scene.GetThreadActive] sid:0 --- enter
[18:40:13.221] [16432] [I] [SkyrimNet_SexLab_Scene.GetThreadActive] sid:0 --- thread.GetState()
[18:40:13.221] [16432] [I] [SkyrimNet_SexLab_Scene.GetThreadActive] sid:0 --- thread.GetState() returned Animating
[18:40:13.221] [16432] [I] [SkyrimNet_SexLab_Scene.GetThreadActive] sid:0 --- return TRUE
[18:40:13.221] [16432] [I] [SkyrimNet_SexLab_Scene.GetDescription] sid:0 --- enter
[18:40:13.222] [16432] [I] [skyrimnet_sexlab_stages.GetAnim_Info] loading: Data/SKSE/Plugins/SkyrimNet_SexLab/animations/GoodProvider/Leito Bound Anal Rear Entry.json
[18:40:13.223] [16432] [I] [skyrimnet_sexlab_stages.AddActorDescriptionActors] Version2.0 Actors:Sofia and Grommok the Bruiser desc:{{sl.actors.0}} lays face down, arms bound behind back, and legs kicking. {{sl.actors.1}} holds {{sl.actors.0}}'s bound arms and prepares to enter.
[18:40:13.223] [16432] [I] [skyrimnet_sexlab_stages.AddActorDescriptionActors] json: {"actors":["Sofia","Grommok the Bruiser"]} desc: {{sl.actors.0}} lays face down, arms bound behind back, and legs kicking. {{sl.actors.1}} holds {{sl.actors.0}}'s bound arms and prepares to enter. result: Sofia lays face down, arms bound behind back, and legs kicking. Grommok the Bruiser holds Sofia's bound arms and prepares to enter.
[18:40:13.223] [16432] [I] [SkyrimNet_SexLab_Scene.GetThreadObj] sid:0 --- thread.IsVictim Sofia
[18:40:13.223] [16432] [I] [SkyrimNet_SexLab_Scene.GetThreadObj] sid:0 --- thread.IsVictim Grommok the Bruiser
[18:40:13.223] [16432] [I] [SkyrimNet_SexLab_Scene.GetLocation] sid:0 --- enter
[18:40:13.223] [16432] [I] [SkyrimNet_SexLab_Scene.GetLocation] sid:0 --- thread.BedTypeId
[18:40:13.226] [12528] [I] [SkyrimNet_SexLab_Scene.GetLocation] sid:0 --- thread.Animation
[18:40:13.226] [12528] [I] [SkyrimNet_SexLab_Scene.GetLocation] sid:0 --- return Loc
[18:40:13.226] [12528] [I] [SkyrimNet_SexLab_Scene.GetThreadObj] sid:0 --- return thread_obj
[18:40:13.226] [12528] [I] [SkyrimNet_SexLab_Scene_Manager.GetThreadsJson] {
  "_counter": "22",
  "_threads": [
    {
      "_active": 1,
      "_Actors": [
        {
          "_arousal": -1,
          "_assailant": 0,
          "_creature_description": "",
          "_dom_slave": 0,
          "_enjoyment": 0,
          "_formid": "20",
          "_has_penis": 0,
          "_has_pussy": 1,
          "_is_hermaphrodiate": 0,
          "_name": "Sofia",
          "_no_orgasm": 0,
          "_notice_level": "Nothing",
          "_speaking_modifiers": [
            "_pleasure_"
          ],
          "_total_orgasm": 0,
          "_uuid": "3944757940392895572",
          "_victim": 1,
          "_wearing_strapon": 0
        },
        {
          "_arousal": -1,
          "_assailant": 1,
          "_creature_description": "",
          "_dom_slave": 0,
          "_enjoyment": 0,
          "_formid": "1258294629",
          "_has_penis": 1,
          "_has_pussy": 0,
          "_is_hermaphrodiate": 0,
          "_name": "Grommok the Bruiser",
          "_no_orgasm": 0,
          "_notice_level": "Nothing",
          "_speaking_modifiers": [
            "_pleasure_"
          ],
          "_total_orgasm": 0,
          "_uuid": "2506715065195416185",
          "_victim": 0,
          "_wearing_strapon": 0
        }
      ],
      "_description": "Sofia lays face down, arms bound behind back, and legs kicking. Grommok the Bruiser holds Sofia's bound arms and prepares to enter.",
      "_location": "the floor ",
      "_names": [
        "Sofia",
        "Grommok the Bruiser"
      ],
      "_speaker_distance": 11.566126823425293,
      "_speaker_los": 0,
      "_speaker_name": "delphine",
      "_status": "active",
      "_style": "normally",
      "_victims": [
        "Sofia"
      ]
    }
  ]
}
[18:40:13.231] [34276] [I] [SkyrimNet_SexLab_Scene.GetThread] sid:0 --- enter
[18:40:13.231] [34276] [I] [SkyrimNet_SexLab_Scene.GetThread] sid:0 --- return Thread
[18:40:13.231] [34276] [I] [SkyrimNet_SexLab_Scene.GetThreadActive] sid:0 --- enter
[18:40:13.231] [34276] [I] [SkyrimNet_SexLab_Scene.GetThreadActive] sid:0 --- thread.GetState()
[18:40:13.231] [34276] [I] [SkyrimNet_SexLab_Scene.GetThreadActive] sid:0 --- thread.GetState() returned Animating
[18:40:13.231] [34276] [I] [SkyrimNet_SexLab_Scene.GetThreadActive] sid:0 --- return TRUE
[18:40:13.231] [34276] [I] [SkyrimNet_SexLab_Scene.GetThreadObj] sid:0 --- enter speaker:Daegon
[18:40:13.231] [34276] [I] [SkyrimNet_SexLab_Scene.AlignActors] sid:0 --- enter
[18:40:13.231] [34276] [I] [SkyrimNet_SexLab_Scene.AlignActors] sid:0 --- thread.positions.length
[18:40:13.231] [34276] [I] [SkyrimNet_SexLab_Scene.EnsureActorArraysLargeEnough] sid:0 --- enter size:2
[18:40:13.231] [34276] [I] [SkyrimNet_SexLab_Scene.EnsureActorArraysLargeEnough] sid:0 --- return Void
[18:40:13.231] [34276] [I] [SkyrimNet_SexLab_Scene.UpdateActor] sid:0 --- enter i:0 akActor:Sofia
[18:40:13.231] [34276] [I] [SkyrimNet_SexLab_Scene.GetObjFromActor] sid:0 --- enter akActor:Sofia
[18:40:13.231] [34276] [I] [SkyrimNet_SexLab_Scene.GetObjFromActor] sid:0 --- return StorageUtil.GetIntValue(akActor, storage_obj_key, 0)
[18:40:13.231] [34276] [I] [SkyrimNet_SexLab_Scene.UpdateActor] sid:0 --- return Changed
[18:40:13.231] [34276] [I] [SkyrimNet_SexLab_Scene.UpdateActor] sid:0 --- enter i:1 akActor:Grommok the Bruiser
[18:40:13.231] [34276] [I] [SkyrimNet_SexLab_Scene.GetObjFromActor] sid:0 --- enter akActor:Grommok the Bruiser
[18:40:13.231] [34276] [I] [SkyrimNet_SexLab_Scene.GetObjFromActor] sid:0 --- return StorageUtil.GetIntValue(akActor, storage_obj_key, 0)
[18:40:13.231] [34276] [I] [SkyrimNet_SexLab_Scene.UpdateActor] sid:0 --- return Changed
[18:40:13.231] [34276] [I] [SkyrimNet_SexLab_Scene.ReconcileVictimFactions] sid:0 --- enter
[18:40:13.231] [34276] [I] [SkyrimNet_SexLab_Scene.ReconcileVictimFactions] sid:0 --- thread.IsVictim Sofia
[18:40:13.231] [34276] [I] [SkyrimNet_SexLab_Scene.ReconcileVictimFactions] sid:0 --- thread.IsVictim Grommok the Bruiser
[18:40:13.231] [34276] [I] [SkyrimNet_SexLab_Scene.ReconcileVictimFactions] sid:0 --- end
[18:40:13.231] [34276] [I] [SkyrimNet_SexLab_Scene.AlignActors] sid:0 --- end
[18:40:13.231] [34276] [I] [SkyrimNet_SexLab_Scene.UpdateActor] sid:0 --- enter i:0 akActor:Sofia
[18:40:13.231] [34276] [I] [SkyrimNet_SexLab_Scene.GetObjFromActor] sid:0 --- enter akActor:Sofia
[18:40:13.231] [34276] [I] [SkyrimNet_SexLab_Scene.GetObjFromActor] sid:0 --- return StorageUtil.GetIntValue(akActor, storage_obj_key, 0)
[18:40:13.232] [34276] [I] [SkyrimNet_SexLab_Scene.UpdateActor] sid:0 --- return Changed
[18:40:13.232] [34276] [I] [SkyrimNet_SexLab_Scene.UpdateActor] sid:0 --- enter i:1 akActor:Grommok the Bruiser
[18:40:13.232] [34276] [I] [SkyrimNet_SexLab_Scene.GetObjFromActor] sid:0 --- enter akActor:Grommok the Bruiser
[18:40:13.232] [34276] [I] [SkyrimNet_SexLab_Scene.GetObjFromActor] sid:0 --- return StorageUtil.GetIntValue(akActor, storage_obj_key, 0)
[18:40:13.232] [34276] [I] [SkyrimNet_SexLab_Scene.UpdateActor] sid:0 --- return Changed
[18:40:13.232] [34276] [I] [SkyrimNet_SexLab_Scene.GetThreadActive] sid:0 --- enter
[18:40:13.232] [34276] [I] [SkyrimNet_SexLab_Scene.GetThreadActive] sid:0 --- thread.GetState()
[18:40:13.232] [34276] [I] [SkyrimNet_SexLab_Scene.GetThreadActive] sid:0 --- thread.GetState() returned Animating
[18:40:13.232] [34276] [I] [SkyrimNet_SexLab_Scene.GetThreadActive] sid:0 --- return TRUE
[18:40:13.232] [34276] [I] [SkyrimNet_SexLab_Scene.GetDescription] sid:0 --- enter
[18:40:13.233] [34276] [I] [skyrimnet_sexlab_stages.GetAnim_Info] loading: Data/SKSE/Plugins/SkyrimNet_SexLab/animations/GoodProvider/Leito Bound Anal Rear Entry.json
[18:40:13.233] [34276] [I] [skyrimnet_sexlab_stages.AddActorDescriptionActors] Version2.0 Actors:Sofia and Grommok the Bruiser desc:{{sl.actors.0}} lays face down, arms bound behind back, and legs kicking. {{sl.actors.1}} holds {{sl.actors.0}}'s bound arms and prepares to enter.
[18:40:13.234] [34276] [I] [skyrimnet_sexlab_stages.AddActorDescriptionActors] json: {"actors":["Sofia","Grommok the Bruiser"]} desc: {{sl.actors.0}} lays face down, arms bound behind back, and legs kicking. {{sl.actors.1}} holds {{sl.actors.0}}'s bound arms and prepares to enter. result: Sofia lays face down, arms bound behind back, and legs kicking. Grommok the Bruiser holds Sofia's bound arms and prepares to enter.
[18:40:13.234] [34276] [I] [SkyrimNet_SexLab_Scene.GetThreadObj] sid:0 --- thread.IsVictim Sofia
[18:40:13.234] [34276] [I] [SkyrimNet_SexLab_Scene.GetThreadObj] sid:0 --- thread.IsVictim Grommok the Bruiser
[18:40:13.234] [34276] [I] [SkyrimNet_SexLab_Scene.GetLocation] sid:0 --- enter
[18:40:13.234] [34276] [I] [SkyrimNet_SexLab_Scene.GetLocation] sid:0 --- thread.BedTypeId
[18:40:13.237] [17664] [I] [SkyrimNet_SexLab_Scene.GetLocation] sid:0 --- thread.Animation
[18:40:13.237] [17664] [I] [SkyrimNet_SexLab_Scene.GetLocation] sid:0 --- return Loc
[18:40:13.237] [17664] [I] [SkyrimNet_SexLab_Scene.GetThreadObj] sid:0 --- return thread_obj
[18:40:13.237] [17664] [I] [SkyrimNet_SexLab_Scene_Manager.GetThreadsJson] {
  "_counter": "23",
  "_threads": [
    {
      "_active": 1,
      "_Actors": [
        {
          "_arousal": -1,
          "_assailant": 0,
          "_creature_description": "",
          "_dom_slave": 0,
          "_enjoyment": 0,
          "_formid": "20",
          "_has_penis": 0,
          "_has_pussy": 1,
          "_is_hermaphrodiate": 0,
          "_name": "Sofia",
          "_no_orgasm": 0,
          "_notice_level": "Nothing",
          "_speaking_modifiers": [
            "_pleasure_"
          ],
          "_total_orgasm": 0,
          "_uuid": "3944757940392895572",
          "_victim": 1,
          "_wearing_strapon": 0
        },
        {
          "_arousal": -1,
          "_assailant": 1,
          "_creature_description": "",
          "_dom_slave": 0,
          "_enjoyment": 0,
          "_formid": "1258294629",
          "_has_penis": 1,
          "_has_pussy": 0,
          "_is_hermaphrodiate": 0,
          "_name": "Grommok the Bruiser",
          "_no_orgasm": 0,
          "_notice_level": "Nothing",
          "_speaking_modifiers": [
            "_pleasure_"
          ],
          "_total_orgasm": 0,
          "_uuid": "2506715065195416185",
          "_victim": 0,
          "_wearing_strapon": 0
        }
      ],
      "_description": "Sofia lays face down, arms bound behind back, and legs kicking. Grommok the Bruiser holds Sofia's bound arms and prepares to enter.",
      "_location": "the floor ",
      "_names": [
        "Sofia",
        "Grommok the Bruiser"
      ],
      "_speaker_distance": 15.015856742858887,
      "_speaker_los": 0,
      "_speaker_name": "Daegon",
      "_status": "active",
      "_style": "normally",
      "_victims": [
        "Sofia"
      ]
    }
  ]
}
[18:40:13.241] [25776] [I] [SkyrimNet_SexLab_Scene.GetThread] sid:0 --- enter
[18:40:13.241] [25776] [I] [SkyrimNet_SexLab_Scene.GetThread] sid:0 --- return Thread
[18:40:13.241] [25776] [I] [SkyrimNet_SexLab_Scene.GetThreadActive] sid:0 --- enter
[18:40:13.241] [25776] [I] [SkyrimNet_SexLab_Scene.GetThreadActive] sid:0 --- thread.GetState()
[18:40:13.241] [25776] [I] [SkyrimNet_SexLab_Scene.GetThreadActive] sid:0 --- thread.GetState() returned Animating
[18:40:13.241] [25776] [I] [SkyrimNet_SexLab_Scene.GetThreadActive] sid:0 --- return TRUE
[18:40:13.241] [25776] [I] [SkyrimNet_SexLab_Scene.GetThreadObj] sid:0 --- enter speaker:Orgnar
[18:40:13.241] [25776] [I] [SkyrimNet_SexLab_Scene.AlignActors] sid:0 --- enter
[18:40:13.241] [25776] [I] [SkyrimNet_SexLab_Scene.AlignActors] sid:0 --- thread.positions.length
[18:40:13.242] [25776] [I] [SkyrimNet_SexLab_Scene.EnsureActorArraysLargeEnough] sid:0 --- enter size:2
[18:40:13.242] [25776] [I] [SkyrimNet_SexLab_Scene.EnsureActorArraysLargeEnough] sid:0 --- return Void
[18:40:13.242] [25776] [I] [SkyrimNet_SexLab_Scene.UpdateActor] sid:0 --- enter i:0 akActor:Sofia
[18:40:13.242] [25776] [I] [SkyrimNet_SexLab_Scene.GetObjFromActor] sid:0 --- enter akActor:Sofia
[18:40:13.242] [25776] [I] [SkyrimNet_SexLab_Scene.GetObjFromActor] sid:0 --- return StorageUtil.GetIntValue(akActor, storage_obj_key, 0)
[18:40:13.242] [25776] [I] [SkyrimNet_SexLab_Scene.UpdateActor] sid:0 --- return Changed
[18:40:13.242] [25776] [I] [SkyrimNet_SexLab_Scene.UpdateActor] sid:0 --- enter i:1 akActor:Grommok the Bruiser
[18:40:13.242] [25776] [I] [SkyrimNet_SexLab_Scene.GetObjFromActor] sid:0 --- enter akActor:Grommok the Bruiser
[18:40:13.242] [25776] [I] [SkyrimNet_SexLab_Scene.GetObjFromActor] sid:0 --- return StorageUtil.GetIntValue(akActor, storage_obj_key, 0)
[18:40:13.242] [25776] [I] [SkyrimNet_SexLab_Scene.UpdateActor] sid:0 --- return Changed
[18:40:13.242] [25776] [I] [SkyrimNet_SexLab_Scene.ReconcileVictimFactions] sid:0 --- enter
[18:40:13.242] [25776] [I] [SkyrimNet_SexLab_Scene.ReconcileVictimFactions] sid:0 --- thread.IsVictim Sofia
[18:40:13.242] [25776] [I] [SkyrimNet_SexLab_Scene.ReconcileVictimFactions] sid:0 --- thread.IsVictim Grommok the Bruiser
[18:40:13.242] [25776] [I] [SkyrimNet_SexLab_Scene.ReconcileVictimFactions] sid:0 --- end
[18:40:13.242] [25776] [I] [SkyrimNet_SexLab_Scene.AlignActors] sid:0 --- end
[18:40:13.242] [25776] [I] [SkyrimNet_SexLab_Scene.UpdateActor] sid:0 --- enter i:0 akActor:Sofia
[18:40:13.242] [25776] [I] [SkyrimNet_SexLab_Scene.GetObjFromActor] sid:0 --- enter akActor:Sofia
[18:40:13.242] [25776] [I] [SkyrimNet_SexLab_Scene.GetObjFromActor] sid:0 --- return StorageUtil.GetIntValue(akActor, storage_obj_key, 0)
[18:40:13.242] [25776] [I] [SkyrimNet_SexLab_Scene.UpdateActor] sid:0 --- return Changed
[18:40:13.242] [25776] [I] [SkyrimNet_SexLab_Scene.UpdateActor] sid:0 --- enter i:1 akActor:Grommok the Bruiser
[18:40:13.242] [25776] [I] [SkyrimNet_SexLab_Scene.GetObjFromActor] sid:0 --- enter akActor:Grommok the Bruiser
[18:40:13.242] [25776] [I] [SkyrimNet_SexLab_Scene.GetObjFromActor] sid:0 --- return StorageUtil.GetIntValue(akActor, storage_obj_key, 0)
[18:40:13.242] [25776] [I] [SkyrimNet_SexLab_Scene.UpdateActor] sid:0 --- return Changed
[18:40:13.242] [25776] [I] [SkyrimNet_SexLab_Scene.GetThreadActive] sid:0 --- enter
[18:40:13.242] [25776] [I] [SkyrimNet_SexLab_Scene.GetThreadActive] sid:0 --- thread.GetState()
[18:40:13.242] [25776] [I] [SkyrimNet_SexLab_Scene.GetThreadActive] sid:0 --- thread.GetState() returned Animating
[18:40:13.242] [25776] [I] [SkyrimNet_SexLab_Scene.GetThreadActive] sid:0 --- return TRUE
[18:40:13.242] [25776] [I] [SkyrimNet_SexLab_Scene.GetDescription] sid:0 --- enter
[18:40:13.243] [25776] [I] [skyrimnet_sexlab_stages.GetAnim_Info] loading: Data/SKSE/Plugins/SkyrimNet_SexLab/animations/GoodProvider/Leito Bound Anal Rear Entry.json
[18:40:13.244] [25776] [I] [skyrimnet_sexlab_stages.AddActorDescriptionActors] Version2.0 Actors:Sofia and Grommok the Bruiser desc:{{sl.actors.0}} lays face down, arms bound behind back, and legs kicking. {{sl.actors.1}} holds {{sl.actors.0}}'s bound arms and prepares to enter.
[18:40:13.244] [25776] [I] [skyrimnet_sexlab_stages.AddActorDescriptionActors] json: {"actors":["Sofia","Grommok the Bruiser"]} desc: {{sl.actors.0}} lays face down, arms bound behind back, and legs kicking. {{sl.actors.1}} holds {{sl.actors.0}}'s bound arms and prepares to enter. result: Sofia lays face down, arms bound behind back, and legs kicking. Grommok the Bruiser holds Sofia's bound arms and prepares to enter.
[18:40:13.244] [25776] [I] [SkyrimNet_SexLab_Scene.GetThreadObj] sid:0 --- thread.IsVictim Sofia
[18:40:13.244] [25776] [I] [SkyrimNet_SexLab_Scene.GetThreadObj] sid:0 --- thread.IsVictim Grommok the Bruiser
[18:40:13.244] [25776] [I] [SkyrimNet_SexLab_Scene.GetLocation] sid:0 --- enter
[18:40:13.244] [25776] [I] [SkyrimNet_SexLab_Scene.GetLocation] sid:0 --- thread.BedTypeId
[18:40:13.247] [12528] [I] [SkyrimNet_SexLab_Scene.GetLocation] sid:0 --- thread.Animation
[18:40:13.247] [12528] [I] [SkyrimNet_SexLab_Scene.GetLocation] sid:0 --- return Loc
[18:40:13.247] [12528] [I] [SkyrimNet_SexLab_Scene.GetThreadObj] sid:0 --- return thread_obj
[18:40:13.247] [12528] [I] [SkyrimNet_SexLab_Scene_Manager.GetThreadsJson] {
  "_counter": "24",
  "_threads": [
    {
      "_active": 1,
      "_Actors": [
        {
          "_arousal": -1,
          "_assailant": 0,
          "_creature_description": "",
          "_dom_slave": 0,
          "_enjoyment": 0,
          "_formid": "20",
          "_has_penis": 0,
          "_has_pussy": 1,
          "_is_hermaphrodiate": 0,
          "_name": "Sofia",
          "_no_orgasm": 0,
          "_notice_level": "Nothing",
          "_speaking_modifiers": [
            "_pleasure_"
          ],
          "_total_orgasm": 0,
          "_uuid": "3944757940392895572",
          "_victim": 1,
          "_wearing_strapon": 0
        },
        {
          "_arousal": -1,
          "_assailant": 1,
          "_creature_description": "",
          "_dom_slave": 0,
          "_enjoyment": 0,
          "_formid": "1258294629",
          "_has_penis": 1,
          "_has_pussy": 0,
          "_is_hermaphrodiate": 0,
          "_name": "Grommok the Bruiser",
          "_no_orgasm": 0,
          "_notice_level": "Nothing",
          "_speaking_modifiers": [
            "_pleasure_"
          ],
          "_total_orgasm": 0,
          "_uuid": "2506715065195416185",
          "_victim": 0,
          "_wearing_strapon": 0
        }
      ],
      "_description": "Sofia lays face down, arms bound behind back, and legs kicking. Grommok the Bruiser holds Sofia's bound arms and prepares to enter.",
      "_location": "the floor ",
      "_names": [
        "Sofia",
        "Grommok the Bruiser"
      ],
      "_speaker_distance": 16.031059265136719,
      "_speaker_los": 1,
      "_speaker_name": "Orgnar",
      "_status": "active",
      "_style": "normally",
      "_victims": [
        "Sofia"
      ]
    }
  ]
}
[18:40:13.251] [25776] [I] [SkyrimNet_SexLab_Scene.GetThread] sid:0 --- enter
[18:40:13.251] [25776] [I] [SkyrimNet_SexLab_Scene.GetThread] sid:0 --- return Thread
[18:40:13.251] [25776] [I] [SkyrimNet_SexLab_Scene.GetThreadActive] sid:0 --- enter
[18:40:13.251] [25776] [I] [SkyrimNet_SexLab_Scene.GetThreadActive] sid:0 --- thread.GetState()
[18:40:13.251] [25776] [I] [SkyrimNet_SexLab_Scene.GetThreadActive] sid:0 --- thread.GetState() returned Animating
[18:40:13.251] [25776] [I] [SkyrimNet_SexLab_Scene.GetThreadActive] sid:0 --- return TRUE
[18:40:13.251] [25776] [I] [SkyrimNet_SexLab_Scene.GetThreadObj] sid:0 --- enter speaker:Sofia
[18:40:13.251] [25776] [I] [SkyrimNet_SexLab_Scene.AlignActors] sid:0 --- enter
[18:40:13.251] [25776] [I] [SkyrimNet_SexLab_Scene.AlignActors] sid:0 --- thread.positions.length
[18:40:13.251] [25776] [I] [SkyrimNet_SexLab_Scene.EnsureActorArraysLargeEnough] sid:0 --- enter size:2
[18:40:13.251] [25776] [I] [SkyrimNet_SexLab_Scene.EnsureActorArraysLargeEnough] sid:0 --- return Void
[18:40:13.251] [25776] [I] [SkyrimNet_SexLab_Scene.UpdateActor] sid:0 --- enter i:0 akActor:Sofia
[18:40:13.251] [25776] [I] [SkyrimNet_SexLab_Scene.GetObjFromActor] sid:0 --- enter akActor:Sofia
[18:40:13.251] [25776] [I] [SkyrimNet_SexLab_Scene.GetObjFromActor] sid:0 --- return StorageUtil.GetIntValue(akActor, storage_obj_key, 0)
[18:40:13.251] [25776] [I] [SkyrimNet_SexLab_Scene.UpdateActor] sid:0 --- return Changed
[18:40:13.251] [25776] [I] [SkyrimNet_SexLab_Scene.UpdateActor] sid:0 --- enter i:1 akActor:Grommok the Bruiser
[18:40:13.251] [25776] [I] [SkyrimNet_SexLab_Scene.GetObjFromActor] sid:0 --- enter akActor:Grommok the Bruiser
[18:40:13.251] [25776] [I] [SkyrimNet_SexLab_Scene.GetObjFromActor] sid:0 --- return StorageUtil.GetIntValue(akActor, storage_obj_key, 0)
[18:40:13.252] [25776] [I] [SkyrimNet_SexLab_Scene.UpdateActor] sid:0 --- return Changed
[18:40:13.252] [25776] [I] [SkyrimNet_SexLab_Scene.ReconcileVictimFactions] sid:0 --- enter
[18:40:13.252] [25776] [I] [SkyrimNet_SexLab_Scene.ReconcileVictimFactions] sid:0 --- thread.IsVictim Sofia
[18:40:13.252] [25776] [I] [SkyrimNet_SexLab_Scene.ReconcileVictimFactions] sid:0 --- thread.IsVictim Grommok the Bruiser
[18:40:13.252] [25776] [I] [SkyrimNet_SexLab_Scene.ReconcileVictimFactions] sid:0 --- end
[18:40:13.252] [25776] [I] [SkyrimNet_SexLab_Scene.AlignActors] sid:0 --- end
[18:40:13.252] [25776] [I] [SkyrimNet_SexLab_Scene.UpdateActor] sid:0 --- enter i:0 akActor:Sofia
[18:40:13.252] [25776] [I] [SkyrimNet_SexLab_Scene.GetObjFromActor] sid:0 --- enter akActor:Sofia
[18:40:13.252] [25776] [I] [SkyrimNet_SexLab_Scene.GetObjFromActor] sid:0 --- return StorageUtil.GetIntValue(akActor, storage_obj_key, 0)
[18:40:13.252] [25776] [I] [SkyrimNet_SexLab_Scene.UpdateActor] sid:0 --- return Changed
[18:40:13.252] [25776] [I] [SkyrimNet_SexLab_Scene.UpdateActor] sid:0 --- enter i:1 akActor:Grommok the Bruiser
[18:40:13.252] [25776] [I] [SkyrimNet_SexLab_Scene.GetObjFromActor] sid:0 --- enter akActor:Grommok the Bruiser
[18:40:13.252] [25776] [I] [SkyrimNet_SexLab_Scene.GetObjFromActor] sid:0 --- return StorageUtil.GetIntValue(akActor, storage_obj_key, 0)
[18:40:13.252] [25776] [I] [SkyrimNet_SexLab_Scene.UpdateActor] sid:0 --- return Changed
[18:40:13.252] [25776] [I] [SkyrimNet_SexLab_Scene.GetThreadActive] sid:0 --- enter
[18:40:13.252] [25776] [I] [SkyrimNet_SexLab_Scene.GetThreadActive] sid:0 --- thread.GetState()
[18:40:13.252] [25776] [I] [SkyrimNet_SexLab_Scene.GetThreadActive] sid:0 --- thread.GetState() returned Animating
[18:40:13.252] [25776] [I] [SkyrimNet_SexLab_Scene.GetThreadActive] sid:0 --- return TRUE
[18:40:13.252] [25776] [I] [SkyrimNet_SexLab_Scene.GetDescription] sid:0 --- enter
[18:40:13.253] [25776] [I] [skyrimnet_sexlab_stages.GetAnim_Info] loading: Data/SKSE/Plugins/SkyrimNet_SexLab/animations/GoodProvider/Leito Bound Anal Rear Entry.json
[18:40:13.253] [25776] [I] [skyrimnet_sexlab_stages.AddActorDescriptionActors] Version2.0 Actors:Sofia and Grommok the Bruiser desc:{{sl.actors.0}} lays face down, arms bound behind back, and legs kicking. {{sl.actors.1}} holds {{sl.actors.0}}'s bound arms and prepares to enter.
[18:40:13.254] [25776] [I] [skyrimnet_sexlab_stages.AddActorDescriptionActors] json: {"actors":["Sofia","Grommok the Bruiser"]} desc: {{sl.actors.0}} lays face down, arms bound behind back, and legs kicking. {{sl.actors.1}} holds {{sl.actors.0}}'s bound arms and prepares to enter. result: Sofia lays face down, arms bound behind back, and legs kicking. Grommok the Bruiser holds Sofia's bound arms and prepares to enter.
[18:40:13.254] [25776] [I] [SkyrimNet_SexLab_Scene.GetThreadObj] sid:0 --- thread.IsVictim Sofia
[18:40:13.254] [25776] [I] [SkyrimNet_SexLab_Scene.GetThreadObj] sid:0 --- thread.IsVictim Grommok the Bruiser
[18:40:13.254] [25776] [I] [SkyrimNet_SexLab_Scene.GetLocation] sid:0 --- enter
[18:40:13.254] [25776] [I] [SkyrimNet_SexLab_Scene.GetLocation] sid:0 --- thread.BedTypeId
[18:40:13.255] [12528] [I] [SkyrimNet_SexLab_Scene.GetLocation] sid:0 --- thread.Animation
[18:40:13.256] [12528] [I] [SkyrimNet_SexLab_Scene.GetLocation] sid:0 --- return Loc
[18:40:13.256] [12528] [I] [SkyrimNet_SexLab_Scene.GetThreadObj] sid:0 --- return thread_obj
[18:40:13.256] [12528] [I] [SkyrimNet_SexLab_Scene_Manager.GetThreadsJson] {
  "_counter": "25",
  "_threads": [
    {
      "_active": 1,
      "_Actors": [
        {
          "_arousal": -1,
          "_assailant": 0,
          "_creature_description": "",
          "_dom_slave": 0,
          "_enjoyment": 0,
          "_formid": "20",
          "_has_penis": 0,
          "_has_pussy": 1,
          "_is_hermaphrodiate": 0,
          "_name": "Sofia",
          "_no_orgasm": 0,
          "_notice_level": "Nothing",
          "_speaking_modifiers": [
            "_pleasure_"
          ],
          "_total_orgasm": 0,
          "_uuid": "3944757940392895572",
          "_victim": 1,
          "_wearing_strapon": 0
        },
        {
          "_arousal": -1,
          "_assailant": 1,
          "_creature_description": "",
          "_dom_slave": 0,
          "_enjoyment": 0,
          "_formid": "1258294629",
          "_has_penis": 1,
          "_has_pussy": 0,
          "_is_hermaphrodiate": 0,
          "_name": "Grommok the Bruiser",
          "_no_orgasm": 0,
          "_notice_level": "Nothing",
          "_speaking_modifiers": [
            "_pleasure_"
          ],
          "_total_orgasm": 0,
          "_uuid": "2506715065195416185",
          "_victim": 0,
          "_wearing_strapon": 0
        }
      ],
      "_description": "Sofia lays face down, arms bound behind back, and legs kicking. Grommok the Bruiser holds Sofia's bound arms and prepares to enter.",
      "_location": "the floor ",
      "_names": [
        "Sofia",
        "Grommok the Bruiser"
      ],
      "_speaker_distance": 0.0,
      "_speaker_los": 1,
      "_speaker_name": "Sofia",
      "_status": "active",
      "_style": "normally",
      "_victims": [
        "Sofia"
      ]
    }
  ]
}
[18:40:13.318] [25776] [I] [skyrimnet_sexlab_decorators.Outfit_Options] Grommok the Bruiser has options:undresses
[18:40:13.327] [17664] [I] [skyrimnet_sexlab_decorators.Outfit_Options] delphine has options:undresses
[18:40:13.336] [16432] [I] [skyrimnet_sexlab_decorators.Outfit_Options] Daegon has options:undresses
[18:40:13.345] [11964] [I] [skyrimnet_sexlab_decorators.Outfit_Options] Orgnar has options:undresses
[18:40:13.354] [16432] [I] [skyrimnet_sexlab_decorators.Outfit_Options] Sofia has options:undresses
[18:40:13.374] [34276] [I] [SkyrimNet_SexLab_Scene_Manager.GetThread] Actor:Grommok the Bruiser
[18:40:13.374] [34276] [I] [SkyrimNet_SexLab_Scene.GetThread] sid:0 --- enter
[18:40:13.374] [34276] [I] [SkyrimNet_SexLab_Scene.GetThread] sid:0 --- return Thread
[18:40:13.394] [17664] [I] [SkyrimNet_SexLab_Scene_Manager.GetThread] Actor:delphine
[18:40:13.401] [12528] [I] [SkyrimNet_SexLab_Scene_Manager.GetThread] Actor:Orgnar
[18:40:13.410] [34276] [I] [SkyrimNet_SexLab_Scene_Manager.GetThread] Actor:Sofia
[18:40:13.410] [34276] [I] [SkyrimNet_SexLab_Scene.GetThread] sid:0 --- enter
[18:40:13.410] [34276] [I] [SkyrimNet_SexLab_Scene.GetThread] sid:0 --- return Thread
[18:40:13.419] [12528] [I] [SkyrimNet_SexLab_Scene_Manager.GetThread] Actor:Daegon
[18:40:13.436] [34276] [I] [SkyrimNet_SexLab_Scene_Manager.GetThread] Actor:Grommok the Bruiser
[18:40:13.436] [34276] [I] [SkyrimNet_SexLab_Scene.GetThread] sid:0 --- enter
[18:40:13.436] [34276] [I] [SkyrimNet_SexLab_Scene.GetThread] sid:0 --- return Thread
[18:40:13.436] [34276] [I] [SkyrimNet_SexLab_Scene.GetThread] sid:0 --- enter
[18:40:13.436] [34276] [I] [SkyrimNet_SexLab_Scene.GetThread] sid:0 --- return Thread
[18:40:13.436] [34276] [I] [SkyrimNet_SexLab_Scene.GetDescription] sid:0 --- enter
[18:40:13.437] [34276] [I] [skyrimnet_sexlab_stages.GetAnim_Info] loading: Data/SKSE/Plugins/SkyrimNet_SexLab/animations/GoodProvider/Leito Bound Anal Rear Entry.json
[18:40:13.438] [34276] [I] [skyrimnet_sexlab_stages.AddActorDescriptionActors] Version2.0 Actors:Sofia and Grommok the Bruiser desc:{{sl.actors.0}} lays face down, arms bound behind back, and legs kicking. {{sl.actors.1}} holds {{sl.actors.0}}'s bound arms and prepares to enter.
[18:40:13.438] [34276] [I] [skyrimnet_sexlab_stages.AddActorDescriptionActors] json: {"actors":["Sofia","Grommok the Bruiser"]} desc: {{sl.actors.0}} lays face down, arms bound behind back, and legs kicking. {{sl.actors.1}} holds {{sl.actors.0}}'s bound arms and prepares to enter. result: Sofia lays face down, arms bound behind back, and legs kicking. Grommok the Bruiser holds Sofia's bound arms and prepares to enter.
[18:40:13.445] [12528] [I] [SkyrimNet_SexLab_Scene_Manager.GetThread] Actor:delphine
[18:40:13.455] [17664] [I] [SkyrimNet_SexLab_Scene_Manager.GetThread] Actor:Orgnar
[18:40:13.465] [34276] [I] [SkyrimNet_SexLab_Scene_Manager.GetThread] Actor:Sofia
[18:40:13.466] [34276] [I] [SkyrimNet_SexLab_Scene.GetThread] sid:0 --- enter
[18:40:13.466] [34276] [I] [SkyrimNet_SexLab_Scene.GetThread] sid:0 --- return Thread
[18:40:13.466] [34276] [I] [SkyrimNet_SexLab_Scene.GetThread] sid:0 --- enter
[18:40:13.466] [34276] [I] [SkyrimNet_SexLab_Scene.GetThread] sid:0 --- return Thread
[18:40:13.466] [34276] [I] [SkyrimNet_SexLab_Scene.GetDescription] sid:0 --- enter
[18:40:13.467] [34276] [I] [skyrimnet_sexlab_stages.GetAnim_Info] loading: Data/SKSE/Plugins/SkyrimNet_SexLab/animations/GoodProvider/Leito Bound Anal Rear Entry.json
[18:40:13.468] [34276] [I] [skyrimnet_sexlab_stages.AddActorDescriptionActors] Version2.0 Actors:Sofia and Grommok the Bruiser desc:{{sl.actors.0}} lays face down, arms bound behind back, and legs kicking. {{sl.actors.1}} holds {{sl.actors.0}}'s bound arms and prepares to enter.
[18:40:13.468] [34276] [I] [skyrimnet_sexlab_stages.AddActorDescriptionActors] json: {"actors":["Sofia","Grommok the Bruiser"]} desc: {{sl.actors.0}} lays face down, arms bound behind back, and legs kicking. {{sl.actors.1}} holds {{sl.actors.0}}'s bound arms and prepares to enter. result: Sofia lays face down, arms bound behind back, and legs kicking. Grommok the Bruiser holds Sofia's bound arms and prepares to enter.
[18:40:13.483] [25776] [I] [SkyrimNet_SexLab_Scene_Manager.GetThread] Actor:Daegon
[18:40:20.611] [34276] [I] [SkyrimNet_SexLab_Scene.GetThread] sid:0 --- enter
[18:40:20.611] [34276] [I] [SkyrimNet_SexLab_Scene.GetThread] sid:0 --- return Thread
[18:40:20.612] [34276] [I] [SkyrimNet_SexLab_Scene.StageStart] sid:0 --- enter
[18:40:20.612] [34276] [I] [SkyrimNet_SexLab_Scene.AlignActors] sid:0 --- enter
[18:40:20.612] [34276] [I] [SkyrimNet_SexLab_Scene.AlignActors] sid:0 --- thread.positions.length
[18:40:20.612] [34276] [I] [SkyrimNet_SexLab_Scene.EnsureActorArraysLargeEnough] sid:0 --- enter size:2
[18:40:20.612] [34276] [I] [SkyrimNet_SexLab_Scene.EnsureActorArraysLargeEnough] sid:0 --- return Void
[18:40:20.612] [34276] [I] [SkyrimNet_SexLab_Scene.UpdateActor] sid:0 --- enter i:0 akActor:Sofia
[18:40:20.612] [34276] [I] [SkyrimNet_SexLab_Scene.GetObjFromActor] sid:0 --- enter akActor:Sofia
[18:40:20.612] [34276] [I] [SkyrimNet_SexLab_Scene.GetObjFromActor] sid:0 --- return StorageUtil.GetIntValue(akActor, storage_obj_key, 0)
[18:40:20.612] [34276] [I] [SkyrimNet_SexLab_Scene.UpdateActor] sid:0 --- return Changed
[18:40:20.612] [34276] [I] [SkyrimNet_SexLab_Scene.UpdateActor] sid:0 --- enter i:1 akActor:Grommok the Bruiser
[18:40:20.612] [34276] [I] [SkyrimNet_SexLab_Scene.GetObjFromActor] sid:0 --- enter akActor:Grommok the Bruiser
[18:40:20.612] [34276] [I] [SkyrimNet_SexLab_Scene.GetObjFromActor] sid:0 --- return StorageUtil.GetIntValue(akActor, storage_obj_key, 0)
[18:40:20.612] [34276] [I] [SkyrimNet_SexLab_Scene.UpdateActor] sid:0 --- return Changed
[18:40:20.612] [34276] [I] [SkyrimNet_SexLab_Scene.ReconcileVictimFactions] sid:0 --- enter
[18:40:20.612] [34276] [I] [SkyrimNet_SexLab_Scene.ReconcileVictimFactions] sid:0 --- thread.IsVictim Sofia
[18:40:20.612] [34276] [I] [SkyrimNet_SexLab_Scene.ReconcileVictimFactions] sid:0 --- thread.IsVictim Grommok the Bruiser
[18:40:20.612] [34276] [I] [SkyrimNet_SexLab_Scene.ReconcileVictimFactions] sid:0 --- end
[18:40:20.612] [34276] [I] [SkyrimNet_SexLab_Scene.AlignActors] sid:0 --- end
[18:40:20.612] [34276] [I] [SkyrimNet_SexLab_Scene.GetThread] sid:0 --- enter
[18:40:20.612] [34276] [I] [SkyrimNet_SexLab_Scene.GetThread] sid:0 --- return Thread
[18:40:20.612] [34276] [I] [SkyrimNet_SexLab_Scene.GetThreadActive] sid:0 --- enter
[18:40:20.612] [34276] [I] [SkyrimNet_SexLab_Scene.GetThreadActive] sid:0 --- thread.GetState()
[18:40:20.612] [34276] [I] [SkyrimNet_SexLab_Scene.GetThreadActive] sid:0 --- thread.GetState() returned Animating
[18:40:20.612] [34276] [I] [SkyrimNet_SexLab_Scene.GetThreadActive] sid:0 --- return TRUE
[18:40:20.612] [34276] [I] [SkyrimNet_SexLab_Scene.GetThreadObj] sid:0 --- enter speaker:Sofia
[18:40:20.612] [34276] [I] [SkyrimNet_SexLab_Scene.AlignActors] sid:0 --- enter
[18:40:20.612] [34276] [I] [SkyrimNet_SexLab_Scene.AlignActors] sid:0 --- thread.positions.length
[18:40:20.612] [34276] [I] [SkyrimNet_SexLab_Scene.EnsureActorArraysLargeEnough] sid:0 --- enter size:2
[18:40:20.612] [34276] [I] [SkyrimNet_SexLab_Scene.EnsureActorArraysLargeEnough] sid:0 --- return Void
[18:40:20.613] [34276] [I] [SkyrimNet_SexLab_Scene.UpdateActor] sid:0 --- enter i:0 akActor:Sofia
[18:40:20.613] [34276] [I] [SkyrimNet_SexLab_Scene.GetObjFromActor] sid:0 --- enter akActor:Sofia
[18:40:20.613] [34276] [I] [SkyrimNet_SexLab_Scene.GetObjFromActor] sid:0 --- return StorageUtil.GetIntValue(akActor, storage_obj_key, 0)
[18:40:20.613] [34276] [I] [SkyrimNet_SexLab_Scene.UpdateActor] sid:0 --- return Changed
[18:40:20.613] [34276] [I] [SkyrimNet_SexLab_Scene.UpdateActor] sid:0 --- enter i:1 akActor:Grommok the Bruiser
[18:40:20.613] [34276] [I] [SkyrimNet_SexLab_Scene.GetObjFromActor] sid:0 --- enter akActor:Grommok the Bruiser
[18:40:20.613] [34276] [I] [SkyrimNet_SexLab_Scene.GetObjFromActor] sid:0 --- return StorageUtil.GetIntValue(akActor, storage_obj_key, 0)
[18:40:20.613] [34276] [I] [SkyrimNet_SexLab_Scene.UpdateActor] sid:0 --- return Changed
[18:40:20.613] [34276] [I] [SkyrimNet_SexLab_Scene.ReconcileVictimFactions] sid:0 --- enter
[18:40:20.613] [34276] [I] [SkyrimNet_SexLab_Scene.ReconcileVictimFactions] sid:0 --- thread.IsVictim Sofia
[18:40:20.613] [34276] [I] [SkyrimNet_SexLab_Scene.ReconcileVictimFactions] sid:0 --- thread.IsVictim Grommok the Bruiser
[18:40:20.613] [34276] [I] [SkyrimNet_SexLab_Scene.ReconcileVictimFactions] sid:0 --- end
[18:40:20.613] [34276] [I] [SkyrimNet_SexLab_Scene.AlignActors] sid:0 --- end
[18:40:20.613] [34276] [I] [SkyrimNet_SexLab_Scene.UpdateActor] sid:0 --- enter i:0 akActor:Sofia
[18:40:20.613] [34276] [I] [SkyrimNet_SexLab_Scene.GetObjFromActor] sid:0 --- enter akActor:Sofia
[18:40:20.613] [34276] [I] [SkyrimNet_SexLab_Scene.GetObjFromActor] sid:0 --- return StorageUtil.GetIntValue(akActor, storage_obj_key, 0)
[18:40:20.613] [34276] [I] [SkyrimNet_SexLab_Scene.UpdateActor] sid:0 --- return Changed
[18:40:20.613] [34276] [I] [SkyrimNet_SexLab_Scene.UpdateActor] sid:0 --- enter i:1 akActor:Grommok the Bruiser
[18:40:20.613] [34276] [I] [SkyrimNet_SexLab_Scene.GetObjFromActor] sid:0 --- enter akActor:Grommok the Bruiser
[18:40:20.613] [34276] [I] [SkyrimNet_SexLab_Scene.GetObjFromActor] sid:0 --- return StorageUtil.GetIntValue(akActor, storage_obj_key, 0)
[18:40:20.613] [34276] [I] [SkyrimNet_SexLab_Scene.UpdateActor] sid:0 --- return Changed
[18:40:20.614] [16432] [I] [SkyrimNet_SexLab_Scene.GetThreadActive] sid:0 --- enter
[18:40:20.615] [16432] [I] [SkyrimNet_SexLab_Scene.GetThreadActive] sid:0 --- thread.GetState()
[18:40:20.615] [16432] [I] [SkyrimNet_SexLab_Scene.GetThreadActive] sid:0 --- thread.GetState() returned Animating
[18:40:20.615] [16432] [I] [SkyrimNet_SexLab_Scene.GetThreadActive] sid:0 --- return TRUE
[18:40:20.615] [16432] [I] [SkyrimNet_SexLab_Scene.GetDescription] sid:0 --- enter
[18:40:20.615] [16432] [I] [skyrimnet_sexlab_stages.GetAnim_Info] loading: Data/SKSE/Plugins/SkyrimNet_SexLab/animations/GoodProvider/Leito Bound Anal Rear Entry.json
[18:40:20.616] [16432] [I] [skyrimnet_sexlab_stages.AddActorDescriptionActors] Version2.0 Actors:Sofia and Grommok the Bruiser desc:{{sl.actors.1}} fucks {{sl.actors.0}}'s ass and holds down by the shoulder {{sl.actors.0}}. {{sl.actors.0}} lays face down with arms bound behind back.
[18:40:20.616] [16432] [I] [skyrimnet_sexlab_stages.AddActorDescriptionActors] json: {"actors":["Sofia","Grommok the Bruiser"]} desc: {{sl.actors.1}} fucks {{sl.actors.0}}'s ass and holds down by the shoulder {{sl.actors.0}}. {{sl.actors.0}} lays face down with arms bound behind back. result: Grommok the Bruiser fucks Sofia's ass and holds down by the shoulder Sofia. Sofia lays face down with arms bound behind back.
[18:40:20.616] [16432] [I] [SkyrimNet_SexLab_Scene.GetThreadObj] sid:0 --- thread.IsVictim Sofia
[18:40:20.617] [16432] [I] [SkyrimNet_SexLab_Scene.GetThreadObj] sid:0 --- thread.IsVictim Grommok the Bruiser
[18:40:20.617] [16432] [I] [SkyrimNet_SexLab_Scene.GetLocation] sid:0 --- enter
[18:40:20.617] [16432] [I] [SkyrimNet_SexLab_Scene.GetLocation] sid:0 --- thread.BedTypeId
[18:40:20.617] [16432] [I] [SkyrimNet_SexLab_Scene.GetLocation] sid:0 --- thread.Animation
[18:40:20.617] [16432] [I] [SkyrimNet_SexLab_Scene.GetLocation] sid:0 --- return Loc
[18:40:20.617] [16432] [I] [SkyrimNet_SexLab_Scene.GetThreadObj] sid:0 --- return thread_obj
[18:40:20.617] [16432] [I] [SkyrimNet_SexLab_Scene_Manager.GetThreadsJson] {
  "_counter": "26",
  "_threads": [
    {
      "_active": 1,
      "_Actors": [
        {
          "_arousal": -1,
          "_assailant": 0,
          "_creature_description": "",
          "_dom_slave": 0,
          "_enjoyment": 0,
          "_formid": "20",
          "_has_penis": 0,
          "_has_pussy": 1,
          "_is_hermaphrodiate": 0,
          "_name": "Sofia",
          "_no_orgasm": 0,
          "_notice_level": "Nothing",
          "_speaking_modifiers": [
            "_pleasure_"
          ],
          "_total_orgasm": 0,
          "_uuid": "3944757940392895572",
          "_victim": 1,
          "_wearing_strapon": 0
        },
        {
          "_arousal": -1,
          "_assailant": 1,
          "_creature_description": "",
          "_dom_slave": 0,
          "_enjoyment": 0,
          "_formid": "1258294629",
          "_has_penis": 1,
          "_has_pussy": 0,
          "_is_hermaphrodiate": 0,
          "_name": "Grommok the Bruiser",
          "_no_orgasm": 0,
          "_notice_level": "Nothing",
          "_speaking_modifiers": [
            "_pleasure_"
          ],
          "_total_orgasm": 0,
          "_uuid": "2506715065195416185",
          "_victim": 0,
          "_wearing_strapon": 0
        }
      ],
      "_description": "Grommok the Bruiser fucks Sofia's ass and holds down by the shoulder Sofia. Sofia lays face down with arms bound behind back.",
      "_location": "the floor ",
      "_names": [
        "Sofia",
        "Grommok the Bruiser"
      ],
      "_speaker_distance": 0.0,
      "_speaker_los": 1,
      "_speaker_name": "Sofia",
      "_status": "active",
      "_style": "normally",
      "_victims": [
        "Sofia"
      ]
    }
  ]
}
[18:40:20.617] [16432] [I] [SkyrimNet_SexLab_Scene.GetDescription] sid:0 --- enter
[18:40:20.621] [11964] [I] [skyrimnet_sexlab_stages.GetAnim_Info] loading: Data/SKSE/Plugins/SkyrimNet_SexLab/animations/GoodProvider/Leito Bound Anal Rear Entry.json
[18:40:20.622] [11964] [I] [skyrimnet_sexlab_stages.AddActorDescriptionActors] Version2.0 Actors:Sofia and Grommok the Bruiser desc:{{sl.actors.1}} fucks {{sl.actors.0}}'s ass and holds down by the shoulder {{sl.actors.0}}. {{sl.actors.0}} lays face down with arms bound behind back.
[18:40:20.622] [11964] [I] [skyrimnet_sexlab_stages.AddActorDescriptionActors] json: {"actors":["Sofia","Grommok the Bruiser"]} desc: {{sl.actors.1}} fucks {{sl.actors.0}}'s ass and holds down by the shoulder {{sl.actors.0}}. {{sl.actors.0}} lays face down with arms bound behind back. result: Grommok the Bruiser fucks Sofia's ass and holds down by the shoulder Sofia. Sofia lays face down with arms bound behind back.
[18:40:20.640] [16432] [I] [skyrimnet_sexlab_utilities.DirectNarration_Optional] type:Event msg:Scene changes to Grommok the Bruiser fucks Sofia's ass and holds down by the shoulder Sofia. Sofia lays face down with arms bound behind back. source:Grommok the Bruiser target:Sofia
[18:40:20.640] [16432] [I] [SkyrimNet_SexLab_Scene.StageStart] sid:0 --- end
[18:40:41.349] [17664] [I] [SkyrimNet_SexLab_Scene.GetThread] sid:0 --- enter
[18:40:41.350] [17664] [I] [SkyrimNet_SexLab_Scene.GetThread] sid:0 --- return Thread
[18:40:41.350] [17664] [I] [SkyrimNet_SexLab_Scene.StageStart] sid:0 --- enter
[18:40:41.350] [17664] [I] [SkyrimNet_SexLab_Scene.AlignActors] sid:0 --- enter
[18:40:41.350] [17664] [I] [SkyrimNet_SexLab_Scene.AlignActors] sid:0 --- thread.positions.length
[18:40:41.350] [17664] [I] [SkyrimNet_SexLab_Scene.EnsureActorArraysLargeEnough] sid:0 --- enter size:2
[18:40:41.350] [17664] [I] [SkyrimNet_SexLab_Scene.EnsureActorArraysLargeEnough] sid:0 --- return Void
[18:40:41.350] [17664] [I] [SkyrimNet_SexLab_Scene.UpdateActor] sid:0 --- enter i:0 akActor:Sofia
[18:40:41.350] [17664] [I] [SkyrimNet_SexLab_Scene.GetObjFromActor] sid:0 --- enter akActor:Sofia
[18:40:41.350] [17664] [I] [SkyrimNet_SexLab_Scene.GetObjFromActor] sid:0 --- return StorageUtil.GetIntValue(akActor, storage_obj_key, 0)
[18:40:41.375] [34276] [I] [SkyrimNet_SexLab_Scene.UpdateActor] sid:0 --- return Changed
[18:40:41.375] [34276] [I] [SkyrimNet_SexLab_Scene.UpdateActor] sid:0 --- enter i:1 akActor:Grommok the Bruiser
[18:40:41.375] [34276] [I] [SkyrimNet_SexLab_Scene.GetObjFromActor] sid:0 --- enter akActor:Grommok the Bruiser
[18:40:41.375] [34276] [I] [SkyrimNet_SexLab_Scene.GetObjFromActor] sid:0 --- return StorageUtil.GetIntValue(akActor, storage_obj_key, 0)
[18:40:41.375] [34276] [I] [SkyrimNet_SexLab_Scene.UpdateActor] sid:0 --- return Changed
[18:40:41.376] [34276] [I] [SkyrimNet_SexLab_Scene.ReconcileVictimFactions] sid:0 --- enter
[18:40:41.376] [34276] [I] [SkyrimNet_SexLab_Scene.ReconcileVictimFactions] sid:0 --- thread.IsVictim Sofia
[18:40:41.376] [34276] [I] [SkyrimNet_SexLab_Scene.ReconcileVictimFactions] sid:0 --- thread.IsVictim Grommok the Bruiser
[18:40:41.376] [34276] [I] [SkyrimNet_SexLab_Scene.ReconcileVictimFactions] sid:0 --- end
[18:40:41.376] [34276] [I] [SkyrimNet_SexLab_Scene.AlignActors] sid:0 --- end
[18:40:41.376] [34276] [I] [SkyrimNet_SexLab_Scene.GetThread] sid:0 --- enter
[18:40:41.376] [34276] [I] [SkyrimNet_SexLab_Scene.GetThread] sid:0 --- return Thread
[18:40:41.376] [34276] [I] [SkyrimNet_SexLab_Scene.GetThreadActive] sid:0 --- enter
[18:40:41.376] [34276] [I] [SkyrimNet_SexLab_Scene.GetThreadActive] sid:0 --- thread.GetState()
[18:40:41.376] [34276] [I] [SkyrimNet_SexLab_Scene.GetThreadActive] sid:0 --- thread.GetState() returned Animating
[18:40:41.376] [34276] [I] [SkyrimNet_SexLab_Scene.GetThreadActive] sid:0 --- return TRUE
[18:40:41.376] [34276] [I] [SkyrimNet_SexLab_Scene.GetThreadObj] sid:0 --- enter speaker:Sofia
[18:40:41.376] [34276] [I] [SkyrimNet_SexLab_Scene.AlignActors] sid:0 --- enter
[18:40:41.376] [34276] [I] [SkyrimNet_SexLab_Scene.AlignActors] sid:0 --- thread.positions.length
[18:40:41.376] [34276] [I] [SkyrimNet_SexLab_Scene.EnsureActorArraysLargeEnough] sid:0 --- enter size:2
[18:40:41.376] [34276] [I] [SkyrimNet_SexLab_Scene.EnsureActorArraysLargeEnough] sid:0 --- return Void
[18:40:41.376] [34276] [I] [SkyrimNet_SexLab_Scene.UpdateActor] sid:0 --- enter i:0 akActor:Sofia
[18:40:41.376] [34276] [I] [SkyrimNet_SexLab_Scene.GetObjFromActor] sid:0 --- enter akActor:Sofia
[18:40:41.376] [34276] [I] [SkyrimNet_SexLab_Scene.GetObjFromActor] sid:0 --- return StorageUtil.GetIntValue(akActor, storage_obj_key, 0)
[18:40:41.376] [34276] [I] [SkyrimNet_SexLab_Scene.UpdateActor] sid:0 --- return Changed
[18:40:41.376] [34276] [I] [SkyrimNet_SexLab_Scene.UpdateActor] sid:0 --- enter i:1 akActor:Grommok the Bruiser
[18:40:41.376] [34276] [I] [SkyrimNet_SexLab_Scene.GetObjFromActor] sid:0 --- enter akActor:Grommok the Bruiser
[18:40:41.376] [34276] [I] [SkyrimNet_SexLab_Scene.GetObjFromActor] sid:0 --- return StorageUtil.GetIntValue(akActor, storage_obj_key, 0)
[18:40:41.376] [34276] [I] [SkyrimNet_SexLab_Scene.UpdateActor] sid:0 --- return Changed
[18:40:41.376] [34276] [I] [SkyrimNet_SexLab_Scene.ReconcileVictimFactions] sid:0 --- enter
[18:40:41.376] [34276] [I] [SkyrimNet_SexLab_Scene.ReconcileVictimFactions] sid:0 --- thread.IsVictim Sofia
[18:40:41.376] [34276] [I] [SkyrimNet_SexLab_Scene.ReconcileVictimFactions] sid:0 --- thread.IsVictim Grommok the Bruiser
[18:40:41.376] [34276] [I] [SkyrimNet_SexLab_Scene.ReconcileVictimFactions] sid:0 --- end
[18:40:41.376] [34276] [I] [SkyrimNet_SexLab_Scene.AlignActors] sid:0 --- end
[18:40:41.376] [34276] [I] [SkyrimNet_SexLab_Scene.UpdateActor] sid:0 --- enter i:0 akActor:Sofia
[18:40:41.376] [34276] [I] [SkyrimNet_SexLab_Scene.GetObjFromActor] sid:0 --- enter akActor:Sofia
[18:40:41.377] [34276] [I] [SkyrimNet_SexLab_Scene.GetObjFromActor] sid:0 --- return StorageUtil.GetIntValue(akActor, storage_obj_key, 0)
[18:40:41.377] [34276] [I] [SkyrimNet_SexLab_Scene.UpdateActor] sid:0 --- return Changed
[18:40:41.377] [34276] [I] [SkyrimNet_SexLab_Scene.UpdateActor] sid:0 --- enter i:1 akActor:Grommok the Bruiser
[18:40:41.377] [34276] [I] [SkyrimNet_SexLab_Scene.GetObjFromActor] sid:0 --- enter akActor:Grommok the Bruiser
[18:40:41.377] [34276] [I] [SkyrimNet_SexLab_Scene.GetObjFromActor] sid:0 --- return StorageUtil.GetIntValue(akActor, storage_obj_key, 0)
[18:40:41.377] [34276] [I] [SkyrimNet_SexLab_Scene.UpdateActor] sid:0 --- return Changed
[18:40:41.377] [34276] [I] [SkyrimNet_SexLab_Scene.GetThreadActive] sid:0 --- enter
[18:40:41.377] [34276] [I] [SkyrimNet_SexLab_Scene.GetThreadActive] sid:0 --- thread.GetState()
[18:40:41.377] [34276] [I] [SkyrimNet_SexLab_Scene.GetThreadActive] sid:0 --- thread.GetState() returned Animating
[18:40:41.377] [34276] [I] [SkyrimNet_SexLab_Scene.GetThreadActive] sid:0 --- return TRUE
[18:40:41.377] [34276] [I] [SkyrimNet_SexLab_Scene.GetDescription] sid:0 --- enter
[18:40:41.378] [34276] [I] [skyrimnet_sexlab_stages.GetAnim_Info] loading: Data/SKSE/Plugins/SkyrimNet_SexLab/animations/GoodProvider/Leito Bound Anal Rear Entry.json
[18:40:41.380] [11964] [I] [skyrimnet_sexlab_stages.AddActorDescriptionActors] Version2.0 Actors:Sofia and Grommok the Bruiser desc:{{sl.actors.1}} has hands to both sides of {{sl.actors.0}}, uses legs to pull {{sl.actors.0}}'s legs apart, and allowing long deep fucks into {{sl.actors.0}}'s ass. {{sl.actors.0}} lays face down with arms bound behind back.
[18:40:41.380] [11964] [I] [skyrimnet_sexlab_stages.AddActorDescriptionActors] json: {"actors":["Sofia","Grommok the Bruiser"]} desc: {{sl.actors.1}} has hands to both sides of {{sl.actors.0}}, uses legs to pull {{sl.actors.0}}'s legs apart, and allowing long deep fucks into {{sl.actors.0}}'s ass. {{sl.actors.0}} lays face down with arms bound behind back. result: Grommok the Bruiser has hands to both sides of Sofia, uses legs to pull Sofia's legs apart, and allowing long deep fucks into Sofia's ass. Sofia lays face down with arms bound behind back.
[18:40:41.380] [11964] [I] [SkyrimNet_SexLab_Scene.GetThreadObj] sid:0 --- thread.IsVictim Sofia
[18:40:41.380] [11964] [I] [SkyrimNet_SexLab_Scene.GetThreadObj] sid:0 --- thread.IsVictim Grommok the Bruiser
[18:40:41.380] [11964] [I] [SkyrimNet_SexLab_Scene.GetLocation] sid:0 --- enter
[18:40:41.380] [11964] [I] [SkyrimNet_SexLab_Scene.GetLocation] sid:0 --- thread.BedTypeId
[18:40:41.380] [11964] [I] [SkyrimNet_SexLab_Scene.GetLocation] sid:0 --- thread.Animation
[18:40:41.380] [11964] [I] [SkyrimNet_SexLab_Scene.GetLocation] sid:0 --- return Loc
[18:40:41.380] [11964] [I] [SkyrimNet_SexLab_Scene.GetThreadObj] sid:0 --- return thread_obj
[18:40:41.381] [11964] [I] [SkyrimNet_SexLab_Scene_Manager.GetThreadsJson] {
  "_counter": "27",
  "_threads": [
    {
      "_active": 1,
      "_Actors": [
        {
          "_arousal": -1,
          "_assailant": 0,
          "_creature_description": "",
          "_dom_slave": 0,
          "_enjoyment": 0,
          "_formid": "20",
          "_has_penis": 0,
          "_has_pussy": 1,
          "_is_hermaphrodiate": 0,
          "_name": "Sofia",
          "_no_orgasm": 0,
          "_notice_level": "Nothing",
          "_speaking_modifiers": [
            "_pleasure_"
          ],
          "_total_orgasm": 0,
          "_uuid": "3944757940392895572",
          "_victim": 1,
          "_wearing_strapon": 0
        },
        {
          "_arousal": -1,
          "_assailant": 1,
          "_creature_description": "",
          "_dom_slave": 0,
          "_enjoyment": 0,
          "_formid": "1258294629",
          "_has_penis": 1,
          "_has_pussy": 0,
          "_is_hermaphrodiate": 0,
          "_name": "Grommok the Bruiser",
          "_no_orgasm": 0,
          "_notice_level": "Nothing",
          "_speaking_modifiers": [
            "_pleasure_"
          ],
          "_total_orgasm": 0,
          "_uuid": "2506715065195416185",
          "_victim": 0,
          "_wearing_strapon": 0
        }
      ],
      "_description": "Grommok the Bruiser has hands to both sides of Sofia, uses legs to pull Sofia's legs apart, and allowing long deep fucks into Sofia's ass. Sofia lays face down with arms bound behind back.",
      "_location": "the floor ",
      "_names": [
        "Sofia",
        "Grommok the Bruiser"
      ],
      "_speaker_distance": 0.0,
      "_speaker_los": 1,
      "_speaker_name": "Sofia",
      "_status": "active",
      "_style": "normally",
      "_victims": [
        "Sofia"
      ]
    }
  ]
}
[18:40:41.381] [11964] [I] [SkyrimNet_SexLab_Scene.GetDescription] sid:0 --- enter
[18:40:41.382] [11964] [I] [skyrimnet_sexlab_stages.GetAnim_Info] loading: Data/SKSE/Plugins/SkyrimNet_SexLab/animations/GoodProvider/Leito Bound Anal Rear Entry.json
[18:40:41.382] [11964] [I] [skyrimnet_sexlab_stages.AddActorDescriptionActors] Version2.0 Actors:Sofia and Grommok the Bruiser desc:{{sl.actors.1}} has hands to both sides of {{sl.actors.0}}, uses legs to pull {{sl.actors.0}}'s legs apart, and allowing long deep fucks into {{sl.actors.0}}'s ass. {{sl.actors.0}} lays face down with arms bound behind back.
[18:40:41.385] [25776] [I] [skyrimnet_sexlab_stages.AddActorDescriptionActors] json: {"actors":["Sofia","Grommok the Bruiser"]} desc: {{sl.actors.1}} has hands to both sides of {{sl.actors.0}}, uses legs to pull {{sl.actors.0}}'s legs apart, and allowing long deep fucks into {{sl.actors.0}}'s ass. {{sl.actors.0}} lays face down with arms bound behind back. result: Grommok the Bruiser has hands to both sides of Sofia, uses legs to pull Sofia's legs apart, and allowing long deep fucks into Sofia's ass. Sofia lays face down with arms bound behind back.
[18:40:41.403] [16432] [I] [skyrimnet_sexlab_utilities.DirectNarration_Optional] type:Event msg:Scene changes to Grommok the Bruiser has hands to both sides of Sofia, uses legs to pull Sofia's legs apart, and allowing long deep fucks into Sofia's ass. Sofia lays face down with arms bound behind back. source:Grommok the Bruiser target:Sofia
[18:40:41.403] [16432] [I] [SkyrimNet_SexLab_Scene.StageStart] sid:0 --- end
[18:40:56.515] [17664] [I] [SkyrimNet_SexLab_Scene.GetThread] sid:0 --- enter
[18:40:56.515] [17664] [I] [SkyrimNet_SexLab_Scene.GetThread] sid:0 --- return Thread
[18:40:56.516] [17664] [I] [SkyrimNet_SexLab_Scene.GetThreadActive] sid:0 --- enter
[18:40:56.516] [17664] [I] [SkyrimNet_SexLab_Scene.GetThreadActive] sid:0 --- thread.GetState()
[18:40:56.516] [17664] [I] [SkyrimNet_SexLab_Scene.GetThreadActive] sid:0 --- thread.GetState() returned Animating
[18:40:56.516] [17664] [I] [SkyrimNet_SexLab_Scene.GetThreadActive] sid:0 --- return TRUE
[18:40:56.516] [17664] [I] [SkyrimNet_SexLab_Scene.GetThreadObj] sid:0 --- enter speaker:Daegon
[18:40:56.516] [17664] [I] [SkyrimNet_SexLab_Scene.AlignActors] sid:0 --- enter
[18:40:56.516] [17664] [I] [SkyrimNet_SexLab_Scene.AlignActors] sid:0 --- thread.positions.length
[18:40:56.516] [17664] [I] [SkyrimNet_SexLab_Scene.EnsureActorArraysLargeEnough] sid:0 --- enter size:2
[18:40:56.516] [17664] [I] [SkyrimNet_SexLab_Scene.EnsureActorArraysLargeEnough] sid:0 --- return Void
[18:40:56.516] [17664] [I] [SkyrimNet_SexLab_Scene.UpdateActor] sid:0 --- enter i:0 akActor:Sofia
[18:40:56.516] [17664] [I] [SkyrimNet_SexLab_Scene.GetObjFromActor] sid:0 --- enter akActor:Sofia
[18:40:56.516] [17664] [I] [SkyrimNet_SexLab_Scene.GetObjFromActor] sid:0 --- return StorageUtil.GetIntValue(akActor, storage_obj_key, 0)
[18:40:56.516] [17664] [I] [SkyrimNet_SexLab_Scene.UpdateActor] sid:0 --- return Changed
[18:40:56.516] [17664] [I] [SkyrimNet_SexLab_Scene.UpdateActor] sid:0 --- enter i:1 akActor:Grommok the Bruiser
[18:40:56.516] [17664] [I] [SkyrimNet_SexLab_Scene.GetObjFromActor] sid:0 --- enter akActor:Grommok the Bruiser
[18:40:56.516] [17664] [I] [SkyrimNet_SexLab_Scene.GetObjFromActor] sid:0 --- return StorageUtil.GetIntValue(akActor, storage_obj_key, 0)
[18:40:56.516] [17664] [I] [SkyrimNet_SexLab_Scene.UpdateActor] sid:0 --- return Changed
[18:40:56.516] [17664] [I] [SkyrimNet_SexLab_Scene.ReconcileVictimFactions] sid:0 --- enter
[18:40:56.516] [17664] [I] [SkyrimNet_SexLab_Scene.ReconcileVictimFactions] sid:0 --- thread.IsVictim Sofia
[18:40:56.517] [17664] [I] [SkyrimNet_SexLab_Scene.ReconcileVictimFactions] sid:0 --- thread.IsVictim Grommok the Bruiser
[18:40:56.517] [17664] [I] [SkyrimNet_SexLab_Scene.ReconcileVictimFactions] sid:0 --- end
[18:40:56.517] [17664] [I] [SkyrimNet_SexLab_Scene.AlignActors] sid:0 --- end
[18:40:56.517] [17664] [I] [SkyrimNet_SexLab_Scene.UpdateActor] sid:0 --- enter i:0 akActor:Sofia
[18:40:56.517] [17664] [I] [SkyrimNet_SexLab_Scene.GetObjFromActor] sid:0 --- enter akActor:Sofia
[18:40:56.517] [17664] [I] [SkyrimNet_SexLab_Scene.GetObjFromActor] sid:0 --- return StorageUtil.GetIntValue(akActor, storage_obj_key, 0)
[18:40:56.517] [17664] [I] [SkyrimNet_SexLab_Scene.UpdateActor] sid:0 --- return Changed
[18:40:56.517] [17664] [I] [SkyrimNet_SexLab_Scene.UpdateActor] sid:0 --- enter i:1 akActor:Grommok the Bruiser
[18:40:56.517] [17664] [I] [SkyrimNet_SexLab_Scene.GetObjFromActor] sid:0 --- enter akActor:Grommok the Bruiser
[18:40:56.517] [17664] [I] [SkyrimNet_SexLab_Scene.GetObjFromActor] sid:0 --- return StorageUtil.GetIntValue(akActor, storage_obj_key, 0)
[18:40:56.517] [17664] [I] [SkyrimNet_SexLab_Scene.UpdateActor] sid:0 --- return Changed
[18:40:56.517] [17664] [I] [SkyrimNet_SexLab_Scene.GetThreadActive] sid:0 --- enter
[18:40:56.517] [17664] [I] [SkyrimNet_SexLab_Scene.GetThreadActive] sid:0 --- thread.GetState()
[18:40:56.517] [17664] [I] [SkyrimNet_SexLab_Scene.GetThreadActive] sid:0 --- thread.GetState() returned Animating
[18:40:56.517] [17664] [I] [SkyrimNet_SexLab_Scene.GetThreadActive] sid:0 --- return TRUE
[18:40:56.517] [17664] [I] [SkyrimNet_SexLab_Scene.GetDescription] sid:0 --- enter
[18:40:56.518] [17664] [I] [skyrimnet_sexlab_stages.GetAnim_Info] loading: Data/SKSE/Plugins/SkyrimNet_SexLab/animations/GoodProvider/Leito Bound Anal Rear Entry.json
[18:40:56.519] [17664] [I] [skyrimnet_sexlab_stages.AddActorDescriptionActors] Version2.0 Actors:Sofia and Grommok the Bruiser desc:{{sl.actors.1}} has hands to both sides of {{sl.actors.0}}, uses legs to pull {{sl.actors.0}}'s legs apart, and allowing long deep fucks into {{sl.actors.0}}'s ass. {{sl.actors.0}} lays face down with arms bound behind back.
[18:40:56.519] [17664] [I] [skyrimnet_sexlab_stages.AddActorDescriptionActors] json: {"actors":["Sofia","Grommok the Bruiser"]} desc: {{sl.actors.1}} has hands to both sides of {{sl.actors.0}}, uses legs to pull {{sl.actors.0}}'s legs apart, and allowing long deep fucks into {{sl.actors.0}}'s ass. {{sl.actors.0}} lays face down with arms bound behind back. result: Grommok the Bruiser has hands to both sides of Sofia, uses legs to pull Sofia's legs apart, and allowing long deep fucks into Sofia's ass. Sofia lays face down with arms bound behind back.
[18:40:56.519] [17664] [I] [SkyrimNet_SexLab_Scene.GetThreadObj] sid:0 --- thread.IsVictim Sofia
[18:40:56.519] [17664] [I] [SkyrimNet_SexLab_Scene.GetThreadObj] sid:0 --- thread.IsVictim Grommok the Bruiser
[18:40:56.519] [17664] [I] [SkyrimNet_SexLab_Scene.GetLocation] sid:0 --- enter
[18:40:56.519] [17664] [I] [SkyrimNet_SexLab_Scene.GetLocation] sid:0 --- thread.BedTypeId
[18:40:56.521] [34276] [I] [SkyrimNet_SexLab_Scene.GetLocation] sid:0 --- thread.Animation
[18:40:56.521] [34276] [I] [SkyrimNet_SexLab_Scene.GetLocation] sid:0 --- return Loc
[18:40:56.521] [34276] [I] [SkyrimNet_SexLab_Scene.GetThreadObj] sid:0 --- return thread_obj
[18:40:56.521] [34276] [I] [SkyrimNet_SexLab_Scene_Manager.GetThreadsJson] {
  "_counter": "28",
  "_threads": [
    {
      "_active": 1,
      "_Actors": [
        {
          "_arousal": -1,
          "_assailant": 0,
          "_creature_description": "",
          "_dom_slave": 0,
          "_enjoyment": 0,
          "_formid": "20",
          "_has_penis": 0,
          "_has_pussy": 1,
          "_is_hermaphrodiate": 0,
          "_name": "Sofia",
          "_no_orgasm": 0,
          "_notice_level": "Nothing",
          "_speaking_modifiers": [
            "_pleasure_"
          ],
          "_total_orgasm": 0,
          "_uuid": "3944757940392895572",
          "_victim": 1,
          "_wearing_strapon": 0
        },
        {
          "_arousal": -1,
          "_assailant": 1,
          "_creature_description": "",
          "_dom_slave": 0,
          "_enjoyment": 0,
          "_formid": "1258294629",
          "_has_penis": 1,
          "_has_pussy": 0,
          "_is_hermaphrodiate": 0,
          "_name": "Grommok the Bruiser",
          "_no_orgasm": 0,
          "_notice_level": "Nothing",
          "_speaking_modifiers": [
            "_pleasure_"
          ],
          "_total_orgasm": 0,
          "_uuid": "2506715065195416185",
          "_victim": 0,
          "_wearing_strapon": 0
        }
      ],
      "_description": "Grommok the Bruiser has hands to both sides of Sofia, uses legs to pull Sofia's legs apart, and allowing long deep fucks into Sofia's ass. Sofia lays face down with arms bound behind back.",
      "_location": "the floor ",
      "_names": [
        "Sofia",
        "Grommok the Bruiser"
      ],
      "_speaker_distance": 14.115188598632812,
      "_speaker_los": 0,
      "_speaker_name": "Daegon",
      "_status": "active",
      "_style": "normally",
      "_victims": [
        "Sofia"
      ]
    }
  ]
}
[18:40:56.525] [17664] [I] [SkyrimNet_SexLab_Scene.GetThread] sid:0 --- enter
[18:40:56.525] [17664] [I] [SkyrimNet_SexLab_Scene.GetThread] sid:0 --- return Thread
[18:40:56.525] [17664] [I] [SkyrimNet_SexLab_Scene.GetThreadActive] sid:0 --- enter
[18:40:56.525] [17664] [I] [SkyrimNet_SexLab_Scene.GetThreadActive] sid:0 --- thread.GetState()
[18:40:56.525] [17664] [I] [SkyrimNet_SexLab_Scene.GetThreadActive] sid:0 --- thread.GetState() returned Animating
[18:40:56.525] [17664] [I] [SkyrimNet_SexLab_Scene.GetThreadActive] sid:0 --- return TRUE
[18:40:56.525] [17664] [I] [SkyrimNet_SexLab_Scene.GetThreadObj] sid:0 --- enter speaker:Sofia
[18:40:56.525] [17664] [I] [SkyrimNet_SexLab_Scene.AlignActors] sid:0 --- enter
[18:40:56.526] [17664] [I] [SkyrimNet_SexLab_Scene.AlignActors] sid:0 --- thread.positions.length
[18:40:56.526] [17664] [I] [SkyrimNet_SexLab_Scene.EnsureActorArraysLargeEnough] sid:0 --- enter size:2
[18:40:56.526] [17664] [I] [SkyrimNet_SexLab_Scene.EnsureActorArraysLargeEnough] sid:0 --- return Void
[18:40:56.526] [17664] [I] [SkyrimNet_SexLab_Scene.UpdateActor] sid:0 --- enter i:0 akActor:Sofia
[18:40:56.526] [17664] [I] [SkyrimNet_SexLab_Scene.GetObjFromActor] sid:0 --- enter akActor:Sofia
[18:40:56.526] [17664] [I] [SkyrimNet_SexLab_Scene.GetObjFromActor] sid:0 --- return StorageUtil.GetIntValue(akActor, storage_obj_key, 0)
[18:40:56.526] [17664] [I] [SkyrimNet_SexLab_Scene.UpdateActor] sid:0 --- return Changed
[18:40:56.526] [17664] [I] [SkyrimNet_SexLab_Scene.UpdateActor] sid:0 --- enter i:1 akActor:Grommok the Bruiser
[18:40:56.526] [17664] [I] [SkyrimNet_SexLab_Scene.GetObjFromActor] sid:0 --- enter akActor:Grommok the Bruiser
[18:40:56.526] [17664] [I] [SkyrimNet_SexLab_Scene.GetObjFromActor] sid:0 --- return StorageUtil.GetIntValue(akActor, storage_obj_key, 0)
[18:40:56.526] [17664] [I] [SkyrimNet_SexLab_Scene.UpdateActor] sid:0 --- return Changed
[18:40:56.526] [17664] [I] [SkyrimNet_SexLab_Scene.ReconcileVictimFactions] sid:0 --- enter
[18:40:56.526] [17664] [I] [SkyrimNet_SexLab_Scene.ReconcileVictimFactions] sid:0 --- thread.IsVictim Sofia
[18:40:56.526] [17664] [I] [SkyrimNet_SexLab_Scene.ReconcileVictimFactions] sid:0 --- thread.IsVictim Grommok the Bruiser
[18:40:56.526] [17664] [I] [SkyrimNet_SexLab_Scene.ReconcileVictimFactions] sid:0 --- end
[18:40:56.526] [17664] [I] [SkyrimNet_SexLab_Scene.AlignActors] sid:0 --- end
[18:40:56.526] [17664] [I] [SkyrimNet_SexLab_Scene.UpdateActor] sid:0 --- enter i:0 akActor:Sofia
[18:40:56.526] [17664] [I] [SkyrimNet_SexLab_Scene.GetObjFromActor] sid:0 --- enter akActor:Sofia
[18:40:56.526] [17664] [I] [SkyrimNet_SexLab_Scene.GetObjFromActor] sid:0 --- return StorageUtil.GetIntValue(akActor, storage_obj_key, 0)
[18:40:56.526] [17664] [I] [SkyrimNet_SexLab_Scene.UpdateActor] sid:0 --- return Changed
[18:40:56.526] [17664] [I] [SkyrimNet_SexLab_Scene.UpdateActor] sid:0 --- enter i:1 akActor:Grommok the Bruiser
[18:40:56.526] [17664] [I] [SkyrimNet_SexLab_Scene.GetObjFromActor] sid:0 --- enter akActor:Grommok the Bruiser
[18:40:56.526] [17664] [I] [SkyrimNet_SexLab_Scene.GetObjFromActor] sid:0 --- return StorageUtil.GetIntValue(akActor, storage_obj_key, 0)
[18:40:56.526] [17664] [I] [SkyrimNet_SexLab_Scene.UpdateActor] sid:0 --- return Changed
[18:40:56.526] [17664] [I] [SkyrimNet_SexLab_Scene.GetThreadActive] sid:0 --- enter
[18:40:56.526] [17664] [I] [SkyrimNet_SexLab_Scene.GetThreadActive] sid:0 --- thread.GetState()
[18:40:56.526] [17664] [I] [SkyrimNet_SexLab_Scene.GetThreadActive] sid:0 --- thread.GetState() returned Animating
[18:40:56.527] [17664] [I] [SkyrimNet_SexLab_Scene.GetThreadActive] sid:0 --- return TRUE
[18:40:56.527] [17664] [I] [SkyrimNet_SexLab_Scene.GetDescription] sid:0 --- enter
[18:40:56.528] [17664] [I] [skyrimnet_sexlab_stages.GetAnim_Info] loading: Data/SKSE/Plugins/SkyrimNet_SexLab/animations/GoodProvider/Leito Bound Anal Rear Entry.json
[18:40:56.529] [17664] [I] [skyrimnet_sexlab_stages.AddActorDescriptionActors] Version2.0 Actors:Sofia and Grommok the Bruiser desc:{{sl.actors.1}} has hands to both sides of {{sl.actors.0}}, uses legs to pull {{sl.actors.0}}'s legs apart, and allowing long deep fucks into {{sl.actors.0}}'s ass. {{sl.actors.0}} lays face down with arms bound behind back.
[18:40:56.529] [17664] [I] [skyrimnet_sexlab_stages.AddActorDescriptionActors] json: {"actors":["Sofia","Grommok the Bruiser"]} desc: {{sl.actors.1}} has hands to both sides of {{sl.actors.0}}, uses legs to pull {{sl.actors.0}}'s legs apart, and allowing long deep fucks into {{sl.actors.0}}'s ass. {{sl.actors.0}} lays face down with arms bound behind back. result: Grommok the Bruiser has hands to both sides of Sofia, uses legs to pull Sofia's legs apart, and allowing long deep fucks into Sofia's ass. Sofia lays face down with arms bound behind back.
[18:40:56.529] [17664] [I] [SkyrimNet_SexLab_Scene.GetThreadObj] sid:0 --- thread.IsVictim Sofia
[18:40:56.529] [17664] [I] [SkyrimNet_SexLab_Scene.GetThreadObj] sid:0 --- thread.IsVictim Grommok the Bruiser
[18:40:56.529] [17664] [I] [SkyrimNet_SexLab_Scene.GetLocation] sid:0 --- enter
[18:40:56.529] [17664] [I] [SkyrimNet_SexLab_Scene.GetLocation] sid:0 --- thread.BedTypeId
[18:40:56.532] [16432] [I] [SkyrimNet_SexLab_Scene.GetLocation] sid:0 --- thread.Animation
[18:40:56.532] [16432] [I] [SkyrimNet_SexLab_Scene.GetLocation] sid:0 --- return Loc
[18:40:56.532] [16432] [I] [SkyrimNet_SexLab_Scene.GetThreadObj] sid:0 --- return thread_obj
[18:40:56.532] [16432] [I] [SkyrimNet_SexLab_Scene_Manager.GetThreadsJson] {
  "_counter": "29",
  "_threads": [
    {
      "_active": 1,
      "_Actors": [
        {
          "_arousal": -1,
          "_assailant": 0,
          "_creature_description": "",
          "_dom_slave": 0,
          "_enjoyment": 0,
          "_formid": "20",
          "_has_penis": 0,
          "_has_pussy": 1,
          "_is_hermaphrodiate": 0,
          "_name": "Sofia",
          "_no_orgasm": 0,
          "_notice_level": "Nothing",
          "_speaking_modifiers": [
            "_pleasure_"
          ],
          "_total_orgasm": 0,
          "_uuid": "3944757940392895572",
          "_victim": 1,
          "_wearing_strapon": 0
        },
        {
          "_arousal": -1,
          "_assailant": 1,
          "_creature_description": "",
          "_dom_slave": 0,
          "_enjoyment": 0,
          "_formid": "1258294629",
          "_has_penis": 1,
          "_has_pussy": 0,
          "_is_hermaphrodiate": 0,
          "_name": "Grommok the Bruiser",
          "_no_orgasm": 0,
          "_notice_level": "Nothing",
          "_speaking_modifiers": [
            "_pleasure_"
          ],
          "_total_orgasm": 0,
          "_uuid": "2506715065195416185",
          "_victim": 0,
          "_wearing_strapon": 0
        }
      ],
      "_description": "Grommok the Bruiser has hands to both sides of Sofia, uses legs to pull Sofia's legs apart, and allowing long deep fucks into Sofia's ass. Sofia lays face down with arms bound behind back.",
      "_location": "the floor ",
      "_names": [
        "Sofia",
        "Grommok the Bruiser"
      ],
      "_speaker_distance": 0.0,
      "_speaker_los": 1,
      "_speaker_name": "Sofia",
      "_status": "active",
      "_style": "normally",
      "_victims": [
        "Sofia"
      ]
    }
  ]
}
[18:40:56.537] [11964] [I] [SkyrimNet_SexLab_Scene.GetThread] sid:0 --- enter
[18:40:56.537] [11964] [I] [SkyrimNet_SexLab_Scene.GetThread] sid:0 --- return Thread
[18:40:56.537] [11964] [I] [SkyrimNet_SexLab_Scene.GetThreadActive] sid:0 --- enter
[18:40:56.537] [11964] [I] [SkyrimNet_SexLab_Scene.GetThreadActive] sid:0 --- thread.GetState()
[18:40:56.537] [11964] [I] [SkyrimNet_SexLab_Scene.GetThreadActive] sid:0 --- thread.GetState() returned Animating
[18:40:56.537] [11964] [I] [SkyrimNet_SexLab_Scene.GetThreadActive] sid:0 --- return TRUE
[18:40:56.537] [11964] [I] [SkyrimNet_SexLab_Scene.GetThreadObj] sid:0 --- enter speaker:Grommok the Bruiser
[18:40:56.537] [11964] [I] [SkyrimNet_SexLab_Scene.AlignActors] sid:0 --- enter
[18:40:56.537] [11964] [I] [SkyrimNet_SexLab_Scene.AlignActors] sid:0 --- thread.positions.length
[18:40:56.537] [11964] [I] [SkyrimNet_SexLab_Scene.EnsureActorArraysLargeEnough] sid:0 --- enter size:2
[18:40:56.537] [11964] [I] [SkyrimNet_SexLab_Scene.EnsureActorArraysLargeEnough] sid:0 --- return Void
[18:40:56.537] [11964] [I] [SkyrimNet_SexLab_Scene.UpdateActor] sid:0 --- enter i:0 akActor:Sofia
[18:40:56.538] [11964] [I] [SkyrimNet_SexLab_Scene.GetObjFromActor] sid:0 --- enter akActor:Sofia
[18:40:56.538] [11964] [I] [SkyrimNet_SexLab_Scene.GetObjFromActor] sid:0 --- return StorageUtil.GetIntValue(akActor, storage_obj_key, 0)
[18:40:56.538] [11964] [I] [SkyrimNet_SexLab_Scene.UpdateActor] sid:0 --- return Changed
[18:40:56.538] [11964] [I] [SkyrimNet_SexLab_Scene.UpdateActor] sid:0 --- enter i:1 akActor:Grommok the Bruiser
[18:40:56.538] [11964] [I] [SkyrimNet_SexLab_Scene.GetObjFromActor] sid:0 --- enter akActor:Grommok the Bruiser
[18:40:56.538] [11964] [I] [SkyrimNet_SexLab_Scene.GetObjFromActor] sid:0 --- return StorageUtil.GetIntValue(akActor, storage_obj_key, 0)
[18:40:56.538] [11964] [I] [SkyrimNet_SexLab_Scene.UpdateActor] sid:0 --- return Changed
[18:40:56.538] [11964] [I] [SkyrimNet_SexLab_Scene.ReconcileVictimFactions] sid:0 --- enter
[18:40:56.538] [11964] [I] [SkyrimNet_SexLab_Scene.ReconcileVictimFactions] sid:0 --- thread.IsVictim Sofia
[18:40:56.538] [11964] [I] [SkyrimNet_SexLab_Scene.ReconcileVictimFactions] sid:0 --- thread.IsVictim Grommok the Bruiser
[18:40:56.538] [11964] [I] [SkyrimNet_SexLab_Scene.ReconcileVictimFactions] sid:0 --- end
[18:40:56.538] [11964] [I] [SkyrimNet_SexLab_Scene.AlignActors] sid:0 --- end
[18:40:56.538] [11964] [I] [SkyrimNet_SexLab_Scene.UpdateActor] sid:0 --- enter i:0 akActor:Sofia
[18:40:56.538] [11964] [I] [SkyrimNet_SexLab_Scene.GetObjFromActor] sid:0 --- enter akActor:Sofia
[18:40:56.538] [11964] [I] [SkyrimNet_SexLab_Scene.GetObjFromActor] sid:0 --- return StorageUtil.GetIntValue(akActor, storage_obj_key, 0)
[18:40:56.538] [11964] [I] [SkyrimNet_SexLab_Scene.UpdateActor] sid:0 --- return Changed
[18:40:56.538] [11964] [I] [SkyrimNet_SexLab_Scene.UpdateActor] sid:0 --- enter i:1 akActor:Grommok the Bruiser
[18:40:56.538] [11964] [I] [SkyrimNet_SexLab_Scene.GetObjFromActor] sid:0 --- enter akActor:Grommok the Bruiser
[18:40:56.538] [11964] [I] [SkyrimNet_SexLab_Scene.GetObjFromActor] sid:0 --- return StorageUtil.GetIntValue(akActor, storage_obj_key, 0)
[18:40:56.538] [11964] [I] [SkyrimNet_SexLab_Scene.UpdateActor] sid:0 --- return Changed
[18:40:56.538] [11964] [I] [SkyrimNet_SexLab_Scene.GetThreadActive] sid:0 --- enter
[18:40:56.538] [11964] [I] [SkyrimNet_SexLab_Scene.GetThreadActive] sid:0 --- thread.GetState()
[18:40:56.538] [11964] [I] [SkyrimNet_SexLab_Scene.GetThreadActive] sid:0 --- thread.GetState() returned Animating
[18:40:56.538] [11964] [I] [SkyrimNet_SexLab_Scene.GetThreadActive] sid:0 --- return TRUE
[18:40:56.538] [11964] [I] [SkyrimNet_SexLab_Scene.GetDescription] sid:0 --- enter
[18:40:56.539] [11964] [I] [skyrimnet_sexlab_stages.GetAnim_Info] loading: Data/SKSE/Plugins/SkyrimNet_SexLab/animations/GoodProvider/Leito Bound Anal Rear Entry.json
[18:40:56.540] [11964] [I] [skyrimnet_sexlab_stages.AddActorDescriptionActors] Version2.0 Actors:Sofia and Grommok the Bruiser desc:{{sl.actors.1}} has hands to both sides of {{sl.actors.0}}, uses legs to pull {{sl.actors.0}}'s legs apart, and allowing long deep fucks into {{sl.actors.0}}'s ass. {{sl.actors.0}} lays face down with arms bound behind back.
[18:40:56.540] [11964] [I] [skyrimnet_sexlab_stages.AddActorDescriptionActors] json: {"actors":["Sofia","Grommok the Bruiser"]} desc: {{sl.actors.1}} has hands to both sides of {{sl.actors.0}}, uses legs to pull {{sl.actors.0}}'s legs apart, and allowing long deep fucks into {{sl.actors.0}}'s ass. {{sl.actors.0}} lays face down with arms bound behind back. result: Grommok the Bruiser has hands to both sides of Sofia, uses legs to pull Sofia's legs apart, and allowing long deep fucks into Sofia's ass. Sofia lays face down with arms bound behind back.
[18:40:56.540] [11964] [I] [SkyrimNet_SexLab_Scene.GetThreadObj] sid:0 --- thread.IsVictim Sofia
[18:40:56.540] [11964] [I] [SkyrimNet_SexLab_Scene.GetThreadObj] sid:0 --- thread.IsVictim Grommok the Bruiser
[18:40:56.540] [11964] [I] [SkyrimNet_SexLab_Scene.GetLocation] sid:0 --- enter
[18:40:56.540] [11964] [I] [SkyrimNet_SexLab_Scene.GetLocation] sid:0 --- thread.BedTypeId
[18:40:56.543] [12528] [I] [SkyrimNet_SexLab_Scene.GetLocation] sid:0 --- thread.Animation
[18:40:56.543] [12528] [I] [SkyrimNet_SexLab_Scene.GetLocation] sid:0 --- return Loc
[18:40:56.543] [12528] [I] [SkyrimNet_SexLab_Scene.GetThreadObj] sid:0 --- return thread_obj
[18:40:56.543] [12528] [I] [SkyrimNet_SexLab_Scene_Manager.GetThreadsJson] {
  "_counter": "30",
  "_threads": [
    {
      "_active": 1,
      "_Actors": [
        {
          "_arousal": -1,
          "_assailant": 0,
          "_creature_description": "",
          "_dom_slave": 0,
          "_enjoyment": 0,
          "_formid": "20",
          "_has_penis": 0,
          "_has_pussy": 1,
          "_is_hermaphrodiate": 0,
          "_name": "Sofia",
          "_no_orgasm": 0,
          "_notice_level": "Nothing",
          "_speaking_modifiers": [
            "_pleasure_"
          ],
          "_total_orgasm": 0,
          "_uuid": "3944757940392895572",
          "_victim": 1,
          "_wearing_strapon": 0
        },
        {
          "_arousal": -1,
          "_assailant": 1,
          "_creature_description": "",
          "_dom_slave": 0,
          "_enjoyment": 0,
          "_formid": "1258294629",
          "_has_penis": 1,
          "_has_pussy": 0,
          "_is_hermaphrodiate": 0,
          "_name": "Grommok the Bruiser",
          "_no_orgasm": 0,
          "_notice_level": "Nothing",
          "_speaking_modifiers": [
            "_pleasure_"
          ],
          "_total_orgasm": 0,
          "_uuid": "2506715065195416185",
          "_victim": 0,
          "_wearing_strapon": 0
        }
      ],
      "_description": "Grommok the Bruiser has hands to both sides of Sofia, uses legs to pull Sofia's legs apart, and allowing long deep fucks into Sofia's ass. Sofia lays face down with arms bound behind back.",
      "_location": "the floor ",
      "_names": [
        "Sofia",
        "Grommok the Bruiser"
      ],
      "_speaker_distance": 0.0,
      "_speaker_los": 1,
      "_speaker_name": "Grommok the Bruiser",
      "_status": "active",
      "_style": "normally",
      "_victims": [
        "Sofia"
      ]
    }
  ]
}
[18:40:56.547] [25776] [I] [SkyrimNet_SexLab_Scene.GetThread] sid:0 --- enter
[18:40:56.547] [25776] [I] [SkyrimNet_SexLab_Scene.GetThread] sid:0 --- return Thread
[18:40:56.547] [25776] [I] [SkyrimNet_SexLab_Scene.GetThreadActive] sid:0 --- enter
[18:40:56.547] [25776] [I] [SkyrimNet_SexLab_Scene.GetThreadActive] sid:0 --- thread.GetState()
[18:40:56.547] [25776] [I] [SkyrimNet_SexLab_Scene.GetThreadActive] sid:0 --- thread.GetState() returned Animating
[18:40:56.547] [25776] [I] [SkyrimNet_SexLab_Scene.GetThreadActive] sid:0 --- return TRUE
[18:40:56.548] [25776] [I] [SkyrimNet_SexLab_Scene.GetThreadObj] sid:0 --- enter speaker:Orgnar
[18:40:56.548] [25776] [I] [SkyrimNet_SexLab_Scene.AlignActors] sid:0 --- enter
[18:40:56.548] [25776] [I] [SkyrimNet_SexLab_Scene.AlignActors] sid:0 --- thread.positions.length
[18:40:56.548] [25776] [I] [SkyrimNet_SexLab_Scene.EnsureActorArraysLargeEnough] sid:0 --- enter size:2
[18:40:56.548] [25776] [I] [SkyrimNet_SexLab_Scene.EnsureActorArraysLargeEnough] sid:0 --- return Void
[18:40:56.548] [25776] [I] [SkyrimNet_SexLab_Scene.UpdateActor] sid:0 --- enter i:0 akActor:Sofia
[18:40:56.548] [25776] [I] [SkyrimNet_SexLab_Scene.GetObjFromActor] sid:0 --- enter akActor:Sofia
[18:40:56.548] [25776] [I] [SkyrimNet_SexLab_Scene.GetObjFromActor] sid:0 --- return StorageUtil.GetIntValue(akActor, storage_obj_key, 0)
[18:40:56.548] [25776] [I] [SkyrimNet_SexLab_Scene.UpdateActor] sid:0 --- return Changed
[18:40:56.548] [25776] [I] [SkyrimNet_SexLab_Scene.UpdateActor] sid:0 --- enter i:1 akActor:Grommok the Bruiser
[18:40:56.548] [25776] [I] [SkyrimNet_SexLab_Scene.GetObjFromActor] sid:0 --- enter akActor:Grommok the Bruiser
[18:40:56.548] [25776] [I] [SkyrimNet_SexLab_Scene.GetObjFromActor] sid:0 --- return StorageUtil.GetIntValue(akActor, storage_obj_key, 0)
[18:40:56.548] [25776] [I] [SkyrimNet_SexLab_Scene.UpdateActor] sid:0 --- return Changed
[18:40:56.548] [25776] [I] [SkyrimNet_SexLab_Scene.ReconcileVictimFactions] sid:0 --- enter
[18:40:56.548] [25776] [I] [SkyrimNet_SexLab_Scene.ReconcileVictimFactions] sid:0 --- thread.IsVictim Sofia
[18:40:56.548] [25776] [I] [SkyrimNet_SexLab_Scene.ReconcileVictimFactions] sid:0 --- thread.IsVictim Grommok the Bruiser
[18:40:56.548] [25776] [I] [SkyrimNet_SexLab_Scene.ReconcileVictimFactions] sid:0 --- end
[18:40:56.548] [25776] [I] [SkyrimNet_SexLab_Scene.AlignActors] sid:0 --- end
[18:40:56.548] [25776] [I] [SkyrimNet_SexLab_Scene.UpdateActor] sid:0 --- enter i:0 akActor:Sofia
[18:40:56.548] [25776] [I] [SkyrimNet_SexLab_Scene.GetObjFromActor] sid:0 --- enter akActor:Sofia
[18:40:56.548] [25776] [I] [SkyrimNet_SexLab_Scene.GetObjFromActor] sid:0 --- return StorageUtil.GetIntValue(akActor, storage_obj_key, 0)
[18:40:56.548] [25776] [I] [SkyrimNet_SexLab_Scene.UpdateActor] sid:0 --- return Changed
[18:40:56.548] [25776] [I] [SkyrimNet_SexLab_Scene.UpdateActor] sid:0 --- enter i:1 akActor:Grommok the Bruiser
[18:40:56.548] [25776] [I] [SkyrimNet_SexLab_Scene.GetObjFromActor] sid:0 --- enter akActor:Grommok the Bruiser
[18:40:56.548] [25776] [I] [SkyrimNet_SexLab_Scene.GetObjFromActor] sid:0 --- return StorageUtil.GetIntValue(akActor, storage_obj_key, 0)
[18:40:56.548] [25776] [I] [SkyrimNet_SexLab_Scene.UpdateActor] sid:0 --- return Changed
[18:40:56.548] [25776] [I] [SkyrimNet_SexLab_Scene.GetThreadActive] sid:0 --- enter
[18:40:56.548] [25776] [I] [SkyrimNet_SexLab_Scene.GetThreadActive] sid:0 --- thread.GetState()
[18:40:56.548] [25776] [I] [SkyrimNet_SexLab_Scene.GetThreadActive] sid:0 --- thread.GetState() returned Animating
[18:40:56.548] [25776] [I] [SkyrimNet_SexLab_Scene.GetThreadActive] sid:0 --- return TRUE
[18:40:56.548] [25776] [I] [SkyrimNet_SexLab_Scene.GetDescription] sid:0 --- enter
[18:40:56.549] [25776] [I] [skyrimnet_sexlab_stages.GetAnim_Info] loading: Data/SKSE/Plugins/SkyrimNet_SexLab/animations/GoodProvider/Leito Bound Anal Rear Entry.json
[18:40:56.550] [25776] [I] [skyrimnet_sexlab_stages.AddActorDescriptionActors] Version2.0 Actors:Sofia and Grommok the Bruiser desc:{{sl.actors.1}} has hands to both sides of {{sl.actors.0}}, uses legs to pull {{sl.actors.0}}'s legs apart, and allowing long deep fucks into {{sl.actors.0}}'s ass. {{sl.actors.0}} lays face down with arms bound behind back.
[18:40:56.550] [25776] [I] [skyrimnet_sexlab_stages.AddActorDescriptionActors] json: {"actors":["Sofia","Grommok the Bruiser"]} desc: {{sl.actors.1}} has hands to both sides of {{sl.actors.0}}, uses legs to pull {{sl.actors.0}}'s legs apart, and allowing long deep fucks into {{sl.actors.0}}'s ass. {{sl.actors.0}} lays face down with arms bound behind back. result: Grommok the Bruiser has hands to both sides of Sofia, uses legs to pull Sofia's legs apart, and allowing long deep fucks into Sofia's ass. Sofia lays face down with arms bound behind back.
[18:40:56.550] [25776] [I] [SkyrimNet_SexLab_Scene.GetThreadObj] sid:0 --- thread.IsVictim Sofia
[18:40:56.550] [25776] [I] [SkyrimNet_SexLab_Scene.GetThreadObj] sid:0 --- thread.IsVictim Grommok the Bruiser
[18:40:56.550] [25776] [I] [SkyrimNet_SexLab_Scene.GetLocation] sid:0 --- enter
[18:40:56.550] [25776] [I] [SkyrimNet_SexLab_Scene.GetLocation] sid:0 --- thread.BedTypeId
[18:40:56.553] [11964] [I] [SkyrimNet_SexLab_Scene.GetLocation] sid:0 --- thread.Animation
[18:40:56.553] [11964] [I] [SkyrimNet_SexLab_Scene.GetLocation] sid:0 --- return Loc
[18:40:56.553] [11964] [I] [SkyrimNet_SexLab_Scene.GetThreadObj] sid:0 --- return thread_obj
[18:40:56.553] [11964] [I] [SkyrimNet_SexLab_Scene_Manager.GetThreadsJson] {
  "_counter": "31",
  "_threads": [
    {
      "_active": 1,
      "_Actors": [
        {
          "_arousal": -1,
          "_assailant": 0,
          "_creature_description": "",
          "_dom_slave": 0,
          "_enjoyment": 0,
          "_formid": "20",
          "_has_penis": 0,
          "_has_pussy": 1,
          "_is_hermaphrodiate": 0,
          "_name": "Sofia",
          "_no_orgasm": 0,
          "_notice_level": "Nothing",
          "_speaking_modifiers": [
            "_pleasure_"
          ],
          "_total_orgasm": 0,
          "_uuid": "3944757940392895572",
          "_victim": 1,
          "_wearing_strapon": 0
        },
        {
          "_arousal": -1,
          "_assailant": 1,
          "_creature_description": "",
          "_dom_slave": 0,
          "_enjoyment": 0,
          "_formid": "1258294629",
          "_has_penis": 1,
          "_has_pussy": 0,
          "_is_hermaphrodiate": 0,
          "_name": "Grommok the Bruiser",
          "_no_orgasm": 0,
          "_notice_level": "Nothing",
          "_speaking_modifiers": [
            "_pleasure_"
          ],
          "_total_orgasm": 0,
          "_uuid": "2506715065195416185",
          "_victim": 0,
          "_wearing_strapon": 0
        }
      ],
      "_description": "Grommok the Bruiser has hands to both sides of Sofia, uses legs to pull Sofia's legs apart, and allowing long deep fucks into Sofia's ass. Sofia lays face down with arms bound behind back.",
      "_location": "the floor ",
      "_names": [
        "Sofia",
        "Grommok the Bruiser"
      ],
      "_speaker_distance": 16.031059265136719,
      "_speaker_los": 1,
      "_speaker_name": "Orgnar",
      "_status": "active",
      "_style": "normally",
      "_victims": [
        "Sofia"
      ]
    }
  ]
}
[18:40:56.557] [16432] [I] [SkyrimNet_SexLab_Scene.GetThread] sid:0 --- enter
[18:40:56.557] [16432] [I] [SkyrimNet_SexLab_Scene.GetThread] sid:0 --- return Thread
[18:40:56.557] [16432] [I] [SkyrimNet_SexLab_Scene.GetThreadActive] sid:0 --- enter
[18:40:56.557] [16432] [I] [SkyrimNet_SexLab_Scene.GetThreadActive] sid:0 --- thread.GetState()
[18:40:56.557] [16432] [I] [SkyrimNet_SexLab_Scene.GetThreadActive] sid:0 --- thread.GetState() returned Animating
[18:40:56.557] [16432] [I] [SkyrimNet_SexLab_Scene.GetThreadActive] sid:0 --- return TRUE
[18:40:56.557] [16432] [I] [SkyrimNet_SexLab_Scene.GetThreadObj] sid:0 --- enter speaker:delphine
[18:40:56.557] [16432] [I] [SkyrimNet_SexLab_Scene.AlignActors] sid:0 --- enter
[18:40:56.557] [16432] [I] [SkyrimNet_SexLab_Scene.AlignActors] sid:0 --- thread.positions.length
[18:40:56.557] [16432] [I] [SkyrimNet_SexLab_Scene.EnsureActorArraysLargeEnough] sid:0 --- enter size:2
[18:40:56.557] [16432] [I] [SkyrimNet_SexLab_Scene.EnsureActorArraysLargeEnough] sid:0 --- return Void
[18:40:56.557] [16432] [I] [SkyrimNet_SexLab_Scene.UpdateActor] sid:0 --- enter i:0 akActor:Sofia
[18:40:56.557] [16432] [I] [SkyrimNet_SexLab_Scene.GetObjFromActor] sid:0 --- enter akActor:Sofia
[18:40:56.557] [16432] [I] [SkyrimNet_SexLab_Scene.GetObjFromActor] sid:0 --- return StorageUtil.GetIntValue(akActor, storage_obj_key, 0)
[18:40:56.557] [16432] [I] [SkyrimNet_SexLab_Scene.UpdateActor] sid:0 --- return Changed
[18:40:56.557] [16432] [I] [SkyrimNet_SexLab_Scene.UpdateActor] sid:0 --- enter i:1 akActor:Grommok the Bruiser
[18:40:56.558] [16432] [I] [SkyrimNet_SexLab_Scene.GetObjFromActor] sid:0 --- enter akActor:Grommok the Bruiser
[18:40:56.558] [16432] [I] [SkyrimNet_SexLab_Scene.GetObjFromActor] sid:0 --- return StorageUtil.GetIntValue(akActor, storage_obj_key, 0)
[18:40:56.558] [16432] [I] [SkyrimNet_SexLab_Scene.UpdateActor] sid:0 --- return Changed
[18:40:56.558] [16432] [I] [SkyrimNet_SexLab_Scene.ReconcileVictimFactions] sid:0 --- enter
[18:40:56.558] [16432] [I] [SkyrimNet_SexLab_Scene.ReconcileVictimFactions] sid:0 --- thread.IsVictim Sofia
[18:40:56.558] [16432] [I] [SkyrimNet_SexLab_Scene.ReconcileVictimFactions] sid:0 --- thread.IsVictim Grommok the Bruiser
[18:40:56.558] [16432] [I] [SkyrimNet_SexLab_Scene.ReconcileVictimFactions] sid:0 --- end
[18:40:56.558] [16432] [I] [SkyrimNet_SexLab_Scene.AlignActors] sid:0 --- end
[18:40:56.558] [16432] [I] [SkyrimNet_SexLab_Scene.UpdateActor] sid:0 --- enter i:0 akActor:Sofia
[18:40:56.558] [16432] [I] [SkyrimNet_SexLab_Scene.GetObjFromActor] sid:0 --- enter akActor:Sofia
[18:40:56.558] [16432] [I] [SkyrimNet_SexLab_Scene.GetObjFromActor] sid:0 --- return StorageUtil.GetIntValue(akActor, storage_obj_key, 0)
[18:40:56.558] [16432] [I] [SkyrimNet_SexLab_Scene.UpdateActor] sid:0 --- return Changed
[18:40:56.558] [16432] [I] [SkyrimNet_SexLab_Scene.UpdateActor] sid:0 --- enter i:1 akActor:Grommok the Bruiser
[18:40:56.558] [16432] [I] [SkyrimNet_SexLab_Scene.GetObjFromActor] sid:0 --- enter akActor:Grommok the Bruiser
[18:40:56.558] [16432] [I] [SkyrimNet_SexLab_Scene.GetObjFromActor] sid:0 --- return StorageUtil.GetIntValue(akActor, storage_obj_key, 0)
[18:40:56.558] [16432] [I] [SkyrimNet_SexLab_Scene.UpdateActor] sid:0 --- return Changed
[18:40:56.558] [16432] [I] [SkyrimNet_SexLab_Scene.GetThreadActive] sid:0 --- enter
[18:40:56.558] [16432] [I] [SkyrimNet_SexLab_Scene.GetThreadActive] sid:0 --- thread.GetState()
[18:40:56.558] [16432] [I] [SkyrimNet_SexLab_Scene.GetThreadActive] sid:0 --- thread.GetState() returned Animating
[18:40:56.558] [16432] [I] [SkyrimNet_SexLab_Scene.GetThreadActive] sid:0 --- return TRUE
[18:40:56.558] [16432] [I] [SkyrimNet_SexLab_Scene.GetDescription] sid:0 --- enter
[18:40:56.559] [16432] [I] [skyrimnet_sexlab_stages.GetAnim_Info] loading: Data/SKSE/Plugins/SkyrimNet_SexLab/animations/GoodProvider/Leito Bound Anal Rear Entry.json
[18:40:56.560] [16432] [I] [skyrimnet_sexlab_stages.AddActorDescriptionActors] Version2.0 Actors:Sofia and Grommok the Bruiser desc:{{sl.actors.1}} has hands to both sides of {{sl.actors.0}}, uses legs to pull {{sl.actors.0}}'s legs apart, and allowing long deep fucks into {{sl.actors.0}}'s ass. {{sl.actors.0}} lays face down with arms bound behind back.
[18:40:56.560] [16432] [I] [skyrimnet_sexlab_stages.AddActorDescriptionActors] json: {"actors":["Sofia","Grommok the Bruiser"]} desc: {{sl.actors.1}} has hands to both sides of {{sl.actors.0}}, uses legs to pull {{sl.actors.0}}'s legs apart, and allowing long deep fucks into {{sl.actors.0}}'s ass. {{sl.actors.0}} lays face down with arms bound behind back. result: Grommok the Bruiser has hands to both sides of Sofia, uses legs to pull Sofia's legs apart, and allowing long deep fucks into Sofia's ass. Sofia lays face down with arms bound behind back.
[18:40:56.560] [16432] [I] [SkyrimNet_SexLab_Scene.GetThreadObj] sid:0 --- thread.IsVictim Sofia
[18:40:56.560] [16432] [I] [SkyrimNet_SexLab_Scene.GetThreadObj] sid:0 --- thread.IsVictim Grommok the Bruiser
[18:40:56.560] [16432] [I] [SkyrimNet_SexLab_Scene.GetLocation] sid:0 --- enter
[18:40:56.560] [16432] [I] [SkyrimNet_SexLab_Scene.GetLocation] sid:0 --- thread.BedTypeId
[18:40:56.562] [16432] [I] [SkyrimNet_SexLab_Scene.GetLocation] sid:0 --- thread.Animation
[18:40:56.562] [16432] [I] [SkyrimNet_SexLab_Scene.GetLocation] sid:0 --- return Loc
[18:40:56.562] [16432] [I] [SkyrimNet_SexLab_Scene.GetThreadObj] sid:0 --- return thread_obj
[18:40:56.563] [16432] [I] [SkyrimNet_SexLab_Scene_Manager.GetThreadsJson] {
  "_counter": "32",
  "_threads": [
    {
      "_active": 1,
      "_Actors": [
        {
          "_arousal": -1,
          "_assailant": 0,
          "_creature_description": "",
          "_dom_slave": 0,
          "_enjoyment": 0,
          "_formid": "20",
          "_has_penis": 0,
          "_has_pussy": 1,
          "_is_hermaphrodiate": 0,
          "_name": "Sofia",
          "_no_orgasm": 0,
          "_notice_level": "Nothing",
          "_speaking_modifiers": [
            "_pleasure_"
          ],
          "_total_orgasm": 0,
          "_uuid": "3944757940392895572",
          "_victim": 1,
          "_wearing_strapon": 0
        },
        {
          "_arousal": -1,
          "_assailant": 1,
          "_creature_description": "",
          "_dom_slave": 0,
          "_enjoyment": 0,
          "_formid": "1258294629",
          "_has_penis": 1,
          "_has_pussy": 0,
          "_is_hermaphrodiate": 0,
          "_name": "Grommok the Bruiser",
          "_no_orgasm": 0,
          "_notice_level": "Nothing",
          "_speaking_modifiers": [
            "_pleasure_"
          ],
          "_total_orgasm": 0,
          "_uuid": "2506715065195416185",
          "_victim": 0,
          "_wearing_strapon": 0
        }
      ],
      "_description": "Grommok the Bruiser has hands to both sides of Sofia, uses legs to pull Sofia's legs apart, and allowing long deep fucks into Sofia's ass. Sofia lays face down with arms bound behind back.",
      "_location": "the floor ",
      "_names": [
        "Sofia",
        "Grommok the Bruiser"
      ],
      "_speaker_distance": 11.566126823425293,
      "_speaker_los": 0,
      "_speaker_name": "delphine",
      "_status": "active",
      "_style": "normally",
      "_victims": [
        "Sofia"
      ]
    }
  ]
}
[18:40:56.644] [12528] [I] [skyrimnet_sexlab_decorators.Outfit_Options] Sofia has options:undresses
[18:40:56.653] [12528] [I] [skyrimnet_sexlab_decorators.Outfit_Options] Grommok the Bruiser has options:undresses
[18:40:56.672] [34276] [I] [skyrimnet_sexlab_decorators.Outfit_Options] Orgnar has options:undresses
[18:40:56.681] [34276] [I] [skyrimnet_sexlab_decorators.Outfit_Options] Daegon has options:undresses
[18:40:56.689] [16432] [I] [skyrimnet_sexlab_decorators.Outfit_Options] delphine has options:undresses
[18:40:56.700] [16432] [I] [SkyrimNet_SexLab_Scene_Manager.GetThread] Actor:Sofia
[18:40:56.701] [16432] [I] [SkyrimNet_SexLab_Scene.GetThread] sid:0 --- enter
[18:40:56.701] [16432] [I] [SkyrimNet_SexLab_Scene.GetThread] sid:0 --- return Thread
[18:40:56.710] [12528] [I] [SkyrimNet_SexLab_Scene_Manager.GetThread] Actor:Grommok the Bruiser
[18:40:56.710] [12528] [I] [SkyrimNet_SexLab_Scene.GetThread] sid:0 --- enter
[18:40:56.710] [12528] [I] [SkyrimNet_SexLab_Scene.GetThread] sid:0 --- return Thread
[18:40:56.730] [17664] [I] [SkyrimNet_SexLab_Scene_Manager.GetThread] Actor:Orgnar
[18:40:56.742] [34276] [I] [SkyrimNet_SexLab_Scene_Manager.GetThread] Actor:Daegon
[18:40:56.753] [12528] [I] [SkyrimNet_SexLab_Scene_Manager.GetThread] Actor:delphine
[18:40:56.766] [12528] [I] [SkyrimNet_SexLab_Scene_Manager.GetThread] Actor:Sofia
[18:40:56.766] [12528] [I] [SkyrimNet_SexLab_Scene.GetThread] sid:0 --- enter
[18:40:56.767] [12528] [I] [SkyrimNet_SexLab_Scene.GetThread] sid:0 --- return Thread
[18:40:56.767] [12528] [I] [SkyrimNet_SexLab_Scene.GetThread] sid:0 --- enter
[18:40:56.767] [12528] [I] [SkyrimNet_SexLab_Scene.GetThread] sid:0 --- return Thread
[18:40:56.767] [12528] [I] [SkyrimNet_SexLab_Scene.GetDescription] sid:0 --- enter
[18:40:56.768] [12528] [I] [skyrimnet_sexlab_stages.GetAnim_Info] loading: Data/SKSE/Plugins/SkyrimNet_SexLab/animations/GoodProvider/Leito Bound Anal Rear Entry.json
[18:40:56.769] [12528] [I] [skyrimnet_sexlab_stages.AddActorDescriptionActors] Version2.0 Actors:Sofia and Grommok the Bruiser desc:{{sl.actors.1}} has hands to both sides of {{sl.actors.0}}, uses legs to pull {{sl.actors.0}}'s legs apart, and allowing long deep fucks into {{sl.actors.0}}'s ass. {{sl.actors.0}} lays face down with arms bound behind back.
[18:40:56.769] [12528] [I] [skyrimnet_sexlab_stages.AddActorDescriptionActors] json: {"actors":["Sofia","Grommok the Bruiser"]} desc: {{sl.actors.1}} has hands to both sides of {{sl.actors.0}}, uses legs to pull {{sl.actors.0}}'s legs apart, and allowing long deep fucks into {{sl.actors.0}}'s ass. {{sl.actors.0}} lays face down with arms bound behind back. result: Grommok the Bruiser has hands to both sides of Sofia, uses legs to pull Sofia's legs apart, and allowing long deep fucks into Sofia's ass. Sofia lays face down with arms bound behind back.
[18:40:56.776] [16432] [I] [SkyrimNet_SexLab_Scene_Manager.GetThread] Actor:Grommok the Bruiser
[18:40:56.777] [16432] [I] [SkyrimNet_SexLab_Scene.GetThread] sid:0 --- enter
[18:40:56.777] [16432] [I] [SkyrimNet_SexLab_Scene.GetThread] sid:0 --- return Thread
[18:40:56.777] [16432] [I] [SkyrimNet_SexLab_Scene.GetThread] sid:0 --- enter
[18:40:56.777] [16432] [I] [SkyrimNet_SexLab_Scene.GetThread] sid:0 --- return Thread
[18:40:56.777] [16432] [I] [SkyrimNet_SexLab_Scene.GetDescription] sid:0 --- enter
[18:40:56.778] [16432] [I] [skyrimnet_sexlab_stages.GetAnim_Info] loading: Data/SKSE/Plugins/SkyrimNet_SexLab/animations/GoodProvider/Leito Bound Anal Rear Entry.json
[18:40:56.779] [16432] [I] [skyrimnet_sexlab_stages.AddActorDescriptionActors] Version2.0 Actors:Sofia and Grommok the Bruiser desc:{{sl.actors.1}} has hands to both sides of {{sl.actors.0}}, uses legs to pull {{sl.actors.0}}'s legs apart, and allowing long deep fucks into {{sl.actors.0}}'s ass. {{sl.actors.0}} lays face down with arms bound behind back.
[18:40:56.779] [16432] [I] [skyrimnet_sexlab_stages.AddActorDescriptionActors] json: {"actors":["Sofia","Grommok the Bruiser"]} desc: {{sl.actors.1}} has hands to both sides of {{sl.actors.0}}, uses legs to pull {{sl.actors.0}}'s legs apart, and allowing long deep fucks into {{sl.actors.0}}'s ass. {{sl.actors.0}} lays face down with arms bound behind back. result: Grommok the Bruiser has hands to both sides of Sofia, uses legs to pull Sofia's legs apart, and allowing long deep fucks into Sofia's ass. Sofia lays face down with arms bound behind back.
[18:40:56.801] [11964] [I] [SkyrimNet_SexLab_Scene_Manager.GetThread] Actor:Orgnar
[18:40:56.821] [25776] [I] [SkyrimNet_SexLab_Scene_Manager.GetThread] Actor:Daegon
[18:40:56.831] [17664] [I] [SkyrimNet_SexLab_Scene_Manager.GetThread] Actor:delphine
[18:41:02.570] [34276] [I] [SkyrimNet_SexLab_Scene.GetThread] sid:0 --- enter
[18:41:02.570] [34276] [I] [SkyrimNet_SexLab_Scene.GetThread] sid:0 --- return Thread
[18:41:02.570] [34276] [I] [SkyrimNet_SexLab_Scene.StageStart] sid:0 --- enter
[18:41:02.570] [34276] [I] [SkyrimNet_SexLab_Scene.AlignActors] sid:0 --- enter
[18:41:02.570] [34276] [I] [SkyrimNet_SexLab_Scene.AlignActors] sid:0 --- thread.positions.length
[18:41:02.570] [34276] [I] [SkyrimNet_SexLab_Scene.EnsureActorArraysLargeEnough] sid:0 --- enter size:2
[18:41:02.570] [34276] [I] [SkyrimNet_SexLab_Scene.EnsureActorArraysLargeEnough] sid:0 --- return Void
[18:41:02.570] [34276] [I] [SkyrimNet_SexLab_Scene.UpdateActor] sid:0 --- enter i:0 akActor:Sofia
[18:41:02.570] [34276] [I] [SkyrimNet_SexLab_Scene.GetObjFromActor] sid:0 --- enter akActor:Sofia
[18:41:02.570] [34276] [I] [SkyrimNet_SexLab_Scene.GetObjFromActor] sid:0 --- return StorageUtil.GetIntValue(akActor, storage_obj_key, 0)
[18:41:02.578] [25776] [I] [SkyrimNet_SexLab_Scene.UpdateActor] sid:0 --- return Changed
[18:41:02.578] [25776] [I] [SkyrimNet_SexLab_Scene.UpdateActor] sid:0 --- enter i:1 akActor:Grommok the Bruiser
[18:41:02.578] [25776] [I] [SkyrimNet_SexLab_Scene.GetObjFromActor] sid:0 --- enter akActor:Grommok the Bruiser
[18:41:02.578] [25776] [I] [SkyrimNet_SexLab_Scene.GetObjFromActor] sid:0 --- return StorageUtil.GetIntValue(akActor, storage_obj_key, 0)
[18:41:02.579] [25776] [I] [SkyrimNet_SexLab_Scene.UpdateActor] sid:0 --- return Changed
[18:41:02.579] [25776] [I] [SkyrimNet_SexLab_Scene.ReconcileVictimFactions] sid:0 --- enter
[18:41:02.579] [25776] [I] [SkyrimNet_SexLab_Scene.ReconcileVictimFactions] sid:0 --- thread.IsVictim Sofia
[18:41:02.579] [25776] [I] [SkyrimNet_SexLab_Scene.ReconcileVictimFactions] sid:0 --- thread.IsVictim Grommok the Bruiser
[18:41:02.579] [25776] [I] [SkyrimNet_SexLab_Scene.ReconcileVictimFactions] sid:0 --- end
[18:41:02.579] [25776] [I] [SkyrimNet_SexLab_Scene.AlignActors] sid:0 --- end
[18:41:02.579] [25776] [I] [SkyrimNet_SexLab_Scene.GetThread] sid:0 --- enter
[18:41:02.579] [25776] [I] [SkyrimNet_SexLab_Scene.GetThread] sid:0 --- return Thread
[18:41:02.579] [25776] [I] [SkyrimNet_SexLab_Scene.GetThreadActive] sid:0 --- enter
[18:41:02.579] [25776] [I] [SkyrimNet_SexLab_Scene.GetThreadActive] sid:0 --- thread.GetState()
[18:41:02.579] [25776] [I] [SkyrimNet_SexLab_Scene.GetThreadActive] sid:0 --- thread.GetState() returned Animating
[18:41:02.579] [25776] [I] [SkyrimNet_SexLab_Scene.GetThreadActive] sid:0 --- return TRUE
[18:41:02.579] [25776] [I] [SkyrimNet_SexLab_Scene.GetThreadObj] sid:0 --- enter speaker:delphine
[18:41:02.579] [25776] [I] [SkyrimNet_SexLab_Scene.AlignActors] sid:0 --- enter
[18:41:02.579] [25776] [I] [SkyrimNet_SexLab_Scene.AlignActors] sid:0 --- thread.positions.length
[18:41:02.579] [25776] [I] [SkyrimNet_SexLab_Scene.EnsureActorArraysLargeEnough] sid:0 --- enter size:2
[18:41:02.579] [25776] [I] [SkyrimNet_SexLab_Scene.EnsureActorArraysLargeEnough] sid:0 --- return Void
[18:41:02.579] [25776] [I] [SkyrimNet_SexLab_Scene.UpdateActor] sid:0 --- enter i:0 akActor:Sofia
[18:41:02.579] [25776] [I] [SkyrimNet_SexLab_Scene.GetObjFromActor] sid:0 --- enter akActor:Sofia
[18:41:02.579] [25776] [I] [SkyrimNet_SexLab_Scene.GetObjFromActor] sid:0 --- return StorageUtil.GetIntValue(akActor, storage_obj_key, 0)
[18:41:02.579] [25776] [I] [SkyrimNet_SexLab_Scene.UpdateActor] sid:0 --- return Changed
[18:41:02.579] [25776] [I] [SkyrimNet_SexLab_Scene.UpdateActor] sid:0 --- enter i:1 akActor:Grommok the Bruiser
[18:41:02.579] [25776] [I] [SkyrimNet_SexLab_Scene.GetObjFromActor] sid:0 --- enter akActor:Grommok the Bruiser
[18:41:02.579] [25776] [I] [SkyrimNet_SexLab_Scene.GetObjFromActor] sid:0 --- return StorageUtil.GetIntValue(akActor, storage_obj_key, 0)
[18:41:02.579] [25776] [I] [SkyrimNet_SexLab_Scene.UpdateActor] sid:0 --- return Changed
[18:41:02.579] [25776] [I] [SkyrimNet_SexLab_Scene.ReconcileVictimFactions] sid:0 --- enter
[18:41:02.579] [25776] [I] [SkyrimNet_SexLab_Scene.ReconcileVictimFactions] sid:0 --- thread.IsVictim Sofia
[18:41:02.579] [25776] [I] [SkyrimNet_SexLab_Scene.ReconcileVictimFactions] sid:0 --- thread.IsVictim Grommok the Bruiser
[18:41:02.579] [25776] [I] [SkyrimNet_SexLab_Scene.ReconcileVictimFactions] sid:0 --- end
[18:41:02.579] [25776] [I] [SkyrimNet_SexLab_Scene.AlignActors] sid:0 --- end
[18:41:02.579] [25776] [I] [SkyrimNet_SexLab_Scene.UpdateActor] sid:0 --- enter i:0 akActor:Sofia
[18:41:02.579] [25776] [I] [SkyrimNet_SexLab_Scene.GetObjFromActor] sid:0 --- enter akActor:Sofia
[18:41:02.579] [25776] [I] [SkyrimNet_SexLab_Scene.GetObjFromActor] sid:0 --- return StorageUtil.GetIntValue(akActor, storage_obj_key, 0)
[18:41:02.579] [25776] [I] [SkyrimNet_SexLab_Scene.UpdateActor] sid:0 --- return Changed
[18:41:02.580] [25776] [I] [SkyrimNet_SexLab_Scene.UpdateActor] sid:0 --- enter i:1 akActor:Grommok the Bruiser
[18:41:02.580] [25776] [I] [SkyrimNet_SexLab_Scene.GetObjFromActor] sid:0 --- enter akActor:Grommok the Bruiser
[18:41:02.580] [25776] [I] [SkyrimNet_SexLab_Scene.GetObjFromActor] sid:0 --- return StorageUtil.GetIntValue(akActor, storage_obj_key, 0)
[18:41:02.580] [25776] [I] [SkyrimNet_SexLab_Scene.UpdateActor] sid:0 --- return Changed
[18:41:02.580] [25776] [I] [SkyrimNet_SexLab_Scene.GetThreadActive] sid:0 --- enter
[18:41:02.580] [25776] [I] [SkyrimNet_SexLab_Scene.GetThreadActive] sid:0 --- thread.GetState()
[18:41:02.580] [25776] [I] [SkyrimNet_SexLab_Scene.GetThreadActive] sid:0 --- thread.GetState() returned Animating
[18:41:02.580] [25776] [I] [SkyrimNet_SexLab_Scene.GetThreadActive] sid:0 --- return TRUE
[18:41:02.580] [25776] [I] [SkyrimNet_SexLab_Scene.GetDescription] sid:0 --- enter
[18:41:02.581] [25776] [I] [skyrimnet_sexlab_stages.GetAnim_Info] loading: Data/SKSE/Plugins/SkyrimNet_SexLab/animations/GoodProvider/Leito Bound Anal Rear Entry.json
[18:41:02.583] [25776] [I] [skyrimnet_sexlab_stages.AddActorDescriptionActors] Version2.0 Actors:Sofia and Grommok the Bruiser desc:{{sl.actors.1}} has hands to both sides of {{sl.actors.0}}, uses legs to pull {{sl.actors.0}}'s legs apart, pulls {{sl.actors.0}} back by the throat, and allowing long deep fucks into {{sl.actors.0}}'s ass. {{sl.actors.0}} lays face down with arms bound behind back and back painfully bent back.
[18:41:02.583] [25776] [I] [skyrimnet_sexlab_stages.AddActorDescriptionActors] json: {"actors":["Sofia","Grommok the Bruiser"]} desc: {{sl.actors.1}} has hands to both sides of {{sl.actors.0}}, uses legs to pull {{sl.actors.0}}'s legs apart, pulls {{sl.actors.0}} back by the throat, and allowing long deep fucks into {{sl.actors.0}}'s ass. {{sl.actors.0}} lays face down with arms bound behind back and back painfully bent back. result: Grommok the Bruiser has hands to both sides of Sofia, uses legs to pull Sofia's legs apart, pulls Sofia back by the throat, and allowing long deep fucks into Sofia's ass. Sofia lays face down with arms bound behind back and back painfully bent back.
[18:41:02.583] [25776] [I] [SkyrimNet_SexLab_Scene.GetThreadObj] sid:0 --- thread.IsVictim Sofia
[18:41:02.583] [25776] [I] [SkyrimNet_SexLab_Scene.GetThreadObj] sid:0 --- thread.IsVictim Grommok the Bruiser
[18:41:02.583] [25776] [I] [SkyrimNet_SexLab_Scene.GetLocation] sid:0 --- enter
[18:41:02.583] [25776] [I] [SkyrimNet_SexLab_Scene.GetLocation] sid:0 --- thread.BedTypeId
[18:41:02.583] [25776] [I] [SkyrimNet_SexLab_Scene.GetLocation] sid:0 --- thread.Animation
[18:41:02.583] [25776] [I] [SkyrimNet_SexLab_Scene.GetLocation] sid:0 --- return Loc
[18:41:02.583] [25776] [I] [SkyrimNet_SexLab_Scene.GetThreadObj] sid:0 --- return thread_obj
[18:41:02.584] [25776] [I] [SkyrimNet_SexLab_Scene_Manager.GetThreadsJson] {
  "_counter": "33",
  "_threads": [
    {
      "_active": 1,
      "_Actors": [
        {
          "_arousal": -1,
          "_assailant": 0,
          "_creature_description": "",
          "_dom_slave": 0,
          "_enjoyment": 0,
          "_formid": "20",
          "_has_penis": 0,
          "_has_pussy": 1,
          "_is_hermaphrodiate": 0,
          "_name": "Sofia",
          "_no_orgasm": 0,
          "_notice_level": "Nothing",
          "_speaking_modifiers": [
            "_pleasure_"
          ],
          "_total_orgasm": 0,
          "_uuid": "3944757940392895572",
          "_victim": 1,
          "_wearing_strapon": 0
        },
        {
          "_arousal": -1,
          "_assailant": 1,
          "_creature_description": "",
          "_dom_slave": 0,
          "_enjoyment": 0,
          "_formid": "1258294629",
          "_has_penis": 1,
          "_has_pussy": 0,
          "_is_hermaphrodiate": 0,
          "_name": "Grommok the Bruiser",
          "_no_orgasm": 0,
          "_notice_level": "Nothing",
          "_speaking_modifiers": [
            "_pleasure_"
          ],
          "_total_orgasm": 0,
          "_uuid": "2506715065195416185",
          "_victim": 0,
          "_wearing_strapon": 0
        }
      ],
      "_description": "Grommok the Bruiser has hands to both sides of Sofia, uses legs to pull Sofia's legs apart, pulls Sofia back by the throat, and allowing long deep fucks into Sofia's ass. Sofia lays face down with arms bound behind back and back painfully bent back.",
      "_location": "the floor ",
      "_names": [
        "Sofia",
        "Grommok the Bruiser"
      ],
      "_speaker_distance": 11.566126823425293,
      "_speaker_los": 0,
      "_speaker_name": "delphine",
      "_status": "active",
      "_style": "normally",
      "_victims": [
        "Sofia"
      ]
    }
  ]
}
[18:41:02.584] [25776] [I] [SkyrimNet_SexLab_Scene.GetDescription] sid:0 --- enter
[18:41:02.585] [25776] [I] [skyrimnet_sexlab_stages.GetAnim_Info] loading: Data/SKSE/Plugins/SkyrimNet_SexLab/animations/GoodProvider/Leito Bound Anal Rear Entry.json
[18:41:02.585] [25776] [I] [skyrimnet_sexlab_stages.AddActorDescriptionActors] Version2.0 Actors:Sofia and Grommok the Bruiser desc:{{sl.actors.1}} has hands to both sides of {{sl.actors.0}}, uses legs to pull {{sl.actors.0}}'s legs apart, pulls {{sl.actors.0}} back by the throat, and allowing long deep fucks into {{sl.actors.0}}'s ass. {{sl.actors.0}} lays face down with arms bound behind back and back painfully bent back.
[18:41:02.588] [17664] [I] [skyrimnet_sexlab_stages.AddActorDescriptionActors] json: {"actors":["Sofia","Grommok the Bruiser"]} desc: {{sl.actors.1}} has hands to both sides of {{sl.actors.0}}, uses legs to pull {{sl.actors.0}}'s legs apart, pulls {{sl.actors.0}} back by the throat, and allowing long deep fucks into {{sl.actors.0}}'s ass. {{sl.actors.0}} lays face down with arms bound behind back and back painfully bent back. result: Grommok the Bruiser has hands to both sides of Sofia, uses legs to pull Sofia's legs apart, pulls Sofia back by the throat, and allowing long deep fucks into Sofia's ass. Sofia lays face down with arms bound behind back and back painfully bent back.
[18:41:02.607] [34276] [I] [skyrimnet_sexlab_utilities.DirectNarration_Optional] type:Event msg:Scene changes to Grommok the Bruiser has hands to both sides of Sofia, uses legs to pull Sofia's legs apart, pulls Sofia back by the throat, and allowing long deep fucks into Sofia's ass. Sofia lays face down with arms bound behind back and back painfully bent back. source:Grommok the Bruiser target:Sofia
[18:41:02.607] [34276] [I] [SkyrimNet_SexLab_Scene.StageStart] sid:0 --- end
[18:41:03.693] [12528] [I] [SkyrimNet_SexLab_Scene.GetThread] sid:0 --- enter
[18:41:03.694] [12528] [I] [SkyrimNet_SexLab_Scene.GetThread] sid:0 --- return Thread
[18:41:03.694] [12528] [I] [SkyrimNet_SexLab_Scene.StageStart] sid:0 --- enter
[18:41:03.694] [12528] [I] [SkyrimNet_SexLab_Scene.AlignActors] sid:0 --- enter
[18:41:03.694] [12528] [I] [SkyrimNet_SexLab_Scene.AlignActors] sid:0 --- thread.positions.length
[18:41:03.694] [12528] [I] [SkyrimNet_SexLab_Scene.EnsureActorArraysLargeEnough] sid:0 --- enter size:2
[18:41:03.694] [12528] [I] [SkyrimNet_SexLab_Scene.EnsureActorArraysLargeEnough] sid:0 --- return Void
[18:41:03.694] [12528] [I] [SkyrimNet_SexLab_Scene.UpdateActor] sid:0 --- enter i:0 akActor:Sofia
[18:41:03.694] [12528] [I] [SkyrimNet_SexLab_Scene.GetObjFromActor] sid:0 --- enter akActor:Sofia
[18:41:03.694] [12528] [I] [SkyrimNet_SexLab_Scene.GetObjFromActor] sid:0 --- return StorageUtil.GetIntValue(akActor, storage_obj_key, 0)
[18:41:03.694] [12528] [I] [SkyrimNet_SexLab_Scene.UpdateActor] sid:0 --- return Changed
[18:41:03.694] [12528] [I] [SkyrimNet_SexLab_Scene.UpdateActor] sid:0 --- enter i:1 akActor:Grommok the Bruiser
[18:41:03.694] [12528] [I] [SkyrimNet_SexLab_Scene.GetObjFromActor] sid:0 --- enter akActor:Grommok the Bruiser
[18:41:03.694] [12528] [I] [SkyrimNet_SexLab_Scene.GetObjFromActor] sid:0 --- return StorageUtil.GetIntValue(akActor, storage_obj_key, 0)
[18:41:03.694] [12528] [I] [SkyrimNet_SexLab_Scene.UpdateActor] sid:0 --- return Changed
[18:41:03.695] [12528] [I] [SkyrimNet_SexLab_Scene.ReconcileVictimFactions] sid:0 --- enter
[18:41:03.695] [12528] [I] [SkyrimNet_SexLab_Scene.ReconcileVictimFactions] sid:0 --- thread.IsVictim Sofia
[18:41:03.695] [12528] [I] [SkyrimNet_SexLab_Scene.ReconcileVictimFactions] sid:0 --- thread.IsVictim Grommok the Bruiser
[18:41:03.695] [12528] [I] [SkyrimNet_SexLab_Scene.ReconcileVictimFactions] sid:0 --- end
[18:41:03.695] [12528] [I] [SkyrimNet_SexLab_Scene.AlignActors] sid:0 --- end
[18:41:03.695] [12528] [I] [SkyrimNet_SexLab_Scene.GetThread] sid:0 --- enter
[18:41:03.695] [12528] [I] [SkyrimNet_SexLab_Scene.GetThread] sid:0 --- return Thread
[18:41:03.695] [12528] [I] [SkyrimNet_SexLab_Scene.GetThreadActive] sid:0 --- enter
[18:41:03.695] [12528] [I] [SkyrimNet_SexLab_Scene.GetThreadActive] sid:0 --- thread.GetState()
[18:41:03.695] [12528] [I] [SkyrimNet_SexLab_Scene.GetThreadActive] sid:0 --- thread.GetState() returned Animating
[18:41:03.695] [12528] [I] [SkyrimNet_SexLab_Scene.GetThreadActive] sid:0 --- return TRUE
[18:41:03.695] [12528] [I] [SkyrimNet_SexLab_Scene.GetThreadObj] sid:0 --- enter speaker:delphine
[18:41:03.695] [12528] [I] [SkyrimNet_SexLab_Scene.AlignActors] sid:0 --- enter
[18:41:03.695] [12528] [I] [SkyrimNet_SexLab_Scene.AlignActors] sid:0 --- thread.positions.length
[18:41:03.695] [12528] [I] [SkyrimNet_SexLab_Scene.EnsureActorArraysLargeEnough] sid:0 --- enter size:2
[18:41:03.695] [12528] [I] [SkyrimNet_SexLab_Scene.EnsureActorArraysLargeEnough] sid:0 --- return Void
[18:41:03.695] [12528] [I] [SkyrimNet_SexLab_Scene.UpdateActor] sid:0 --- enter i:0 akActor:Sofia
[18:41:03.695] [12528] [I] [SkyrimNet_SexLab_Scene.GetObjFromActor] sid:0 --- enter akActor:Sofia
[18:41:03.695] [12528] [I] [SkyrimNet_SexLab_Scene.GetObjFromActor] sid:0 --- return StorageUtil.GetIntValue(akActor, storage_obj_key, 0)
[18:41:03.695] [12528] [I] [SkyrimNet_SexLab_Scene.UpdateActor] sid:0 --- return Changed
[18:41:03.695] [12528] [I] [SkyrimNet_SexLab_Scene.UpdateActor] sid:0 --- enter i:1 akActor:Grommok the Bruiser
[18:41:03.695] [12528] [I] [SkyrimNet_SexLab_Scene.GetObjFromActor] sid:0 --- enter akActor:Grommok the Bruiser
[18:41:03.695] [12528] [I] [SkyrimNet_SexLab_Scene.GetObjFromActor] sid:0 --- return StorageUtil.GetIntValue(akActor, storage_obj_key, 0)
[18:41:03.695] [12528] [I] [SkyrimNet_SexLab_Scene.UpdateActor] sid:0 --- return Changed
[18:41:03.695] [12528] [I] [SkyrimNet_SexLab_Scene.ReconcileVictimFactions] sid:0 --- enter
[18:41:03.695] [12528] [I] [SkyrimNet_SexLab_Scene.ReconcileVictimFactions] sid:0 --- thread.IsVictim Sofia
[18:41:03.695] [12528] [I] [SkyrimNet_SexLab_Scene.ReconcileVictimFactions] sid:0 --- thread.IsVictim Grommok the Bruiser
[18:41:03.695] [12528] [I] [SkyrimNet_SexLab_Scene.ReconcileVictimFactions] sid:0 --- end
[18:41:03.695] [12528] [I] [SkyrimNet_SexLab_Scene.AlignActors] sid:0 --- end
[18:41:03.695] [12528] [I] [SkyrimNet_SexLab_Scene.UpdateActor] sid:0 --- enter i:0 akActor:Sofia
[18:41:03.695] [12528] [I] [SkyrimNet_SexLab_Scene.GetObjFromActor] sid:0 --- enter akActor:Sofia
[18:41:03.695] [12528] [I] [SkyrimNet_SexLab_Scene.GetObjFromActor] sid:0 --- return StorageUtil.GetIntValue(akActor, storage_obj_key, 0)
[18:41:03.695] [12528] [I] [SkyrimNet_SexLab_Scene.UpdateActor] sid:0 --- return Changed
[18:41:03.695] [12528] [I] [SkyrimNet_SexLab_Scene.UpdateActor] sid:0 --- enter i:1 akActor:Grommok the Bruiser
[18:41:03.695] [12528] [I] [SkyrimNet_SexLab_Scene.GetObjFromActor] sid:0 --- enter akActor:Grommok the Bruiser
[18:41:03.696] [12528] [I] [SkyrimNet_SexLab_Scene.GetObjFromActor] sid:0 --- return StorageUtil.GetIntValue(akActor, storage_obj_key, 0)
[18:41:03.696] [12528] [I] [SkyrimNet_SexLab_Scene.UpdateActor] sid:0 --- return Changed
[18:41:03.697] [25776] [I] [SkyrimNet_SexLab_Scene.GetThreadActive] sid:0 --- enter
[18:41:03.697] [25776] [I] [SkyrimNet_SexLab_Scene.GetThreadActive] sid:0 --- thread.GetState()
[18:41:03.697] [25776] [I] [SkyrimNet_SexLab_Scene.GetThreadActive] sid:0 --- thread.GetState() returned Animating
[18:41:03.697] [25776] [I] [SkyrimNet_SexLab_Scene.GetThreadActive] sid:0 --- return TRUE
[18:41:03.697] [25776] [I] [SkyrimNet_SexLab_Scene.GetDescription] sid:0 --- enter
[18:41:03.698] [25776] [I] [skyrimnet_sexlab_stages.GetAnim_Info] loading: Data/SKSE/Plugins/SkyrimNet_SexLab/animations/GoodProvider/Leito Bound Anal Rear Entry.json
[18:41:03.699] [25776] [I] [skyrimnet_sexlab_stages.AddActorDescriptionActors] Version2.0 Actors:Sofia and Grommok the Bruiser desc:{{sl.actors.1}} has hands to both sides of {{sl.actors.0}}, uses legs to pull {{sl.actors.0}}'s legs apart, pulls {{sl.actors.0}} back by the throat, and allowing long deep fucks into {{sl.actors.0}}'s ass. {{sl.actors.0}} lays face down with arms bound behind back and back painfully bent back.
[18:41:03.699] [25776] [I] [skyrimnet_sexlab_stages.AddActorDescriptionActors] json: {"actors":["Sofia","Grommok the Bruiser"]} desc: {{sl.actors.1}} has hands to both sides of {{sl.actors.0}}, uses legs to pull {{sl.actors.0}}'s legs apart, pulls {{sl.actors.0}} back by the throat, and allowing long deep fucks into {{sl.actors.0}}'s ass. {{sl.actors.0}} lays face down with arms bound behind back and back painfully bent back. result: Grommok the Bruiser has hands to both sides of Sofia, uses legs to pull Sofia's legs apart, pulls Sofia back by the throat, and allowing long deep fucks into Sofia's ass. Sofia lays face down with arms bound behind back and back painfully bent back.
[18:41:03.699] [25776] [I] [SkyrimNet_SexLab_Scene.GetThreadObj] sid:0 --- thread.IsVictim Sofia
[18:41:03.699] [25776] [I] [SkyrimNet_SexLab_Scene.GetThreadObj] sid:0 --- thread.IsVictim Grommok the Bruiser
[18:41:03.699] [25776] [I] [SkyrimNet_SexLab_Scene.GetLocation] sid:0 --- enter
[18:41:03.699] [25776] [I] [SkyrimNet_SexLab_Scene.GetLocation] sid:0 --- thread.BedTypeId
[18:41:03.699] [25776] [I] [SkyrimNet_SexLab_Scene.GetLocation] sid:0 --- thread.Animation
[18:41:03.699] [25776] [I] [SkyrimNet_SexLab_Scene.GetLocation] sid:0 --- return Loc
[18:41:03.699] [25776] [I] [SkyrimNet_SexLab_Scene.GetThreadObj] sid:0 --- return thread_obj
[18:41:03.699] [25776] [I] [SkyrimNet_SexLab_Scene_Manager.GetThreadsJson] {
  "_counter": "34",
  "_threads": [
    {
      "_active": 1,
      "_Actors": [
        {
          "_arousal": -1,
          "_assailant": 0,
          "_creature_description": "",
          "_dom_slave": 0,
          "_enjoyment": 0,
          "_formid": "20",
          "_has_penis": 0,
          "_has_pussy": 1,
          "_is_hermaphrodiate": 0,
          "_name": "Sofia",
          "_no_orgasm": 0,
          "_notice_level": "Nothing",
          "_speaking_modifiers": [
            "_pleasure_"
          ],
          "_total_orgasm": 0,
          "_uuid": "3944757940392895572",
          "_victim": 1,
          "_wearing_strapon": 0
        },
        {
          "_arousal": -1,
          "_assailant": 1,
          "_creature_description": "",
          "_dom_slave": 0,
          "_enjoyment": 0,
          "_formid": "1258294629",
          "_has_penis": 1,
          "_has_pussy": 0,
          "_is_hermaphrodiate": 0,
          "_name": "Grommok the Bruiser",
          "_no_orgasm": 0,
          "_notice_level": "Nothing",
          "_speaking_modifiers": [
            "_pleasure_"
          ],
          "_total_orgasm": 0,
          "_uuid": "2506715065195416185",
          "_victim": 0,
          "_wearing_strapon": 0
        }
      ],
      "_description": "Grommok the Bruiser has hands to both sides of Sofia, uses legs to pull Sofia's legs apart, pulls Sofia back by the throat, and allowing long deep fucks into Sofia's ass. Sofia lays face down with arms bound behind back and back painfully bent back.",
      "_location": "the floor ",
      "_names": [
        "Sofia",
        "Grommok the Bruiser"
      ],
      "_speaker_distance": 11.566126823425293,
      "_speaker_los": 0,
      "_speaker_name": "delphine",
      "_status": "active",
      "_style": "normally",
      "_victims": [
        "Sofia"
      ]
    }
  ]
}
[18:41:03.700] [25776] [I] [SkyrimNet_SexLab_Scene.GetDescription] sid:0 --- enter
[18:41:03.703] [17664] [I] [skyrimnet_sexlab_stages.GetAnim_Info] loading: Data/SKSE/Plugins/SkyrimNet_SexLab/animations/GoodProvider/Leito Bound Anal Rear Entry.json
[18:41:03.704] [17664] [I] [skyrimnet_sexlab_stages.AddActorDescriptionActors] Version2.0 Actors:Sofia and Grommok the Bruiser desc:{{sl.actors.1}} has hands to both sides of {{sl.actors.0}}, uses legs to pull {{sl.actors.0}}'s legs apart, pulls {{sl.actors.0}} back by the throat, and allowing long deep fucks into {{sl.actors.0}}'s ass. {{sl.actors.0}} lays face down with arms bound behind back and back painfully bent back.
[18:41:03.704] [17664] [I] [skyrimnet_sexlab_stages.AddActorDescriptionActors] json: {"actors":["Sofia","Grommok the Bruiser"]} desc: {{sl.actors.1}} has hands to both sides of {{sl.actors.0}}, uses legs to pull {{sl.actors.0}}'s legs apart, pulls {{sl.actors.0}} back by the throat, and allowing long deep fucks into {{sl.actors.0}}'s ass. {{sl.actors.0}} lays face down with arms bound behind back and back painfully bent back. result: Grommok the Bruiser has hands to both sides of Sofia, uses legs to pull Sofia's legs apart, pulls Sofia back by the throat, and allowing long deep fucks into Sofia's ass. Sofia lays face down with arms bound behind back and back painfully bent back.
[18:41:03.710] [34276] [I] [skyrimnet_sexlab_utilities.DirectNarration_Optional] type:dropped msg:continue activity that includes Grommok the Bruiser and Sofia source:Grommok the Bruiser target:Sofia
[18:41:03.710] [34276] [I] [SkyrimNet_SexLab_Scene.StageStart] sid:0 --- end
[18:41:05.814] [17664] [I] [SkyrimNet_SexLab_Scene.GetThread] sid:0 --- enter
[18:41:05.814] [17664] [I] [SkyrimNet_SexLab_Scene.GetThread] sid:0 --- return Thread
[18:41:05.814] [17664] [I] [SkyrimNet_SexLab_Scene.GetThreadActive] sid:0 --- enter
[18:41:05.814] [17664] [I] [SkyrimNet_SexLab_Scene.GetThreadActive] sid:0 --- thread.GetState()
[18:41:05.814] [17664] [I] [SkyrimNet_SexLab_Scene.GetThreadActive] sid:0 --- thread.GetState() returned Animating
[18:41:05.814] [17664] [I] [SkyrimNet_SexLab_Scene.GetThreadActive] sid:0 --- return TRUE
[18:41:05.814] [17664] [I] [SkyrimNet_SexLab_Scene.GetThreadObj] sid:0 --- enter speaker:Sofia
[18:41:05.814] [17664] [I] [SkyrimNet_SexLab_Scene.AlignActors] sid:0 --- enter
[18:41:05.814] [17664] [I] [SkyrimNet_SexLab_Scene.AlignActors] sid:0 --- thread.positions.length
[18:41:05.814] [17664] [I] [SkyrimNet_SexLab_Scene.EnsureActorArraysLargeEnough] sid:0 --- enter size:2
[18:41:05.814] [17664] [I] [SkyrimNet_SexLab_Scene.EnsureActorArraysLargeEnough] sid:0 --- return Void
[18:41:05.814] [17664] [I] [SkyrimNet_SexLab_Scene.UpdateActor] sid:0 --- enter i:0 akActor:Sofia
[18:41:05.814] [17664] [I] [SkyrimNet_SexLab_Scene.GetObjFromActor] sid:0 --- enter akActor:Sofia
[18:41:05.814] [17664] [I] [SkyrimNet_SexLab_Scene.GetObjFromActor] sid:0 --- return StorageUtil.GetIntValue(akActor, storage_obj_key, 0)
[18:41:05.814] [17664] [I] [SkyrimNet_SexLab_Scene.UpdateActor] sid:0 --- return Changed
[18:41:05.815] [17664] [I] [SkyrimNet_SexLab_Scene.UpdateActor] sid:0 --- enter i:1 akActor:Grommok the Bruiser
[18:41:05.815] [17664] [I] [SkyrimNet_SexLab_Scene.GetObjFromActor] sid:0 --- enter akActor:Grommok the Bruiser
[18:41:05.815] [17664] [I] [SkyrimNet_SexLab_Scene.GetObjFromActor] sid:0 --- return StorageUtil.GetIntValue(akActor, storage_obj_key, 0)
[18:41:05.815] [17664] [I] [SkyrimNet_SexLab_Scene.UpdateActor] sid:0 --- return Changed
[18:41:05.815] [17664] [I] [SkyrimNet_SexLab_Scene.ReconcileVictimFactions] sid:0 --- enter
[18:41:05.815] [17664] [I] [SkyrimNet_SexLab_Scene.ReconcileVictimFactions] sid:0 --- thread.IsVictim Sofia
[18:41:05.815] [17664] [I] [SkyrimNet_SexLab_Scene.ReconcileVictimFactions] sid:0 --- thread.IsVictim Grommok the Bruiser
[18:41:05.815] [17664] [I] [SkyrimNet_SexLab_Scene.ReconcileVictimFactions] sid:0 --- end
[18:41:05.815] [17664] [I] [SkyrimNet_SexLab_Scene.AlignActors] sid:0 --- end
[18:41:05.815] [17664] [I] [SkyrimNet_SexLab_Scene.UpdateActor] sid:0 --- enter i:0 akActor:Sofia
[18:41:05.815] [17664] [I] [SkyrimNet_SexLab_Scene.GetObjFromActor] sid:0 --- enter akActor:Sofia
[18:41:05.815] [17664] [I] [SkyrimNet_SexLab_Scene.GetObjFromActor] sid:0 --- return StorageUtil.GetIntValue(akActor, storage_obj_key, 0)
[18:41:05.815] [17664] [I] [SkyrimNet_SexLab_Scene.UpdateActor] sid:0 --- return Changed
[18:41:05.815] [17664] [I] [SkyrimNet_SexLab_Scene.UpdateActor] sid:0 --- enter i:1 akActor:Grommok the Bruiser
[18:41:05.815] [17664] [I] [SkyrimNet_SexLab_Scene.GetObjFromActor] sid:0 --- enter akActor:Grommok the Bruiser
[18:41:05.815] [17664] [I] [SkyrimNet_SexLab_Scene.GetObjFromActor] sid:0 --- return StorageUtil.GetIntValue(akActor, storage_obj_key, 0)
[18:41:05.815] [17664] [I] [SkyrimNet_SexLab_Scene.UpdateActor] sid:0 --- return Changed
[18:41:05.815] [17664] [I] [SkyrimNet_SexLab_Scene.GetThreadActive] sid:0 --- enter
[18:41:05.815] [17664] [I] [SkyrimNet_SexLab_Scene.GetThreadActive] sid:0 --- thread.GetState()
[18:41:05.815] [17664] [I] [SkyrimNet_SexLab_Scene.GetThreadActive] sid:0 --- thread.GetState() returned Animating
[18:41:05.815] [17664] [I] [SkyrimNet_SexLab_Scene.GetThreadActive] sid:0 --- return TRUE
[18:41:05.815] [17664] [I] [SkyrimNet_SexLab_Scene.GetDescription] sid:0 --- enter
[18:41:05.816] [17664] [I] [skyrimnet_sexlab_stages.GetAnim_Info] loading: Data/SKSE/Plugins/SkyrimNet_SexLab/animations/GoodProvider/Leito Bound Anal Rear Entry.json
[18:41:05.817] [17664] [I] [skyrimnet_sexlab_stages.AddActorDescriptionActors] Version2.0 Actors:Sofia and Grommok the Bruiser desc:{{sl.actors.1}} has hands to both sides of {{sl.actors.0}}, uses legs to pull {{sl.actors.0}}'s legs apart, pulls {{sl.actors.0}} back by the throat, and allowing long deep fucks into {{sl.actors.0}}'s ass. {{sl.actors.0}} lays face down with arms bound behind back and back painfully bent back.
[18:41:05.818] [17664] [I] [skyrimnet_sexlab_stages.AddActorDescriptionActors] json: {"actors":["Sofia","Grommok the Bruiser"]} desc: {{sl.actors.1}} has hands to both sides of {{sl.actors.0}}, uses legs to pull {{sl.actors.0}}'s legs apart, pulls {{sl.actors.0}} back by the throat, and allowing long deep fucks into {{sl.actors.0}}'s ass. {{sl.actors.0}} lays face down with arms bound behind back and back painfully bent back. result: Grommok the Bruiser has hands to both sides of Sofia, uses legs to pull Sofia's legs apart, pulls Sofia back by the throat, and allowing long deep fucks into Sofia's ass. Sofia lays face down with arms bound behind back and back painfully bent back.
[18:41:05.818] [17664] [I] [SkyrimNet_SexLab_Scene.GetThreadObj] sid:0 --- thread.IsVictim Sofia
[18:41:05.818] [17664] [I] [SkyrimNet_SexLab_Scene.GetThreadObj] sid:0 --- thread.IsVictim Grommok the Bruiser
[18:41:05.818] [17664] [I] [SkyrimNet_SexLab_Scene.GetLocation] sid:0 --- enter
[18:41:05.818] [17664] [I] [SkyrimNet_SexLab_Scene.GetLocation] sid:0 --- thread.BedTypeId
[18:41:05.820] [12528] [I] [SkyrimNet_SexLab_Scene.GetLocation] sid:0 --- thread.Animation
[18:41:05.820] [12528] [I] [SkyrimNet_SexLab_Scene.GetLocation] sid:0 --- return Loc
[18:41:05.821] [12528] [I] [SkyrimNet_SexLab_Scene.GetThreadObj] sid:0 --- return thread_obj
[18:41:05.821] [12528] [I] [SkyrimNet_SexLab_Scene_Manager.GetThreadsJson] {
  "_counter": "35",
  "_threads": [
    {
      "_active": 1,
      "_Actors": [
        {
          "_arousal": -1,
          "_assailant": 0,
          "_creature_description": "",
          "_dom_slave": 0,
          "_enjoyment": 0,
          "_formid": "20",
          "_has_penis": 0,
          "_has_pussy": 1,
          "_is_hermaphrodiate": 0,
          "_name": "Sofia",
          "_no_orgasm": 0,
          "_notice_level": "Nothing",
          "_speaking_modifiers": [
            "_pleasure_"
          ],
          "_total_orgasm": 0,
          "_uuid": "3944757940392895572",
          "_victim": 1,
          "_wearing_strapon": 0
        },
        {
          "_arousal": -1,
          "_assailant": 1,
          "_creature_description": "",
          "_dom_slave": 0,
          "_enjoyment": 0,
          "_formid": "1258294629",
          "_has_penis": 1,
          "_has_pussy": 0,
          "_is_hermaphrodiate": 0,
          "_name": "Grommok the Bruiser",
          "_no_orgasm": 0,
          "_notice_level": "Nothing",
          "_speaking_modifiers": [
            "_pleasure_"
          ],
          "_total_orgasm": 0,
          "_uuid": "2506715065195416185",
          "_victim": 0,
          "_wearing_strapon": 0
        }
      ],
      "_description": "Grommok the Bruiser has hands to both sides of Sofia, uses legs to pull Sofia's legs apart, pulls Sofia back by the throat, and allowing long deep fucks into Sofia's ass. Sofia lays face down with arms bound behind back and back painfully bent back.",
      "_location": "the floor ",
      "_names": [
        "Sofia",
        "Grommok the Bruiser"
      ],
      "_speaker_distance": 0.0,
      "_speaker_los": 1,
      "_speaker_name": "Sofia",
      "_status": "active",
      "_style": "normally",
      "_victims": [
        "Sofia"
      ]
    }
  ]
}
[18:41:05.824] [12528] [I] [SkyrimNet_SexLab_Scene.GetThread] sid:0 --- enter
[18:41:05.824] [12528] [I] [SkyrimNet_SexLab_Scene.GetThread] sid:0 --- return Thread
[18:41:05.824] [12528] [I] [SkyrimNet_SexLab_Scene.GetThreadActive] sid:0 --- enter
[18:41:05.824] [12528] [I] [SkyrimNet_SexLab_Scene.GetThreadActive] sid:0 --- thread.GetState()
[18:41:05.824] [12528] [I] [SkyrimNet_SexLab_Scene.GetThreadActive] sid:0 --- thread.GetState() returned Animating
[18:41:05.824] [12528] [I] [SkyrimNet_SexLab_Scene.GetThreadActive] sid:0 --- return TRUE
[18:41:05.824] [12528] [I] [SkyrimNet_SexLab_Scene.GetThreadObj] sid:0 --- enter speaker:delphine
[18:41:05.824] [12528] [I] [SkyrimNet_SexLab_Scene.AlignActors] sid:0 --- enter
[18:41:05.824] [12528] [I] [SkyrimNet_SexLab_Scene.AlignActors] sid:0 --- thread.positions.length
[18:41:05.824] [12528] [I] [SkyrimNet_SexLab_Scene.EnsureActorArraysLargeEnough] sid:0 --- enter size:2
[18:41:05.824] [12528] [I] [SkyrimNet_SexLab_Scene.EnsureActorArraysLargeEnough] sid:0 --- return Void
[18:41:05.824] [12528] [I] [SkyrimNet_SexLab_Scene.UpdateActor] sid:0 --- enter i:0 akActor:Sofia
[18:41:05.824] [12528] [I] [SkyrimNet_SexLab_Scene.GetObjFromActor] sid:0 --- enter akActor:Sofia
[18:41:05.824] [12528] [I] [SkyrimNet_SexLab_Scene.GetObjFromActor] sid:0 --- return StorageUtil.GetIntValue(akActor, storage_obj_key, 0)
[18:41:05.825] [12528] [I] [SkyrimNet_SexLab_Scene.UpdateActor] sid:0 --- return Changed
[18:41:05.825] [12528] [I] [SkyrimNet_SexLab_Scene.UpdateActor] sid:0 --- enter i:1 akActor:Grommok the Bruiser
[18:41:05.825] [12528] [I] [SkyrimNet_SexLab_Scene.GetObjFromActor] sid:0 --- enter akActor:Grommok the Bruiser
[18:41:05.825] [12528] [I] [SkyrimNet_SexLab_Scene.GetObjFromActor] sid:0 --- return StorageUtil.GetIntValue(akActor, storage_obj_key, 0)
[18:41:05.825] [12528] [I] [SkyrimNet_SexLab_Scene.UpdateActor] sid:0 --- return Changed
[18:41:05.825] [12528] [I] [SkyrimNet_SexLab_Scene.ReconcileVictimFactions] sid:0 --- enter
[18:41:05.825] [12528] [I] [SkyrimNet_SexLab_Scene.ReconcileVictimFactions] sid:0 --- thread.IsVictim Sofia
[18:41:05.825] [12528] [I] [SkyrimNet_SexLab_Scene.ReconcileVictimFactions] sid:0 --- thread.IsVictim Grommok the Bruiser
[18:41:05.825] [12528] [I] [SkyrimNet_SexLab_Scene.ReconcileVictimFactions] sid:0 --- end
[18:41:05.825] [12528] [I] [SkyrimNet_SexLab_Scene.AlignActors] sid:0 --- end
[18:41:05.825] [12528] [I] [SkyrimNet_SexLab_Scene.UpdateActor] sid:0 --- enter i:0 akActor:Sofia
[18:41:05.825] [12528] [I] [SkyrimNet_SexLab_Scene.GetObjFromActor] sid:0 --- enter akActor:Sofia
[18:41:05.825] [12528] [I] [SkyrimNet_SexLab_Scene.GetObjFromActor] sid:0 --- return StorageUtil.GetIntValue(akActor, storage_obj_key, 0)
[18:41:05.825] [12528] [I] [SkyrimNet_SexLab_Scene.UpdateActor] sid:0 --- return Changed
[18:41:05.825] [12528] [I] [SkyrimNet_SexLab_Scene.UpdateActor] sid:0 --- enter i:1 akActor:Grommok the Bruiser
[18:41:05.825] [12528] [I] [SkyrimNet_SexLab_Scene.GetObjFromActor] sid:0 --- enter akActor:Grommok the Bruiser
[18:41:05.825] [12528] [I] [SkyrimNet_SexLab_Scene.GetObjFromActor] sid:0 --- return StorageUtil.GetIntValue(akActor, storage_obj_key, 0)
[18:41:05.825] [12528] [I] [SkyrimNet_SexLab_Scene.UpdateActor] sid:0 --- return Changed
[18:41:05.825] [12528] [I] [SkyrimNet_SexLab_Scene.GetThreadActive] sid:0 --- enter
[18:41:05.825] [12528] [I] [SkyrimNet_SexLab_Scene.GetThreadActive] sid:0 --- thread.GetState()
[18:41:05.825] [12528] [I] [SkyrimNet_SexLab_Scene.GetThreadActive] sid:0 --- thread.GetState() returned Animating
[18:41:05.825] [12528] [I] [SkyrimNet_SexLab_Scene.GetThreadActive] sid:0 --- return TRUE
[18:41:05.825] [12528] [I] [SkyrimNet_SexLab_Scene.GetDescription] sid:0 --- enter
[18:41:05.826] [12528] [I] [skyrimnet_sexlab_stages.GetAnim_Info] loading: Data/SKSE/Plugins/SkyrimNet_SexLab/animations/GoodProvider/Leito Bound Anal Rear Entry.json
[18:41:05.827] [12528] [I] [skyrimnet_sexlab_stages.AddActorDescriptionActors] Version2.0 Actors:Sofia and Grommok the Bruiser desc:{{sl.actors.1}} has hands to both sides of {{sl.actors.0}}, uses legs to pull {{sl.actors.0}}'s legs apart, pulls {{sl.actors.0}} back by the throat, and allowing long deep fucks into {{sl.actors.0}}'s ass. {{sl.actors.0}} lays face down with arms bound behind back and back painfully bent back.
[18:41:05.827] [12528] [I] [skyrimnet_sexlab_stages.AddActorDescriptionActors] json: {"actors":["Sofia","Grommok the Bruiser"]} desc: {{sl.actors.1}} has hands to both sides of {{sl.actors.0}}, uses legs to pull {{sl.actors.0}}'s legs apart, pulls {{sl.actors.0}} back by the throat, and allowing long deep fucks into {{sl.actors.0}}'s ass. {{sl.actors.0}} lays face down with arms bound behind back and back painfully bent back. result: Grommok the Bruiser has hands to both sides of Sofia, uses legs to pull Sofia's legs apart, pulls Sofia back by the throat, and allowing long deep fucks into Sofia's ass. Sofia lays face down with arms bound behind back and back painfully bent back.
[18:41:05.827] [12528] [I] [SkyrimNet_SexLab_Scene.GetThreadObj] sid:0 --- thread.IsVictim Sofia
[18:41:05.827] [12528] [I] [SkyrimNet_SexLab_Scene.GetThreadObj] sid:0 --- thread.IsVictim Grommok the Bruiser
[18:41:05.827] [12528] [I] [SkyrimNet_SexLab_Scene.GetLocation] sid:0 --- enter
[18:41:05.827] [12528] [I] [SkyrimNet_SexLab_Scene.GetLocation] sid:0 --- thread.BedTypeId
[18:41:05.830] [17664] [I] [SkyrimNet_SexLab_Scene.GetLocation] sid:0 --- thread.Animation
[18:41:05.830] [17664] [I] [SkyrimNet_SexLab_Scene.GetLocation] sid:0 --- return Loc
[18:41:05.830] [17664] [I] [SkyrimNet_SexLab_Scene.GetThreadObj] sid:0 --- return thread_obj
[18:41:05.830] [17664] [I] [SkyrimNet_SexLab_Scene_Manager.GetThreadsJson] {
  "_counter": "36",
  "_threads": [
    {
      "_active": 1,
      "_Actors": [
        {
          "_arousal": -1,
          "_assailant": 0,
          "_creature_description": "",
          "_dom_slave": 0,
          "_enjoyment": 0,
          "_formid": "20",
          "_has_penis": 0,
          "_has_pussy": 1,
          "_is_hermaphrodiate": 0,
          "_name": "Sofia",
          "_no_orgasm": 0,
          "_notice_level": "Nothing",
          "_speaking_modifiers": [
            "_pleasure_"
          ],
          "_total_orgasm": 0,
          "_uuid": "3944757940392895572",
          "_victim": 1,
          "_wearing_strapon": 0
        },
        {
          "_arousal": -1,
          "_assailant": 1,
          "_creature_description": "",
          "_dom_slave": 0,
          "_enjoyment": 0,
          "_formid": "1258294629",
          "_has_penis": 1,
          "_has_pussy": 0,
          "_is_hermaphrodiate": 0,
          "_name": "Grommok the Bruiser",
          "_no_orgasm": 0,
          "_notice_level": "Nothing",
          "_speaking_modifiers": [
            "_pleasure_"
          ],
          "_total_orgasm": 0,
          "_uuid": "2506715065195416185",
          "_victim": 0,
          "_wearing_strapon": 0
        }
      ],
      "_description": "Grommok the Bruiser has hands to both sides of Sofia, uses legs to pull Sofia's legs apart, pulls Sofia back by the throat, and allowing long deep fucks into Sofia's ass. Sofia lays face down with arms bound behind back and back painfully bent back.",
      "_location": "the floor ",
      "_names": [
        "Sofia",
        "Grommok the Bruiser"
      ],
      "_speaker_distance": 11.566126823425293,
      "_speaker_los": 0,
      "_speaker_name": "delphine",
      "_status": "active",
      "_style": "normally",
      "_victims": [
        "Sofia"
      ]
    }
  ]
}
[18:41:05.834] [25776] [I] [SkyrimNet_SexLab_Scene.GetThread] sid:0 --- enter
[18:41:05.834] [25776] [I] [SkyrimNet_SexLab_Scene.GetThread] sid:0 --- return Thread
[18:41:05.834] [25776] [I] [SkyrimNet_SexLab_Scene.GetThreadActive] sid:0 --- enter
[18:41:05.834] [25776] [I] [SkyrimNet_SexLab_Scene.GetThreadActive] sid:0 --- thread.GetState()
[18:41:05.834] [25776] [I] [SkyrimNet_SexLab_Scene.GetThreadActive] sid:0 --- thread.GetState() returned Animating
[18:41:05.834] [25776] [I] [SkyrimNet_SexLab_Scene.GetThreadActive] sid:0 --- return TRUE
[18:41:05.834] [25776] [I] [SkyrimNet_SexLab_Scene.GetThreadObj] sid:0 --- enter speaker:Daegon
[18:41:05.834] [25776] [I] [SkyrimNet_SexLab_Scene.AlignActors] sid:0 --- enter
[18:41:05.834] [25776] [I] [SkyrimNet_SexLab_Scene.AlignActors] sid:0 --- thread.positions.length
[18:41:05.834] [25776] [I] [SkyrimNet_SexLab_Scene.EnsureActorArraysLargeEnough] sid:0 --- enter size:2
[18:41:05.834] [25776] [I] [SkyrimNet_SexLab_Scene.EnsureActorArraysLargeEnough] sid:0 --- return Void
[18:41:05.834] [25776] [I] [SkyrimNet_SexLab_Scene.UpdateActor] sid:0 --- enter i:0 akActor:Sofia
[18:41:05.834] [25776] [I] [SkyrimNet_SexLab_Scene.GetObjFromActor] sid:0 --- enter akActor:Sofia
[18:41:05.834] [25776] [I] [SkyrimNet_SexLab_Scene.GetObjFromActor] sid:0 --- return StorageUtil.GetIntValue(akActor, storage_obj_key, 0)
[18:41:05.835] [25776] [I] [SkyrimNet_SexLab_Scene.UpdateActor] sid:0 --- return Changed
[18:41:05.835] [25776] [I] [SkyrimNet_SexLab_Scene.UpdateActor] sid:0 --- enter i:1 akActor:Grommok the Bruiser
[18:41:05.835] [25776] [I] [SkyrimNet_SexLab_Scene.GetObjFromActor] sid:0 --- enter akActor:Grommok the Bruiser
[18:41:05.835] [25776] [I] [SkyrimNet_SexLab_Scene.GetObjFromActor] sid:0 --- return StorageUtil.GetIntValue(akActor, storage_obj_key, 0)
[18:41:05.835] [25776] [I] [SkyrimNet_SexLab_Scene.UpdateActor] sid:0 --- return Changed
[18:41:05.835] [25776] [I] [SkyrimNet_SexLab_Scene.ReconcileVictimFactions] sid:0 --- enter
[18:41:05.835] [25776] [I] [SkyrimNet_SexLab_Scene.ReconcileVictimFactions] sid:0 --- thread.IsVictim Sofia
[18:41:05.835] [25776] [I] [SkyrimNet_SexLab_Scene.ReconcileVictimFactions] sid:0 --- thread.IsVictim Grommok the Bruiser
[18:41:05.835] [25776] [I] [SkyrimNet_SexLab_Scene.ReconcileVictimFactions] sid:0 --- end
[18:41:05.835] [25776] [I] [SkyrimNet_SexLab_Scene.AlignActors] sid:0 --- end
[18:41:05.835] [25776] [I] [SkyrimNet_SexLab_Scene.UpdateActor] sid:0 --- enter i:0 akActor:Sofia
[18:41:05.835] [25776] [I] [SkyrimNet_SexLab_Scene.GetObjFromActor] sid:0 --- enter akActor:Sofia
[18:41:05.835] [25776] [I] [SkyrimNet_SexLab_Scene.GetObjFromActor] sid:0 --- return StorageUtil.GetIntValue(akActor, storage_obj_key, 0)
[18:41:05.835] [25776] [I] [SkyrimNet_SexLab_Scene.UpdateActor] sid:0 --- return Changed
[18:41:05.835] [25776] [I] [SkyrimNet_SexLab_Scene.UpdateActor] sid:0 --- enter i:1 akActor:Grommok the Bruiser
[18:41:05.835] [25776] [I] [SkyrimNet_SexLab_Scene.GetObjFromActor] sid:0 --- enter akActor:Grommok the Bruiser
[18:41:05.835] [25776] [I] [SkyrimNet_SexLab_Scene.GetObjFromActor] sid:0 --- return StorageUtil.GetIntValue(akActor, storage_obj_key, 0)
[18:41:05.835] [25776] [I] [SkyrimNet_SexLab_Scene.UpdateActor] sid:0 --- return Changed
[18:41:05.835] [25776] [I] [SkyrimNet_SexLab_Scene.GetThreadActive] sid:0 --- enter
[18:41:05.835] [25776] [I] [SkyrimNet_SexLab_Scene.GetThreadActive] sid:0 --- thread.GetState()
[18:41:05.835] [25776] [I] [SkyrimNet_SexLab_Scene.GetThreadActive] sid:0 --- thread.GetState() returned Animating
[18:41:05.835] [25776] [I] [SkyrimNet_SexLab_Scene.GetThreadActive] sid:0 --- return TRUE
[18:41:05.835] [25776] [I] [SkyrimNet_SexLab_Scene.GetDescription] sid:0 --- enter
[18:41:05.836] [25776] [I] [skyrimnet_sexlab_stages.GetAnim_Info] loading: Data/SKSE/Plugins/SkyrimNet_SexLab/animations/GoodProvider/Leito Bound Anal Rear Entry.json
[18:41:05.837] [25776] [I] [skyrimnet_sexlab_stages.AddActorDescriptionActors] Version2.0 Actors:Sofia and Grommok the Bruiser desc:{{sl.actors.1}} has hands to both sides of {{sl.actors.0}}, uses legs to pull {{sl.actors.0}}'s legs apart, pulls {{sl.actors.0}} back by the throat, and allowing long deep fucks into {{sl.actors.0}}'s ass. {{sl.actors.0}} lays face down with arms bound behind back and back painfully bent back.
[18:41:05.837] [25776] [I] [skyrimnet_sexlab_stages.AddActorDescriptionActors] json: {"actors":["Sofia","Grommok the Bruiser"]} desc: {{sl.actors.1}} has hands to both sides of {{sl.actors.0}}, uses legs to pull {{sl.actors.0}}'s legs apart, pulls {{sl.actors.0}} back by the throat, and allowing long deep fucks into {{sl.actors.0}}'s ass. {{sl.actors.0}} lays face down with arms bound behind back and back painfully bent back. result: Grommok the Bruiser has hands to both sides of Sofia, uses legs to pull Sofia's legs apart, pulls Sofia back by the throat, and allowing long deep fucks into Sofia's ass. Sofia lays face down with arms bound behind back and back painfully bent back.
[18:41:05.837] [25776] [I] [SkyrimNet_SexLab_Scene.GetThreadObj] sid:0 --- thread.IsVictim Sofia
[18:41:05.837] [25776] [I] [SkyrimNet_SexLab_Scene.GetThreadObj] sid:0 --- thread.IsVictim Grommok the Bruiser
[18:41:05.837] [25776] [I] [SkyrimNet_SexLab_Scene.GetLocation] sid:0 --- enter
[18:41:05.837] [25776] [I] [SkyrimNet_SexLab_Scene.GetLocation] sid:0 --- thread.BedTypeId
[18:41:05.840] [25776] [I] [SkyrimNet_SexLab_Scene.GetLocation] sid:0 --- thread.Animation
[18:41:05.840] [25776] [I] [SkyrimNet_SexLab_Scene.GetLocation] sid:0 --- return Loc
[18:41:05.840] [25776] [I] [SkyrimNet_SexLab_Scene.GetThreadObj] sid:0 --- return thread_obj
[18:41:05.841] [25776] [I] [SkyrimNet_SexLab_Scene_Manager.GetThreadsJson] {
  "_counter": "37",
  "_threads": [
    {
      "_active": 1,
      "_Actors": [
        {
          "_arousal": -1,
          "_assailant": 0,
          "_creature_description": "",
          "_dom_slave": 0,
          "_enjoyment": 0,
          "_formid": "20",
          "_has_penis": 0,
          "_has_pussy": 1,
          "_is_hermaphrodiate": 0,
          "_name": "Sofia",
          "_no_orgasm": 0,
          "_notice_level": "Nothing",
          "_speaking_modifiers": [
            "_pleasure_"
          ],
          "_total_orgasm": 0,
          "_uuid": "3944757940392895572",
          "_victim": 1,
          "_wearing_strapon": 0
        },
        {
          "_arousal": -1,
          "_assailant": 1,
          "_creature_description": "",
          "_dom_slave": 0,
          "_enjoyment": 0,
          "_formid": "1258294629",
          "_has_penis": 1,
          "_has_pussy": 0,
          "_is_hermaphrodiate": 0,
          "_name": "Grommok the Bruiser",
          "_no_orgasm": 0,
          "_notice_level": "Nothing",
          "_speaking_modifiers": [
            "_pleasure_"
          ],
          "_total_orgasm": 0,
          "_uuid": "2506715065195416185",
          "_victim": 0,
          "_wearing_strapon": 0
        }
      ],
      "_description": "Grommok the Bruiser has hands to both sides of Sofia, uses legs to pull Sofia's legs apart, pulls Sofia back by the throat, and allowing long deep fucks into Sofia's ass. Sofia lays face down with arms bound behind back and back painfully bent back.",
      "_location": "the floor ",
      "_names": [
        "Sofia",
        "Grommok the Bruiser"
      ],
      "_speaker_distance": 14.115188598632812,
      "_speaker_los": 0,
      "_speaker_name": "Daegon",
      "_status": "active",
      "_style": "normally",
      "_victims": [
        "Sofia"
      ]
    }
  ]
}
[18:41:05.845] [11964] [I] [SkyrimNet_SexLab_Scene.GetThread] sid:0 --- enter
[18:41:05.845] [11964] [I] [SkyrimNet_SexLab_Scene.GetThread] sid:0 --- return Thread
[18:41:05.845] [11964] [I] [SkyrimNet_SexLab_Scene.GetThreadActive] sid:0 --- enter
[18:41:05.845] [11964] [I] [SkyrimNet_SexLab_Scene.GetThreadActive] sid:0 --- thread.GetState()
[18:41:05.845] [11964] [I] [SkyrimNet_SexLab_Scene.GetThreadActive] sid:0 --- thread.GetState() returned Animating
[18:41:05.845] [11964] [I] [SkyrimNet_SexLab_Scene.GetThreadActive] sid:0 --- return TRUE
[18:41:05.845] [11964] [I] [SkyrimNet_SexLab_Scene.GetThreadObj] sid:0 --- enter speaker:Orgnar
[18:41:05.845] [11964] [I] [SkyrimNet_SexLab_Scene.AlignActors] sid:0 --- enter
[18:41:05.845] [11964] [I] [SkyrimNet_SexLab_Scene.AlignActors] sid:0 --- thread.positions.length
[18:41:05.845] [11964] [I] [SkyrimNet_SexLab_Scene.EnsureActorArraysLargeEnough] sid:0 --- enter size:2
[18:41:05.845] [11964] [I] [SkyrimNet_SexLab_Scene.EnsureActorArraysLargeEnough] sid:0 --- return Void
[18:41:05.845] [11964] [I] [SkyrimNet_SexLab_Scene.UpdateActor] sid:0 --- enter i:0 akActor:Sofia
[18:41:05.845] [11964] [I] [SkyrimNet_SexLab_Scene.GetObjFromActor] sid:0 --- enter akActor:Sofia
[18:41:05.845] [11964] [I] [SkyrimNet_SexLab_Scene.GetObjFromActor] sid:0 --- return StorageUtil.GetIntValue(akActor, storage_obj_key, 0)
[18:41:05.845] [11964] [I] [SkyrimNet_SexLab_Scene.UpdateActor] sid:0 --- return Changed
[18:41:05.845] [11964] [I] [SkyrimNet_SexLab_Scene.UpdateActor] sid:0 --- enter i:1 akActor:Grommok the Bruiser
[18:41:05.845] [11964] [I] [SkyrimNet_SexLab_Scene.GetObjFromActor] sid:0 --- enter akActor:Grommok the Bruiser
[18:41:05.845] [11964] [I] [SkyrimNet_SexLab_Scene.GetObjFromActor] sid:0 --- return StorageUtil.GetIntValue(akActor, storage_obj_key, 0)
[18:41:05.845] [11964] [I] [SkyrimNet_SexLab_Scene.UpdateActor] sid:0 --- return Changed
[18:41:05.845] [11964] [I] [SkyrimNet_SexLab_Scene.ReconcileVictimFactions] sid:0 --- enter
[18:41:05.845] [11964] [I] [SkyrimNet_SexLab_Scene.ReconcileVictimFactions] sid:0 --- thread.IsVictim Sofia
[18:41:05.845] [11964] [I] [SkyrimNet_SexLab_Scene.ReconcileVictimFactions] sid:0 --- thread.IsVictim Grommok the Bruiser
[18:41:05.845] [11964] [I] [SkyrimNet_SexLab_Scene.ReconcileVictimFactions] sid:0 --- end
[18:41:05.845] [11964] [I] [SkyrimNet_SexLab_Scene.AlignActors] sid:0 --- end
[18:41:05.846] [11964] [I] [SkyrimNet_SexLab_Scene.UpdateActor] sid:0 --- enter i:0 akActor:Sofia
[18:41:05.846] [11964] [I] [SkyrimNet_SexLab_Scene.GetObjFromActor] sid:0 --- enter akActor:Sofia
[18:41:05.846] [11964] [I] [SkyrimNet_SexLab_Scene.GetObjFromActor] sid:0 --- return StorageUtil.GetIntValue(akActor, storage_obj_key, 0)
[18:41:05.846] [11964] [I] [SkyrimNet_SexLab_Scene.UpdateActor] sid:0 --- return Changed
[18:41:05.846] [11964] [I] [SkyrimNet_SexLab_Scene.UpdateActor] sid:0 --- enter i:1 akActor:Grommok the Bruiser
[18:41:05.846] [11964] [I] [SkyrimNet_SexLab_Scene.GetObjFromActor] sid:0 --- enter akActor:Grommok the Bruiser
[18:41:05.846] [11964] [I] [SkyrimNet_SexLab_Scene.GetObjFromActor] sid:0 --- return StorageUtil.GetIntValue(akActor, storage_obj_key, 0)
[18:41:05.846] [11964] [I] [SkyrimNet_SexLab_Scene.UpdateActor] sid:0 --- return Changed
[18:41:05.846] [11964] [I] [SkyrimNet_SexLab_Scene.GetThreadActive] sid:0 --- enter
[18:41:05.846] [11964] [I] [SkyrimNet_SexLab_Scene.GetThreadActive] sid:0 --- thread.GetState()
[18:41:05.846] [11964] [I] [SkyrimNet_SexLab_Scene.GetThreadActive] sid:0 --- thread.GetState() returned Animating
[18:41:05.846] [11964] [I] [SkyrimNet_SexLab_Scene.GetThreadActive] sid:0 --- return TRUE
[18:41:05.846] [11964] [I] [SkyrimNet_SexLab_Scene.GetDescription] sid:0 --- enter
[18:41:05.847] [11964] [I] [skyrimnet_sexlab_stages.GetAnim_Info] loading: Data/SKSE/Plugins/SkyrimNet_SexLab/animations/GoodProvider/Leito Bound Anal Rear Entry.json
[18:41:05.848] [11964] [I] [skyrimnet_sexlab_stages.AddActorDescriptionActors] Version2.0 Actors:Sofia and Grommok the Bruiser desc:{{sl.actors.1}} has hands to both sides of {{sl.actors.0}}, uses legs to pull {{sl.actors.0}}'s legs apart, pulls {{sl.actors.0}} back by the throat, and allowing long deep fucks into {{sl.actors.0}}'s ass. {{sl.actors.0}} lays face down with arms bound behind back and back painfully bent back.
[18:41:05.848] [11964] [I] [skyrimnet_sexlab_stages.AddActorDescriptionActors] json: {"actors":["Sofia","Grommok the Bruiser"]} desc: {{sl.actors.1}} has hands to both sides of {{sl.actors.0}}, uses legs to pull {{sl.actors.0}}'s legs apart, pulls {{sl.actors.0}} back by the throat, and allowing long deep fucks into {{sl.actors.0}}'s ass. {{sl.actors.0}} lays face down with arms bound behind back and back painfully bent back. result: Grommok the Bruiser has hands to both sides of Sofia, uses legs to pull Sofia's legs apart, pulls Sofia back by the throat, and allowing long deep fucks into Sofia's ass. Sofia lays face down with arms bound behind back and back painfully bent back.
[18:41:05.848] [11964] [I] [SkyrimNet_SexLab_Scene.GetThreadObj] sid:0 --- thread.IsVictim Sofia
[18:41:05.848] [11964] [I] [SkyrimNet_SexLab_Scene.GetThreadObj] sid:0 --- thread.IsVictim Grommok the Bruiser
[18:41:05.848] [11964] [I] [SkyrimNet_SexLab_Scene.GetLocation] sid:0 --- enter
[18:41:05.848] [11964] [I] [SkyrimNet_SexLab_Scene.GetLocation] sid:0 --- thread.BedTypeId
[18:41:05.851] [11964] [I] [SkyrimNet_SexLab_Scene.GetLocation] sid:0 --- thread.Animation
[18:41:05.851] [11964] [I] [SkyrimNet_SexLab_Scene.GetLocation] sid:0 --- return Loc
[18:41:05.851] [11964] [I] [SkyrimNet_SexLab_Scene.GetThreadObj] sid:0 --- return thread_obj
[18:41:05.852] [11964] [I] [SkyrimNet_SexLab_Scene_Manager.GetThreadsJson] {
  "_counter": "38",
  "_threads": [
    {
      "_active": 1,
      "_Actors": [
        {
          "_arousal": -1,
          "_assailant": 0,
          "_creature_description": "",
          "_dom_slave": 0,
          "_enjoyment": 0,
          "_formid": "20",
          "_has_penis": 0,
          "_has_pussy": 1,
          "_is_hermaphrodiate": 0,
          "_name": "Sofia",
          "_no_orgasm": 0,
          "_notice_level": "Nothing",
          "_speaking_modifiers": [
            "_pleasure_"
          ],
          "_total_orgasm": 0,
          "_uuid": "3944757940392895572",
          "_victim": 1,
          "_wearing_strapon": 0
        },
        {
          "_arousal": -1,
          "_assailant": 1,
          "_creature_description": "",
          "_dom_slave": 0,
          "_enjoyment": 0,
          "_formid": "1258294629",
          "_has_penis": 1,
          "_has_pussy": 0,
          "_is_hermaphrodiate": 0,
          "_name": "Grommok the Bruiser",
          "_no_orgasm": 0,
          "_notice_level": "Nothing",
          "_speaking_modifiers": [
            "_pleasure_"
          ],
          "_total_orgasm": 0,
          "_uuid": "2506715065195416185",
          "_victim": 0,
          "_wearing_strapon": 0
        }
      ],
      "_description": "Grommok the Bruiser has hands to both sides of Sofia, uses legs to pull Sofia's legs apart, pulls Sofia back by the throat, and allowing long deep fucks into Sofia's ass. Sofia lays face down with arms bound behind back and back painfully bent back.",
      "_location": "the floor ",
      "_names": [
        "Sofia",
        "Grommok the Bruiser"
      ],
      "_speaker_distance": 16.031059265136719,
      "_speaker_los": 1,
      "_speaker_name": "Orgnar",
      "_status": "active",
      "_style": "normally",
      "_victims": [
        "Sofia"
      ]
    }
  ]
}
[18:41:05.856] [16432] [I] [SkyrimNet_SexLab_Scene.GetThread] sid:0 --- enter
[18:41:05.856] [16432] [I] [SkyrimNet_SexLab_Scene.GetThread] sid:0 --- return Thread
[18:41:05.856] [16432] [I] [SkyrimNet_SexLab_Scene.GetThreadActive] sid:0 --- enter
[18:41:05.856] [16432] [I] [SkyrimNet_SexLab_Scene.GetThreadActive] sid:0 --- thread.GetState()
[18:41:05.856] [16432] [I] [SkyrimNet_SexLab_Scene.GetThreadActive] sid:0 --- thread.GetState() returned Animating
[18:41:05.856] [16432] [I] [SkyrimNet_SexLab_Scene.GetThreadActive] sid:0 --- return TRUE
[18:41:05.856] [16432] [I] [SkyrimNet_SexLab_Scene.GetThreadObj] sid:0 --- enter speaker:Grommok the Bruiser
[18:41:05.856] [16432] [I] [SkyrimNet_SexLab_Scene.AlignActors] sid:0 --- enter
[18:41:05.856] [16432] [I] [SkyrimNet_SexLab_Scene.AlignActors] sid:0 --- thread.positions.length
[18:41:05.856] [16432] [I] [SkyrimNet_SexLab_Scene.EnsureActorArraysLargeEnough] sid:0 --- enter size:2
[18:41:05.856] [16432] [I] [SkyrimNet_SexLab_Scene.EnsureActorArraysLargeEnough] sid:0 --- return Void
[18:41:05.856] [16432] [I] [SkyrimNet_SexLab_Scene.UpdateActor] sid:0 --- enter i:0 akActor:Sofia
[18:41:05.856] [16432] [I] [SkyrimNet_SexLab_Scene.GetObjFromActor] sid:0 --- enter akActor:Sofia
[18:41:05.856] [16432] [I] [SkyrimNet_SexLab_Scene.GetObjFromActor] sid:0 --- return StorageUtil.GetIntValue(akActor, storage_obj_key, 0)
[18:41:05.856] [16432] [I] [SkyrimNet_SexLab_Scene.UpdateActor] sid:0 --- return Changed
[18:41:05.857] [16432] [I] [SkyrimNet_SexLab_Scene.UpdateActor] sid:0 --- enter i:1 akActor:Grommok the Bruiser
[18:41:05.857] [16432] [I] [SkyrimNet_SexLab_Scene.GetObjFromActor] sid:0 --- enter akActor:Grommok the Bruiser
[18:41:05.857] [16432] [I] [SkyrimNet_SexLab_Scene.GetObjFromActor] sid:0 --- return StorageUtil.GetIntValue(akActor, storage_obj_key, 0)
[18:41:05.857] [16432] [I] [SkyrimNet_SexLab_Scene.UpdateActor] sid:0 --- return Changed
[18:41:05.857] [16432] [I] [SkyrimNet_SexLab_Scene.ReconcileVictimFactions] sid:0 --- enter
[18:41:05.857] [16432] [I] [SkyrimNet_SexLab_Scene.ReconcileVictimFactions] sid:0 --- thread.IsVictim Sofia
[18:41:05.857] [16432] [I] [SkyrimNet_SexLab_Scene.ReconcileVictimFactions] sid:0 --- thread.IsVictim Grommok the Bruiser
[18:41:05.857] [16432] [I] [SkyrimNet_SexLab_Scene.ReconcileVictimFactions] sid:0 --- end
[18:41:05.857] [16432] [I] [SkyrimNet_SexLab_Scene.AlignActors] sid:0 --- end
[18:41:05.857] [16432] [I] [SkyrimNet_SexLab_Scene.UpdateActor] sid:0 --- enter i:0 akActor:Sofia
[18:41:05.857] [16432] [I] [SkyrimNet_SexLab_Scene.GetObjFromActor] sid:0 --- enter akActor:Sofia
[18:41:05.857] [16432] [I] [SkyrimNet_SexLab_Scene.GetObjFromActor] sid:0 --- return StorageUtil.GetIntValue(akActor, storage_obj_key, 0)
[18:41:05.857] [16432] [I] [SkyrimNet_SexLab_Scene.UpdateActor] sid:0 --- return Changed
[18:41:05.857] [16432] [I] [SkyrimNet_SexLab_Scene.UpdateActor] sid:0 --- enter i:1 akActor:Grommok the Bruiser
[18:41:05.857] [16432] [I] [SkyrimNet_SexLab_Scene.GetObjFromActor] sid:0 --- enter akActor:Grommok the Bruiser
[18:41:05.857] [16432] [I] [SkyrimNet_SexLab_Scene.GetObjFromActor] sid:0 --- return StorageUtil.GetIntValue(akActor, storage_obj_key, 0)
[18:41:05.857] [16432] [I] [SkyrimNet_SexLab_Scene.UpdateActor] sid:0 --- return Changed
[18:41:05.857] [16432] [I] [SkyrimNet_SexLab_Scene.GetThreadActive] sid:0 --- enter
[18:41:05.857] [16432] [I] [SkyrimNet_SexLab_Scene.GetThreadActive] sid:0 --- thread.GetState()
[18:41:05.857] [16432] [I] [SkyrimNet_SexLab_Scene.GetThreadActive] sid:0 --- thread.GetState() returned Animating
[18:41:05.857] [16432] [I] [SkyrimNet_SexLab_Scene.GetThreadActive] sid:0 --- return TRUE
[18:41:05.857] [16432] [I] [SkyrimNet_SexLab_Scene.GetDescription] sid:0 --- enter
[18:41:05.858] [16432] [I] [skyrimnet_sexlab_stages.GetAnim_Info] loading: Data/SKSE/Plugins/SkyrimNet_SexLab/animations/GoodProvider/Leito Bound Anal Rear Entry.json
[18:41:05.859] [16432] [I] [skyrimnet_sexlab_stages.AddActorDescriptionActors] Version2.0 Actors:Sofia and Grommok the Bruiser desc:{{sl.actors.1}} has hands to both sides of {{sl.actors.0}}, uses legs to pull {{sl.actors.0}}'s legs apart, pulls {{sl.actors.0}} back by the throat, and allowing long deep fucks into {{sl.actors.0}}'s ass. {{sl.actors.0}} lays face down with arms bound behind back and back painfully bent back.
[18:41:05.860] [16432] [I] [skyrimnet_sexlab_stages.AddActorDescriptionActors] json: {"actors":["Sofia","Grommok the Bruiser"]} desc: {{sl.actors.1}} has hands to both sides of {{sl.actors.0}}, uses legs to pull {{sl.actors.0}}'s legs apart, pulls {{sl.actors.0}} back by the throat, and allowing long deep fucks into {{sl.actors.0}}'s ass. {{sl.actors.0}} lays face down with arms bound behind back and back painfully bent back. result: Grommok the Bruiser has hands to both sides of Sofia, uses legs to pull Sofia's legs apart, pulls Sofia back by the throat, and allowing long deep fucks into Sofia's ass. Sofia lays face down with arms bound behind back and back painfully bent back.
[18:41:05.860] [16432] [I] [SkyrimNet_SexLab_Scene.GetThreadObj] sid:0 --- thread.IsVictim Sofia
[18:41:05.860] [16432] [I] [SkyrimNet_SexLab_Scene.GetThreadObj] sid:0 --- thread.IsVictim Grommok the Bruiser
[18:41:05.860] [16432] [I] [SkyrimNet_SexLab_Scene.GetLocation] sid:0 --- enter
[18:41:05.860] [16432] [I] [SkyrimNet_SexLab_Scene.GetLocation] sid:0 --- thread.BedTypeId
[18:41:05.864] [12528] [I] [SkyrimNet_SexLab_Scene.GetLocation] sid:0 --- thread.Animation
[18:41:05.864] [12528] [I] [SkyrimNet_SexLab_Scene.GetLocation] sid:0 --- return Loc
[18:41:05.864] [12528] [I] [SkyrimNet_SexLab_Scene.GetThreadObj] sid:0 --- return thread_obj
[18:41:05.864] [12528] [I] [SkyrimNet_SexLab_Scene_Manager.GetThreadsJson] {
  "_counter": "39",
  "_threads": [
    {
      "_active": 1,
      "_Actors": [
        {
          "_arousal": -1,
          "_assailant": 0,
          "_creature_description": "",
          "_dom_slave": 0,
          "_enjoyment": 0,
          "_formid": "20",
          "_has_penis": 0,
          "_has_pussy": 1,
          "_is_hermaphrodiate": 0,
          "_name": "Sofia",
          "_no_orgasm": 0,
          "_notice_level": "Nothing",
          "_speaking_modifiers": [
            "_pleasure_"
          ],
          "_total_orgasm": 0,
          "_uuid": "3944757940392895572",
          "_victim": 1,
          "_wearing_strapon": 0
        },
        {
          "_arousal": -1,
          "_assailant": 1,
          "_creature_description": "",
          "_dom_slave": 0,
          "_enjoyment": 0,
          "_formid": "1258294629",
          "_has_penis": 1,
          "_has_pussy": 0,
          "_is_hermaphrodiate": 0,
          "_name": "Grommok the Bruiser",
          "_no_orgasm": 0,
          "_notice_level": "Nothing",
          "_speaking_modifiers": [
            "_pleasure_"
          ],
          "_total_orgasm": 0,
          "_uuid": "2506715065195416185",
          "_victim": 0,
          "_wearing_strapon": 0
        }
      ],
      "_description": "Grommok the Bruiser has hands to both sides of Sofia, uses legs to pull Sofia's legs apart, pulls Sofia back by the throat, and allowing long deep fucks into Sofia's ass. Sofia lays face down with arms bound behind back and back painfully bent back.",
      "_location": "the floor ",
      "_names": [
        "Sofia",
        "Grommok the Bruiser"
      ],
      "_speaker_distance": 0.0,
      "_speaker_los": 1,
      "_speaker_name": "Grommok the Bruiser",
      "_status": "active",
      "_style": "normally",
      "_victims": [
        "Sofia"
      ]
    }
  ]
}
[18:41:05.934] [12528] [I] [skyrimnet_sexlab_decorators.Outfit_Options] Sofia has options:undresses
[18:41:05.956] [11964] [I] [skyrimnet_sexlab_decorators.Outfit_Options] delphine has options:undresses
[18:41:05.965] [12528] [I] [skyrimnet_sexlab_decorators.Outfit_Options] Orgnar has options:undresses
[18:41:05.974] [17664] [I] [skyrimnet_sexlab_decorators.Outfit_Options] Grommok the Bruiser has options:undresses
[18:41:05.985] [17664] [I] [skyrimnet_sexlab_decorators.Outfit_Options] Daegon has options:undresses
[18:41:05.997] [25776] [I] [SkyrimNet_SexLab_Scene_Manager.GetThread] Actor:Sofia
[18:41:05.997] [25776] [I] [SkyrimNet_SexLab_Scene.GetThread] sid:0 --- enter
[18:41:05.997] [25776] [I] [SkyrimNet_SexLab_Scene.GetThread] sid:0 --- return Thread
[18:41:06.016] [34276] [I] [SkyrimNet_SexLab_Scene_Manager.GetThread] Actor:delphine
[18:41:06.026] [12528] [I] [SkyrimNet_SexLab_Scene_Manager.GetThread] Actor:Orgnar
[18:41:06.037] [11964] [I] [SkyrimNet_SexLab_Scene_Manager.GetThread] Actor:Grommok the Bruiser
[18:41:06.037] [11964] [I] [SkyrimNet_SexLab_Scene.GetThread] sid:0 --- enter
[18:41:06.037] [11964] [I] [SkyrimNet_SexLab_Scene.GetThread] sid:0 --- return Thread
[18:41:06.058] [34276] [I] [SkyrimNet_SexLab_Scene_Manager.GetThread] Actor:Daegon
[18:41:06.069] [25776] [I] [SkyrimNet_SexLab_Scene_Manager.GetThread] Actor:Sofia
[18:41:06.069] [25776] [I] [SkyrimNet_SexLab_Scene.GetThread] sid:0 --- enter
[18:41:06.069] [25776] [I] [SkyrimNet_SexLab_Scene.GetThread] sid:0 --- return Thread
[18:41:06.069] [25776] [I] [SkyrimNet_SexLab_Scene.GetThread] sid:0 --- enter
[18:41:06.069] [25776] [I] [SkyrimNet_SexLab_Scene.GetThread] sid:0 --- return Thread
[18:41:06.069] [25776] [I] [SkyrimNet_SexLab_Scene.GetDescription] sid:0 --- enter
[18:41:06.070] [25776] [I] [skyrimnet_sexlab_stages.GetAnim_Info] loading: Data/SKSE/Plugins/SkyrimNet_SexLab/animations/GoodProvider/Leito Bound Anal Rear Entry.json
[18:41:06.071] [25776] [I] [skyrimnet_sexlab_stages.AddActorDescriptionActors] Version2.0 Actors:Sofia and Grommok the Bruiser desc:{{sl.actors.1}} has hands to both sides of {{sl.actors.0}}, uses legs to pull {{sl.actors.0}}'s legs apart, pulls {{sl.actors.0}} back by the throat, and allowing long deep fucks into {{sl.actors.0}}'s ass. {{sl.actors.0}} lays face down with arms bound behind back and back painfully bent back.
[18:41:06.072] [25776] [I] [skyrimnet_sexlab_stages.AddActorDescriptionActors] json: {"actors":["Sofia","Grommok the Bruiser"]} desc: {{sl.actors.1}} has hands to both sides of {{sl.actors.0}}, uses legs to pull {{sl.actors.0}}'s legs apart, pulls {{sl.actors.0}} back by the throat, and allowing long deep fucks into {{sl.actors.0}}'s ass. {{sl.actors.0}} lays face down with arms bound behind back and back painfully bent back. result: Grommok the Bruiser has hands to both sides of Sofia, uses legs to pull Sofia's legs apart, pulls Sofia back by the throat, and allowing long deep fucks into Sofia's ass. Sofia lays face down with arms bound behind back and back painfully bent back.
[18:41:06.078] [16432] [I] [SkyrimNet_SexLab_Scene_Manager.GetThread] Actor:delphine
[18:41:06.087] [25776] [I] [SkyrimNet_SexLab_Scene_Manager.GetThread] Actor:Orgnar
[18:41:06.096] [11964] [I] [SkyrimNet_SexLab_Scene_Manager.GetThread] Actor:Grommok the Bruiser
[18:41:06.096] [11964] [I] [SkyrimNet_SexLab_Scene.GetThread] sid:0 --- enter
[18:41:06.096] [11964] [I] [SkyrimNet_SexLab_Scene.GetThread] sid:0 --- return Thread
[18:41:06.096] [11964] [I] [SkyrimNet_SexLab_Scene.GetThread] sid:0 --- enter
[18:41:06.096] [11964] [I] [SkyrimNet_SexLab_Scene.GetThread] sid:0 --- return Thread
[18:41:06.096] [11964] [I] [SkyrimNet_SexLab_Scene.GetDescription] sid:0 --- enter
[18:41:06.097] [11964] [I] [skyrimnet_sexlab_stages.GetAnim_Info] loading: Data/SKSE/Plugins/SkyrimNet_SexLab/animations/GoodProvider/Leito Bound Anal Rear Entry.json
[18:41:06.098] [11964] [I] [skyrimnet_sexlab_stages.AddActorDescriptionActors] Version2.0 Actors:Sofia and Grommok the Bruiser desc:{{sl.actors.1}} has hands to both sides of {{sl.actors.0}}, uses legs to pull {{sl.actors.0}}'s legs apart, pulls {{sl.actors.0}} back by the throat, and allowing long deep fucks into {{sl.actors.0}}'s ass. {{sl.actors.0}} lays face down with arms bound behind back and back painfully bent back.
[18:41:06.099] [11964] [I] [skyrimnet_sexlab_stages.AddActorDescriptionActors] json: {"actors":["Sofia","Grommok the Bruiser"]} desc: {{sl.actors.1}} has hands to both sides of {{sl.actors.0}}, uses legs to pull {{sl.actors.0}}'s legs apart, pulls {{sl.actors.0}} back by the throat, and allowing long deep fucks into {{sl.actors.0}}'s ass. {{sl.actors.0}} lays face down with arms bound behind back and back painfully bent back. result: Grommok the Bruiser has hands to both sides of Sofia, uses legs to pull Sofia's legs apart, pulls Sofia back by the throat, and allowing long deep fucks into Sofia's ass. Sofia lays face down with arms bound behind back and back painfully bent back.
[18:41:06.117] [12528] [I] [SkyrimNet_SexLab_Scene_Manager.GetThread] Actor:Daegon
[18:41:27.511] [11964] [I] [SkyrimNet_SexLab_Scene.GetThread] sid:0 --- enter
[18:41:27.511] [11964] [I] [SkyrimNet_SexLab_Scene.GetThread] sid:0 --- return Thread
[18:41:27.512] [11964] [I] [SkyrimNet_SexLab_Scene.AnimationEnd] sid:0 --- enter speaker:None style:normally
[18:41:27.512] [11964] [I] [SkyrimNet_SexLab_Scene.AlignActors] sid:0 --- enter
[18:41:27.512] [11964] [I] [SkyrimNet_SexLab_Scene.AlignActors] sid:0 --- thread.positions.length
[18:41:27.512] [11964] [I] [SkyrimNet_SexLab_Scene.EnsureActorArraysLargeEnough] sid:0 --- enter size:2
[18:41:27.512] [11964] [I] [SkyrimNet_SexLab_Scene.EnsureActorArraysLargeEnough] sid:0 --- return Void
[18:41:27.512] [11964] [I] [SkyrimNet_SexLab_Scene.UpdateActor] sid:0 --- enter i:0 akActor:Sofia
[18:41:27.512] [11964] [I] [SkyrimNet_SexLab_Scene.GetObjFromActor] sid:0 --- enter akActor:Sofia
[18:41:27.512] [11964] [I] [SkyrimNet_SexLab_Scene.GetObjFromActor] sid:0 --- return StorageUtil.GetIntValue(akActor, storage_obj_key, 0)
[18:41:27.512] [11964] [I] [SkyrimNet_SexLab_Scene.UpdateActor] sid:0 --- return Changed
[18:41:27.512] [11964] [I] [SkyrimNet_SexLab_Scene.UpdateActor] sid:0 --- enter i:1 akActor:Grommok the Bruiser
[18:41:27.512] [11964] [I] [SkyrimNet_SexLab_Scene.GetObjFromActor] sid:0 --- enter akActor:Grommok the Bruiser
[18:41:27.512] [11964] [I] [SkyrimNet_SexLab_Scene.GetObjFromActor] sid:0 --- return StorageUtil.GetIntValue(akActor, storage_obj_key, 0)
[18:41:27.512] [11964] [I] [SkyrimNet_SexLab_Scene.UpdateActor] sid:0 --- return Changed
[18:41:27.512] [11964] [I] [SkyrimNet_SexLab_Scene.ReconcileVictimFactions] sid:0 --- enter
[18:41:27.512] [11964] [I] [SkyrimNet_SexLab_Scene.ReconcileVictimFactions] sid:0 --- thread.IsVictim Sofia
[18:41:27.512] [11964] [I] [SkyrimNet_SexLab_Scene.ReconcileVictimFactions] sid:0 --- thread.IsVictim Grommok the Bruiser
[18:41:27.512] [11964] [I] [SkyrimNet_SexLab_Scene.ReconcileVictimFactions] sid:0 --- end
[18:41:27.512] [11964] [I] [SkyrimNet_SexLab_Scene.AlignActors] sid:0 --- end
[18:41:27.513] [11964] [I] [SkyrimNet_SexLab_Scene_Manager.GetThreadsJson] {
  "_counter": "40",
  "_threads": []
}
[18:41:27.513] [11964] [I] [SkyrimNet_SexLab_Scene.AnimationEnd] sid:0 thread id:0 status:Frozen
[18:41:27.513] [11964] [I] [SkyrimNet_SexLab_Scene.AnimationEnd] sid:0 --- thread.GetState()=Frozen
[18:41:27.513] [11964] [I] [SkyrimNet_SexLab_Scene.AnimationEnd] sid:0 --- SexLab as sslSystemConfig
[18:41:27.513] [11964] [I] [skyrimnet_sexlab_stages.GetOrgasmExpected] thread: 0 Leito Bound Anal Rear Entry
[18:41:27.514] [11964] [I] [skyrimnet_sexlab_stages.GetAnim_Info] loading: Data/SKSE/Plugins/SkyrimNet_SexLab/animations/GoodProvider/Leito Bound Anal Rear Entry.json
[18:41:27.514] [11964] [I] [skyrimnet_sexlab_stages.GetOrgasmExpected] tags:["MF", "Laying", "DomSub", "Binding", "AggressiveDefault", "Aggressive", "Anal", "Dirty", "Straight", "sex", "Leito", "FM", ""]
[18:41:27.516] [25776] [I] [skyrimnet_sexlab_stages.GetOrgasmExpected]     orgasm_expected: [1, 1]
[18:41:27.516] [25776] [I] [SkyrimNet_SexLab_Scene.GetIntentMessage] sid:0 --- enter intent_stage:2
[18:41:27.516] [25776] [I] [SkyrimNet_SexLab_Scene.GetIntentMessage] sid:0 --- return with victims
[18:41:27.516] [25776] [I] [SkyrimNet_SexLab_Scene.AnimationEnd] sid:0 --- Sofia total_orgasms:0
[18:41:27.516] [25776] [I] [SkyrimNet_SexLab_Scene.AnimationEnd] sid:0 --- Grommok the Bruiser total_orgasms:0
[18:41:27.516] [25776] [I] [SkyrimNet_SexLab_Scene.AnimationEnd] sid:0 --- end_message:Grommok the Bruiser Finish sexual assault Sofia. Grommok the Bruiser failed to orgasm. Sofia failed to orgasm. 
[18:41:27.536] [17664] [I] [skyrimnet_sexlab_utilities.RegisterEvent] event_name:sexlab update msg:Grommok the Bruiser Finish sexual assault Sofia. Grommok the Bruiser failed to orgasm. Sofia failed to orgasm.  source:Grommok the Bruiser target:Sofia
[18:41:27.536] [17664] [I] [SkyrimNet_SexLab_Scene.release] sid:0 --- enter
[18:41:27.561] [16432] [I] [SkyrimNet_SexLab_Scene.release] sid:0 --- end
[18:41:27.561] [16432] [I] [SkyrimNet_SexLab_Scene.AnimationEnd] sid:0 --- end
[18:41:39.682] [11964] [I] [InitWebUI::<lambda_1>::] Escape key pressed.
[18:41:45.614] [34276] [I] [InitWebUI::<lambda_1>::] Escape key pressed.
[18:42:23.524] [20304] [I] [InitWebUI::<lambda_1>::] Escape key pressed.
[18:42:24.183] [25776] [I] [InitWebUI::<lambda_1>::] Escape key pressed.
[18:42:31.059] [16432] [I] [InitWebUI::<lambda_1>::] Escape key pressed.
